<?xml version="1.0" encoding="UTF-8"?>
<kml xmlns="http://www.opengis.net/kml/2.2">
  <Document>
    <name>Mersin Elektrikli Şarj İstasyonları</name>
    <description/>
    <Style id="icon-1899-0288D1-normal">
      <IconStyle>
        <color>ffd18802</color>
        <scale>1</scale>
        <Icon>
          <href>https://www.gstatic.com/mapspro/images/stock/503-wht-blank_maps.png</href>
        </Icon>
        <hotSpot x="32" xunits="pixels" y="64" yunits="insetPixels"/>
      </IconStyle>
      <LabelStyle>
        <scale>0</scale>
      </LabelStyle>
    </Style>
    <Style id="icon-1899-0288D1-highlight">
      <IconStyle>
        <color>ffd18802</color>
        <scale>1</scale>
        <Icon>
          <href>https://www.gstatic.com/mapspro/images/stock/503-wht-blank_maps.png</href>
        </Icon>
        <hotSpot x="32" xunits="pixels" y="64" yunits="insetPixels"/>
      </IconStyle>
      <LabelStyle>
        <scale>1</scale>
      </LabelStyle>
    </Style>
    <StyleMap id="icon-1899-0288D1">
      <Pair>
        <key>normal</key>
        <styleUrl>#icon-1899-0288D1-normal</styleUrl>
      </Pair>
      <Pair>
        <key>highlight</key>
        <styleUrl>#icon-1899-0288D1-highlight</styleUrl>
      </Pair>
    </StyleMap>
    <Folder>
      <name>google_mymaps_mersin_sarj_istasyonlari.csv</name>
      <Placemark>
        <name>Mersin Migros</name>
        <address>Hürriyet Mahallesi İsmet İnönü Caddesi No:300 Yenişehir / MERSİN, Mersin, Türkiye</address>
        <description><![CDATA[Konum: Hürriyet Mahallesi İsmet İnönü Caddesi No:300 Yenişehir / MERSİN, Mersin, Türkiye<br>İlçe: Yenişehir<br>Marka: zes<br>Şarj Tipi: DC<br>AC Soket: 0<br>DC Soket: 2<br>Soket Özeti: 2 × CCS<br>Maksimum Güç (kW): 600<br>Şarj Ağı İşletmecisi: ZES DİJİTAL TİCARET ANONİM ŞİRKETİ<br>İstasyon No: ŞRJ/2188<br>Adres: Hürriyet Mahallesi İsmet İnönü Caddesi No:300 Yenişehir / MERSİN<br>Açıklama: Marka: zes<br>İlçe: Yenişehir<br>Şarj tipi: DC<br>Soketler: 2 × CCS<br>Maksimum güç: 60.0 kW<br>Şarj ağı işletmecisi: ZES DİJİTAL TİCARET ANONİM ŞİRKETİ<br>İstasyon no: ŞRJ/2188]]></description>
        <styleUrl>#icon-1899-0288D1</styleUrl>
        <ExtendedData>
          <Data name="Konum">
            <value>Hürriyet Mahallesi İsmet İnönü Caddesi No:300 Yenişehir / MERSİN, Mersin, Türkiye</value>
          </Data>
          <Data name="İlçe">
            <value>Yenişehir</value>
          </Data>
          <Data name="Marka">
            <value>zes</value>
          </Data>
          <Data name="Şarj Tipi">
            <value>DC</value>
          </Data>
          <Data name="AC Soket">
            <value>0.0</value>
          </Data>
          <Data name="DC Soket">
            <value>2.0</value>
          </Data>
          <Data name="Soket Özeti">
            <value>2 × CCS</value>
          </Data>
          <Data name="Maksimum Güç (kW)">
            <value>600.0</value>
          </Data>
          <Data name="Şarj Ağı İşletmecisi">
            <value>ZES DİJİTAL TİCARET ANONİM ŞİRKETİ</value>
          </Data>
          <Data name="İstasyon No">
            <value>ŞRJ/2188</value>
          </Data>
          <Data name="Adres">
            <value>Hürriyet Mahallesi İsmet İnönü Caddesi No:300 Yenişehir / MERSİN</value>
          </Data>
          <Data name="Açıklama">
            <value>Marka: zes
İlçe: Yenişehir
Şarj tipi: DC
Soketler: 2 × CCS
Maksimum güç: 60.0 kW
Şarj ağı işletmecisi: ZES DİJİTAL TİCARET ANONİM ŞİRKETİ
İstasyon no: ŞRJ/2188</value>
          </Data>
        </ExtendedData>
      </Placemark>
      <Placemark>
        <name>MIGROS YENİŞEHİR MERSİN MM</name>
        <address>Hürriyet Mah Mahallesi No:300 Yenişehir / MERSİN, Mersin, Türkiye</address>
        <description><![CDATA[Konum: Hürriyet Mah Mahallesi No:300 Yenişehir / MERSİN, Mersin, Türkiye<br>İlçe: Yenişehir<br>Marka: MİGGO<br>Şarj Tipi: AC<br>AC Soket: 1<br>DC Soket: 0<br>Soket Özeti: 1 × Type 2<br>Maksimum Güç (kW): 220<br>Şarj Ağı İşletmecisi: MİGEN ENERJİ VE ELEKTRİKLİ ARAÇ ŞARJ HİZMETLERİ ANONİM ŞİRKETİ<br>İstasyon No: ŞRJ/3455<br>Adres: Hürriyet Mah Mahallesi No:300 Yenişehir / MERSİN<br>Açıklama: Marka: MİGGO<br>İlçe: Yenişehir<br>Şarj tipi: AC<br>Soketler: 1 × Type 2<br>Maksimum güç: 22.0 kW<br>Şarj ağı işletmecisi: MİGEN ENERJİ VE ELEKTRİKLİ ARAÇ ŞARJ HİZMETLERİ ANONİM ŞİRKETİ<br>İstasyon no: ŞRJ/3455]]></description>
        <styleUrl>#icon-1899-0288D1</styleUrl>
        <ExtendedData>
          <Data name="Konum">
            <value>Hürriyet Mah Mahallesi No:300 Yenişehir / MERSİN, Mersin, Türkiye</value>
          </Data>
          <Data name="İlçe">
            <value>Yenişehir</value>
          </Data>
          <Data name="Marka">
            <value>MİGGO</value>
          </Data>
          <Data name="Şarj Tipi">
            <value>AC</value>
          </Data>
          <Data name="AC Soket">
            <value>1.0</value>
          </Data>
          <Data name="DC Soket">
            <value>0.0</value>
          </Data>
          <Data name="Soket Özeti">
            <value>1 × Type 2</value>
          </Data>
          <Data name="Maksimum Güç (kW)">
            <value>220.0</value>
          </Data>
          <Data name="Şarj Ağı İşletmecisi">
            <value>MİGEN ENERJİ VE ELEKTRİKLİ ARAÇ ŞARJ HİZMETLERİ ANONİM ŞİRKETİ</value>
          </Data>
          <Data name="İstasyon No">
            <value>ŞRJ/3455</value>
          </Data>
          <Data name="Adres">
            <value>Hürriyet Mah Mahallesi No:300 Yenişehir / MERSİN</value>
          </Data>
          <Data name="Açıklama">
            <value>Marka: MİGGO
İlçe: Yenişehir
Şarj tipi: AC
Soketler: 1 × Type 2
Maksimum güç: 22.0 kW
Şarj ağı işletmecisi: MİGEN ENERJİ VE ELEKTRİKLİ ARAÇ ŞARJ HİZMETLERİ ANONİM ŞİRKETİ
İstasyon no: ŞRJ/3455</value>
          </Data>
        </ExtendedData>
      </Placemark>
      <Placemark>
        <name>TÜVTÜRK Araç Muayene İstasyonu-Silifke/MERSİN</name>
        <address>Yeni Mahallesi Malazgirt Sokağı No:180 Merkez Silifke / MERSİN, Mersin, Türkiye</address>
        <description><![CDATA[Konum: Yeni Mahallesi Malazgirt Sokağı No:180 Merkez Silifke / MERSİN, Mersin, Türkiye<br>İlçe: Silifke<br>Marka: TÜVTURK<br>Şarj Tipi: AC<br>AC Soket: 1<br>DC Soket: 0<br>Soket Özeti: 1 × Type 2<br>Maksimum Güç (kW): 220<br>Şarj Ağı İşletmecisi: TÜVTURK KUZEY TAŞIT MUAYENE İSTASYONLARI YAPIM VE İŞLETİM ANONİM ŞİRKETİ<br>İstasyon No: ŞRJ/5620<br>Adres: Yeni Mahallesi Malazgirt Sokağı No:180 Merkez Silifke / MERSİN<br>Açıklama: Marka: TÜVTURK<br>İlçe: Silifke<br>Şarj tipi: AC<br>Soketler: 1 × Type 2<br>Maksimum güç: 22.0 kW<br>Şarj ağı işletmecisi: TÜVTURK KUZEY TAŞIT MUAYENE İSTASYONLARI YAPIM VE İŞLETİM ANONİM ŞİRKETİ<br>İstasyon no: ŞRJ/5620]]></description>
        <styleUrl>#icon-1899-0288D1</styleUrl>
        <ExtendedData>
          <Data name="Konum">
            <value>Yeni Mahallesi Malazgirt Sokağı No:180 Merkez Silifke / MERSİN, Mersin, Türkiye</value>
          </Data>
          <Data name="İlçe">
            <value>Silifke</value>
          </Data>
          <Data name="Marka">
            <value>TÜVTURK</value>
          </Data>
          <Data name="Şarj Tipi">
            <value>AC</value>
          </Data>
          <Data name="AC Soket">
            <value>1.0</value>
          </Data>
          <Data name="DC Soket">
            <value>0.0</value>
          </Data>
          <Data name="Soket Özeti">
            <value>1 × Type 2</value>
          </Data>
          <Data name="Maksimum Güç (kW)">
            <value>220.0</value>
          </Data>
          <Data name="Şarj Ağı İşletmecisi">
            <value>TÜVTURK KUZEY TAŞIT MUAYENE İSTASYONLARI YAPIM VE İŞLETİM ANONİM ŞİRKETİ</value>
          </Data>
          <Data name="İstasyon No">
            <value>ŞRJ/5620</value>
          </Data>
          <Data name="Adres">
            <value>Yeni Mahallesi Malazgirt Sokağı No:180 Merkez Silifke / MERSİN</value>
          </Data>
          <Data name="Açıklama">
            <value>Marka: TÜVTURK
İlçe: Silifke
Şarj tipi: AC
Soketler: 1 × Type 2
Maksimum güç: 22.0 kW
Şarj ağı işletmecisi: TÜVTURK KUZEY TAŞIT MUAYENE İSTASYONLARI YAPIM VE İŞLETİM ANONİM ŞİRKETİ
İstasyon no: ŞRJ/5620</value>
          </Data>
        </ExtendedData>
      </Placemark>
      <Placemark>
        <name>Ebrişim Market</name>
        <address>Tekmen Mahallesi İstiklal Caddesi No:114 Bozyazı / MERSİN, Mersin, Türkiye</address>
        <description><![CDATA[Konum: Tekmen Mahallesi İstiklal Caddesi No:114 Bozyazı / MERSİN, Mersin, Türkiye<br>İlçe: Bozyazı<br>Marka: tunçmatik<br>Şarj Tipi: AC<br>AC Soket: 1<br>DC Soket: 0<br>Soket Özeti: 1 × Type 2<br>Maksimum Güç (kW): 220<br>Şarj Ağı İşletmecisi: TUNÇMATİK ŞARJ TEKNOLOJİLERİ ANONİM ŞİRKETİ<br>İstasyon No: ŞRJ/3666<br>Adres: Tekmen Mahallesi İstiklal Caddesi No:114 Bozyazı / MERSİN<br>Açıklama: Marka: tunçmatik<br>İlçe: Bozyazı<br>Şarj tipi: AC<br>Soketler: 1 × Type 2<br>Maksimum güç: 22.0 kW<br>Şarj ağı işletmecisi: TUNÇMATİK ŞARJ TEKNOLOJİLERİ ANONİM ŞİRKETİ<br>İstasyon no: ŞRJ/3666]]></description>
        <styleUrl>#icon-1899-0288D1</styleUrl>
        <ExtendedData>
          <Data name="Konum">
            <value>Tekmen Mahallesi İstiklal Caddesi No:114 Bozyazı / MERSİN, Mersin, Türkiye</value>
          </Data>
          <Data name="İlçe">
            <value>Bozyazı</value>
          </Data>
          <Data name="Marka">
            <value>tunçmatik</value>
          </Data>
          <Data name="Şarj Tipi">
            <value>AC</value>
          </Data>
          <Data name="AC Soket">
            <value>1.0</value>
          </Data>
          <Data name="DC Soket">
            <value>0.0</value>
          </Data>
          <Data name="Soket Özeti">
            <value>1 × Type 2</value>
          </Data>
          <Data name="Maksimum Güç (kW)">
            <value>220.0</value>
          </Data>
          <Data name="Şarj Ağı İşletmecisi">
            <value>TUNÇMATİK ŞARJ TEKNOLOJİLERİ ANONİM ŞİRKETİ</value>
          </Data>
          <Data name="İstasyon No">
            <value>ŞRJ/3666</value>
          </Data>
          <Data name="Adres">
            <value>Tekmen Mahallesi İstiklal Caddesi No:114 Bozyazı / MERSİN</value>
          </Data>
          <Data name="Açıklama">
            <value>Marka: tunçmatik
İlçe: Bozyazı
Şarj tipi: AC
Soketler: 1 × Type 2
Maksimum güç: 22.0 kW
Şarj ağı işletmecisi: TUNÇMATİK ŞARJ TEKNOLOJİLERİ ANONİM ŞİRKETİ
İstasyon no: ŞRJ/3666</value>
          </Data>
        </ExtendedData>
      </Placemark>
      <Placemark>
        <name>ASTORŞARJ SAYAPARK AVM ELEKTRİKLİ ARAÇ ŞARJ İSTASYONU</name>
        <address>Akkent Mahallesi Hüseyin Okan Merzeci Sokağı No:759 Yenişehir / MERSİN, Mersin, Türkiye</address>
        <description><![CDATA[Konum: Akkent Mahallesi Hüseyin Okan Merzeci Sokağı No:759 Yenişehir / MERSİN, Mersin, Türkiye<br>İlçe: Yenişehir<br>Marka: ASTOR<br>Şarj Tipi: DC<br>AC Soket: 0<br>DC Soket: 2<br>Soket Özeti: 2 × CCS<br>Maksimum Güç (kW): 1800<br>Şarj Ağı İşletmecisi: ASTOR ENERJİ ANONİM ŞİRKETİ<br>İstasyon No: ŞRJ/4642<br>Adres: Akkent Mahallesi Hüseyin Okan Merzeci Sokağı No:759 Yenişehir / MERSİN<br>Açıklama: Marka: ASTOR<br>İlçe: Yenişehir<br>Şarj tipi: DC<br>Soketler: 2 × CCS<br>Maksimum güç: 180.0 kW<br>Şarj ağı işletmecisi: ASTOR ENERJİ ANONİM ŞİRKETİ<br>İstasyon no: ŞRJ/4642]]></description>
        <styleUrl>#icon-1899-0288D1</styleUrl>
        <ExtendedData>
          <Data name="Konum">
            <value>Akkent Mahallesi Hüseyin Okan Merzeci Sokağı No:759 Yenişehir / MERSİN, Mersin, Türkiye</value>
          </Data>
          <Data name="İlçe">
            <value>Yenişehir</value>
          </Data>
          <Data name="Marka">
            <value>ASTOR</value>
          </Data>
          <Data name="Şarj Tipi">
            <value>DC</value>
          </Data>
          <Data name="AC Soket">
            <value>0.0</value>
          </Data>
          <Data name="DC Soket">
            <value>2.0</value>
          </Data>
          <Data name="Soket Özeti">
            <value>2 × CCS</value>
          </Data>
          <Data name="Maksimum Güç (kW)">
            <value>1800.0</value>
          </Data>
          <Data name="Şarj Ağı İşletmecisi">
            <value>ASTOR ENERJİ ANONİM ŞİRKETİ</value>
          </Data>
          <Data name="İstasyon No">
            <value>ŞRJ/4642</value>
          </Data>
          <Data name="Adres">
            <value>Akkent Mahallesi Hüseyin Okan Merzeci Sokağı No:759 Yenişehir / MERSİN</value>
          </Data>
          <Data name="Açıklama">
            <value>Marka: ASTOR
İlçe: Yenişehir
Şarj tipi: DC
Soketler: 2 × CCS
Maksimum güç: 180.0 kW
Şarj ağı işletmecisi: ASTOR ENERJİ ANONİM ŞİRKETİ
İstasyon no: ŞRJ/4642</value>
          </Data>
        </ExtendedData>
      </Placemark>
      <Placemark>
        <name>ASTORŞARJ PALMCİTY AVM ELEKTRİKLİ ARAÇ ŞARJ İSTASYONU</name>
        <address>Limonluk Mahallesi Palm City Avm Sokağı Yenişehir / MERSİN, Mersin, Türkiye</address>
        <description><![CDATA[Konum: Limonluk Mahallesi Palm City Avm Sokağı Yenişehir / MERSİN, Mersin, Türkiye<br>İlçe: Yenişehir<br>Marka: ASTOR<br>Şarj Tipi: DC<br>AC Soket: 0<br>DC Soket: 2<br>Soket Özeti: 2 × CCS<br>Maksimum Güç (kW): 1800<br>Şarj Ağı İşletmecisi: ASTOR ENERJİ ANONİM ŞİRKETİ<br>İstasyon No: ŞRJ/4643<br>Adres: Limonluk Mahallesi Palm City Avm Sokağı Yenişehir / MERSİN<br>Açıklama: Marka: ASTOR<br>İlçe: Yenişehir<br>Şarj tipi: DC<br>Soketler: 2 × CCS<br>Maksimum güç: 180.0 kW<br>Şarj ağı işletmecisi: ASTOR ENERJİ ANONİM ŞİRKETİ<br>İstasyon no: ŞRJ/4643]]></description>
        <styleUrl>#icon-1899-0288D1</styleUrl>
        <ExtendedData>
          <Data name="Konum">
            <value>Limonluk Mahallesi Palm City Avm Sokağı Yenişehir / MERSİN, Mersin, Türkiye</value>
          </Data>
          <Data name="İlçe">
            <value>Yenişehir</value>
          </Data>
          <Data name="Marka">
            <value>ASTOR</value>
          </Data>
          <Data name="Şarj Tipi">
            <value>DC</value>
          </Data>
          <Data name="AC Soket">
            <value>0.0</value>
          </Data>
          <Data name="DC Soket">
            <value>2.0</value>
          </Data>
          <Data name="Soket Özeti">
            <value>2 × CCS</value>
          </Data>
          <Data name="Maksimum Güç (kW)">
            <value>1800.0</value>
          </Data>
          <Data name="Şarj Ağı İşletmecisi">
            <value>ASTOR ENERJİ ANONİM ŞİRKETİ</value>
          </Data>
          <Data name="İstasyon No">
            <value>ŞRJ/4643</value>
          </Data>
          <Data name="Adres">
            <value>Limonluk Mahallesi Palm City Avm Sokağı Yenişehir / MERSİN</value>
          </Data>
          <Data name="Açıklama">
            <value>Marka: ASTOR
İlçe: Yenişehir
Şarj tipi: DC
Soketler: 2 × CCS
Maksimum güç: 180.0 kW
Şarj ağı işletmecisi: ASTOR ENERJİ ANONİM ŞİRKETİ
İstasyon no: ŞRJ/4643</value>
          </Data>
        </ExtendedData>
      </Placemark>
      <Placemark>
        <name>Mersin Marina</name>
        <address>Eğriçam Mahallesi No:33A6 Yenişehir / MERSİN, Mersin, Türkiye</address>
        <description><![CDATA[Konum: Eğriçam Mahallesi No:33A6 Yenişehir / MERSİN, Mersin, Türkiye<br>İlçe: Yenişehir<br>Marka: eşarj<br>Şarj Tipi: AC + DC<br>AC Soket: 2<br>DC Soket: 2<br>Soket Özeti: 2 × CCS, 2 × Type 2<br>Maksimum Güç (kW): 1200<br>Şarj Ağı İşletmecisi: EŞARJ ELEKTRİKLİ ARAÇLAR ŞARJ SİSTEMLERİ ANONİM ŞİRKETİ<br>İstasyon No: ŞRJ/435<br>Adres: Eğriçam Mahallesi No:33A6 Yenişehir / MERSİN<br>Açıklama: Marka: eşarj<br>İlçe: Yenişehir<br>Şarj tipi: AC + DC<br>Soketler: 2 × CCS, 2 × Type 2<br>Maksimum güç: 120.0 kW<br>Şarj ağı işletmecisi: EŞARJ ELEKTRİKLİ ARAÇLAR ŞARJ SİSTEMLERİ ANONİM ŞİRKETİ<br>İstasyon no: ŞRJ/435]]></description>
        <styleUrl>#icon-1899-0288D1</styleUrl>
        <ExtendedData>
          <Data name="Konum">
            <value>Eğriçam Mahallesi No:33A6 Yenişehir / MERSİN, Mersin, Türkiye</value>
          </Data>
          <Data name="İlçe">
            <value>Yenişehir</value>
          </Data>
          <Data name="Marka">
            <value>eşarj</value>
          </Data>
          <Data name="Şarj Tipi">
            <value>AC + DC</value>
          </Data>
          <Data name="AC Soket">
            <value>2.0</value>
          </Data>
          <Data name="DC Soket">
            <value>2.0</value>
          </Data>
          <Data name="Soket Özeti">
            <value>2 × CCS, 2 × Type 2</value>
          </Data>
          <Data name="Maksimum Güç (kW)">
            <value>1200.0</value>
          </Data>
          <Data name="Şarj Ağı İşletmecisi">
            <value>EŞARJ ELEKTRİKLİ ARAÇLAR ŞARJ SİSTEMLERİ ANONİM ŞİRKETİ</value>
          </Data>
          <Data name="İstasyon No">
            <value>ŞRJ/435</value>
          </Data>
          <Data name="Adres">
            <value>Eğriçam Mahallesi No:33A6 Yenişehir / MERSİN</value>
          </Data>
          <Data name="Açıklama">
            <value>Marka: eşarj
İlçe: Yenişehir
Şarj tipi: AC + DC
Soketler: 2 × CCS, 2 × Type 2
Maksimum güç: 120.0 kW
Şarj ağı işletmecisi: EŞARJ ELEKTRİKLİ ARAÇLAR ŞARJ SİSTEMLERİ ANONİM ŞİRKETİ
İstasyon no: ŞRJ/435</value>
          </Data>
        </ExtendedData>
      </Placemark>
      <Placemark>
        <name>Hilton, Mersin</name>
        <address>Palmiye Mahallesi 1225 Sokağı No:1 Yenişehir / MERSİN, Mersin, Türkiye</address>
        <description><![CDATA[Konum: Palmiye Mahallesi 1225 Sokağı No:1 Yenişehir / MERSİN, Mersin, Türkiye<br>İlçe: Yenişehir<br>Marka: eşarj<br>Şarj Tipi: AC + DC<br>AC Soket: 1<br>DC Soket: 2<br>Soket Özeti: 2 × CCS, 1 × Type 2<br>Maksimum Güç (kW): 1200<br>Şarj Ağı İşletmecisi: EŞARJ ELEKTRİKLİ ARAÇLAR ŞARJ SİSTEMLERİ ANONİM ŞİRKETİ<br>İstasyon No: ŞRJ/496<br>Adres: Palmiye Mahallesi 1225 Sokağı No:1 Yenişehir / MERSİN<br>Açıklama: Marka: eşarj<br>İlçe: Yenişehir<br>Şarj tipi: AC + DC<br>Soketler: 2 × CCS, 1 × Type 2<br>Maksimum güç: 120.0 kW<br>Şarj ağı işletmecisi: EŞARJ ELEKTRİKLİ ARAÇLAR ŞARJ SİSTEMLERİ ANONİM ŞİRKETİ<br>İstasyon no: ŞRJ/496]]></description>
        <styleUrl>#icon-1899-0288D1</styleUrl>
        <ExtendedData>
          <Data name="Konum">
            <value>Palmiye Mahallesi 1225 Sokağı No:1 Yenişehir / MERSİN, Mersin, Türkiye</value>
          </Data>
          <Data name="İlçe">
            <value>Yenişehir</value>
          </Data>
          <Data name="Marka">
            <value>eşarj</value>
          </Data>
          <Data name="Şarj Tipi">
            <value>AC + DC</value>
          </Data>
          <Data name="AC Soket">
            <value>1.0</value>
          </Data>
          <Data name="DC Soket">
            <value>2.0</value>
          </Data>
          <Data name="Soket Özeti">
            <value>2 × CCS, 1 × Type 2</value>
          </Data>
          <Data name="Maksimum Güç (kW)">
            <value>1200.0</value>
          </Data>
          <Data name="Şarj Ağı İşletmecisi">
            <value>EŞARJ ELEKTRİKLİ ARAÇLAR ŞARJ SİSTEMLERİ ANONİM ŞİRKETİ</value>
          </Data>
          <Data name="İstasyon No">
            <value>ŞRJ/496</value>
          </Data>
          <Data name="Adres">
            <value>Palmiye Mahallesi 1225 Sokağı No:1 Yenişehir / MERSİN</value>
          </Data>
          <Data name="Açıklama">
            <value>Marka: eşarj
İlçe: Yenişehir
Şarj tipi: AC + DC
Soketler: 2 × CCS, 1 × Type 2
Maksimum güç: 120.0 kW
Şarj ağı işletmecisi: EŞARJ ELEKTRİKLİ ARAÇLAR ŞARJ SİSTEMLERİ ANONİM ŞİRKETİ
İstasyon no: ŞRJ/496</value>
          </Data>
        </ExtendedData>
      </Placemark>
      <Placemark>
        <name>Otopratik, Mersin</name>
        <address>Merkez Mahallesi 52087 Sokağı No:24 Mezitli / MERSİN, Mersin, Türkiye</address>
        <description><![CDATA[Konum: Merkez Mahallesi 52087 Sokağı No:24 Mezitli / MERSİN, Mersin, Türkiye<br>İlçe: Mezitli<br>Marka: eşarj<br>Şarj Tipi: AC + DC<br>AC Soket: 1<br>DC Soket: 2<br>Soket Özeti: 1 × CCS, 1 × Type 2, 1 × CHAdeMO<br>Maksimum Güç (kW): 500<br>Şarj Ağı İşletmecisi: EŞARJ ELEKTRİKLİ ARAÇLAR ŞARJ SİSTEMLERİ ANONİM ŞİRKETİ<br>İstasyon No: ŞRJ/497<br>Adres: Merkez Mahallesi 52087 Sokağı No:24 Mezitli / MERSİN<br>Açıklama: Marka: eşarj<br>İlçe: Mezitli<br>Şarj tipi: AC + DC<br>Soketler: 1 × CCS, 1 × Type 2, 1 × CHAdeMO<br>Maksimum güç: 50.0 kW<br>Şarj ağı işletmecisi: EŞARJ ELEKTRİKLİ ARAÇLAR ŞARJ SİSTEMLERİ ANONİM ŞİRKETİ<br>İstasyon no: ŞRJ/497]]></description>
        <styleUrl>#icon-1899-0288D1</styleUrl>
        <ExtendedData>
          <Data name="Konum">
            <value>Merkez Mahallesi 52087 Sokağı No:24 Mezitli / MERSİN, Mersin, Türkiye</value>
          </Data>
          <Data name="İlçe">
            <value>Mezitli</value>
          </Data>
          <Data name="Marka">
            <value>eşarj</value>
          </Data>
          <Data name="Şarj Tipi">
            <value>AC + DC</value>
          </Data>
          <Data name="AC Soket">
            <value>1.0</value>
          </Data>
          <Data name="DC Soket">
            <value>2.0</value>
          </Data>
          <Data name="Soket Özeti">
            <value>1 × CCS, 1 × Type 2, 1 × CHAdeMO</value>
          </Data>
          <Data name="Maksimum Güç (kW)">
            <value>500.0</value>
          </Data>
          <Data name="Şarj Ağı İşletmecisi">
            <value>EŞARJ ELEKTRİKLİ ARAÇLAR ŞARJ SİSTEMLERİ ANONİM ŞİRKETİ</value>
          </Data>
          <Data name="İstasyon No">
            <value>ŞRJ/497</value>
          </Data>
          <Data name="Adres">
            <value>Merkez Mahallesi 52087 Sokağı No:24 Mezitli / MERSİN</value>
          </Data>
          <Data name="Açıklama">
            <value>Marka: eşarj
İlçe: Mezitli
Şarj tipi: AC + DC
Soketler: 1 × CCS, 1 × Type 2, 1 × CHAdeMO
Maksimum güç: 50.0 kW
Şarj ağı işletmecisi: EŞARJ ELEKTRİKLİ ARAÇLAR ŞARJ SİSTEMLERİ ANONİM ŞİRKETİ
İstasyon no: ŞRJ/497</value>
          </Data>
        </ExtendedData>
      </Placemark>
      <Placemark>
        <name>Koluman Tarsus, Mersin</name>
        <address>Akdeniz Mahallesi Mersin Tarsus Karayolu Üzeri Caddesi No:2 Bağcılar Akdeniz / MERSİN, Mersin, Türkiye</address>
        <description><![CDATA[Konum: Akdeniz Mahallesi Mersin Tarsus Karayolu Üzeri Caddesi No:2 Bağcılar Akdeniz / MERSİN, Mersin, Türkiye<br>İlçe: Akdeniz<br>Marka: eşarj<br>Şarj Tipi: DC<br>AC Soket: 0<br>DC Soket: 2<br>Soket Özeti: 2 × CCS<br>Maksimum Güç (kW): 1200<br>Şarj Ağı İşletmecisi: EŞARJ ELEKTRİKLİ ARAÇLAR ŞARJ SİSTEMLERİ ANONİM ŞİRKETİ<br>İstasyon No: ŞRJ/2514<br>Adres: Akdeniz Mahallesi Mersin Tarsus Karayolu Üzeri Caddesi No:2 Bağcılar Akdeniz / MERSİN<br>Açıklama: Marka: eşarj<br>İlçe: Akdeniz<br>Şarj tipi: DC<br>Soketler: 2 × CCS<br>Maksimum güç: 120.0 kW<br>Şarj ağı işletmecisi: EŞARJ ELEKTRİKLİ ARAÇLAR ŞARJ SİSTEMLERİ ANONİM ŞİRKETİ<br>İstasyon no: ŞRJ/2514]]></description>
        <styleUrl>#icon-1899-0288D1</styleUrl>
        <ExtendedData>
          <Data name="Konum">
            <value>Akdeniz Mahallesi Mersin Tarsus Karayolu Üzeri Caddesi No:2 Bağcılar Akdeniz / MERSİN, Mersin, Türkiye</value>
          </Data>
          <Data name="İlçe">
            <value>Akdeniz</value>
          </Data>
          <Data name="Marka">
            <value>eşarj</value>
          </Data>
          <Data name="Şarj Tipi">
            <value>DC</value>
          </Data>
          <Data name="AC Soket">
            <value>0.0</value>
          </Data>
          <Data name="DC Soket">
            <value>2.0</value>
          </Data>
          <Data name="Soket Özeti">
            <value>2 × CCS</value>
          </Data>
          <Data name="Maksimum Güç (kW)">
            <value>1200.0</value>
          </Data>
          <Data name="Şarj Ağı İşletmecisi">
            <value>EŞARJ ELEKTRİKLİ ARAÇLAR ŞARJ SİSTEMLERİ ANONİM ŞİRKETİ</value>
          </Data>
          <Data name="İstasyon No">
            <value>ŞRJ/2514</value>
          </Data>
          <Data name="Adres">
            <value>Akdeniz Mahallesi Mersin Tarsus Karayolu Üzeri Caddesi No:2 Bağcılar Akdeniz / MERSİN</value>
          </Data>
          <Data name="Açıklama">
            <value>Marka: eşarj
İlçe: Akdeniz
Şarj tipi: DC
Soketler: 2 × CCS
Maksimum güç: 120.0 kW
Şarj ağı işletmecisi: EŞARJ ELEKTRİKLİ ARAÇLAR ŞARJ SİSTEMLERİ ANONİM ŞİRKETİ
İstasyon no: ŞRJ/2514</value>
          </Data>
        </ExtendedData>
      </Placemark>
      <Placemark>
        <name>Uçan Turizm, Mersin</name>
        <address>Merkez Mahallesi Hüseyin Okan Merzeci Sokağı No:85 Yenişehir / MERSİN, Mersin, Türkiye</address>
        <description><![CDATA[Konum: Merkez Mahallesi Hüseyin Okan Merzeci Sokağı No:85 Yenişehir / MERSİN, Mersin, Türkiye<br>İlçe: Yenişehir<br>Marka: eşarj<br>Şarj Tipi: DC<br>AC Soket: 0<br>DC Soket: 2<br>Soket Özeti: 2 × CCS<br>Maksimum Güç (kW): 1200<br>Şarj Ağı İşletmecisi: EŞARJ ELEKTRİKLİ ARAÇLAR ŞARJ SİSTEMLERİ ANONİM ŞİRKETİ<br>İstasyon No: ŞRJ/2529<br>Adres: Merkez Mahallesi Hüseyin Okan Merzeci Sokağı No:85 Yenişehir / MERSİN<br>Açıklama: Marka: eşarj<br>İlçe: Yenişehir<br>Şarj tipi: DC<br>Soketler: 2 × CCS<br>Maksimum güç: 120.0 kW<br>Şarj ağı işletmecisi: EŞARJ ELEKTRİKLİ ARAÇLAR ŞARJ SİSTEMLERİ ANONİM ŞİRKETİ<br>İstasyon no: ŞRJ/2529]]></description>
        <styleUrl>#icon-1899-0288D1</styleUrl>
        <ExtendedData>
          <Data name="Konum">
            <value>Merkez Mahallesi Hüseyin Okan Merzeci Sokağı No:85 Yenişehir / MERSİN, Mersin, Türkiye</value>
          </Data>
          <Data name="İlçe">
            <value>Yenişehir</value>
          </Data>
          <Data name="Marka">
            <value>eşarj</value>
          </Data>
          <Data name="Şarj Tipi">
            <value>DC</value>
          </Data>
          <Data name="AC Soket">
            <value>0.0</value>
          </Data>
          <Data name="DC Soket">
            <value>2.0</value>
          </Data>
          <Data name="Soket Özeti">
            <value>2 × CCS</value>
          </Data>
          <Data name="Maksimum Güç (kW)">
            <value>1200.0</value>
          </Data>
          <Data name="Şarj Ağı İşletmecisi">
            <value>EŞARJ ELEKTRİKLİ ARAÇLAR ŞARJ SİSTEMLERİ ANONİM ŞİRKETİ</value>
          </Data>
          <Data name="İstasyon No">
            <value>ŞRJ/2529</value>
          </Data>
          <Data name="Adres">
            <value>Merkez Mahallesi Hüseyin Okan Merzeci Sokağı No:85 Yenişehir / MERSİN</value>
          </Data>
          <Data name="Açıklama">
            <value>Marka: eşarj
İlçe: Yenişehir
Şarj tipi: DC
Soketler: 2 × CCS
Maksimum güç: 120.0 kW
Şarj ağı işletmecisi: EŞARJ ELEKTRİKLİ ARAÇLAR ŞARJ SİSTEMLERİ ANONİM ŞİRKETİ
İstasyon no: ŞRJ/2529</value>
          </Data>
        </ExtendedData>
      </Placemark>
      <Placemark>
        <name>Kemak Makine, Mersin</name>
        <address>Adnan Menderes Mahallesi İnönü Sokağı No:1 Akdeniz / MERSİN, Mersin, Türkiye</address>
        <description><![CDATA[Konum: Adnan Menderes Mahallesi İnönü Sokağı No:1 Akdeniz / MERSİN, Mersin, Türkiye<br>İlçe: Akdeniz<br>Marka: eşarj<br>Şarj Tipi: DC<br>AC Soket: 0<br>DC Soket: 2<br>Soket Özeti: 2 × CCS<br>Maksimum Güç (kW): 1200<br>Şarj Ağı İşletmecisi: EŞARJ ELEKTRİKLİ ARAÇLAR ŞARJ SİSTEMLERİ ANONİM ŞİRKETİ<br>İstasyon No: ŞRJ/2530<br>Adres: Adnan Menderes Mahallesi İnönü Sokağı No:1 Akdeniz / MERSİN<br>Açıklama: Marka: eşarj<br>İlçe: Akdeniz<br>Şarj tipi: DC<br>Soketler: 2 × CCS<br>Maksimum güç: 120.0 kW<br>Şarj ağı işletmecisi: EŞARJ ELEKTRİKLİ ARAÇLAR ŞARJ SİSTEMLERİ ANONİM ŞİRKETİ<br>İstasyon no: ŞRJ/2530]]></description>
        <styleUrl>#icon-1899-0288D1</styleUrl>
        <ExtendedData>
          <Data name="Konum">
            <value>Adnan Menderes Mahallesi İnönü Sokağı No:1 Akdeniz / MERSİN, Mersin, Türkiye</value>
          </Data>
          <Data name="İlçe">
            <value>Akdeniz</value>
          </Data>
          <Data name="Marka">
            <value>eşarj</value>
          </Data>
          <Data name="Şarj Tipi">
            <value>DC</value>
          </Data>
          <Data name="AC Soket">
            <value>0.0</value>
          </Data>
          <Data name="DC Soket">
            <value>2.0</value>
          </Data>
          <Data name="Soket Özeti">
            <value>2 × CCS</value>
          </Data>
          <Data name="Maksimum Güç (kW)">
            <value>1200.0</value>
          </Data>
          <Data name="Şarj Ağı İşletmecisi">
            <value>EŞARJ ELEKTRİKLİ ARAÇLAR ŞARJ SİSTEMLERİ ANONİM ŞİRKETİ</value>
          </Data>
          <Data name="İstasyon No">
            <value>ŞRJ/2530</value>
          </Data>
          <Data name="Adres">
            <value>Adnan Menderes Mahallesi İnönü Sokağı No:1 Akdeniz / MERSİN</value>
          </Data>
          <Data name="Açıklama">
            <value>Marka: eşarj
İlçe: Akdeniz
Şarj tipi: DC
Soketler: 2 × CCS
Maksimum güç: 120.0 kW
Şarj ağı işletmecisi: EŞARJ ELEKTRİKLİ ARAÇLAR ŞARJ SİSTEMLERİ ANONİM ŞİRKETİ
İstasyon no: ŞRJ/2530</value>
          </Data>
        </ExtendedData>
      </Placemark>
      <Placemark>
        <name>Gürsoy Otomotiv, Mersin</name>
        <address>Merkez Mahallesi No:872 Mezitli / MERSİN, Mersin, Türkiye</address>
        <description><![CDATA[Konum: Merkez Mahallesi No:872 Mezitli / MERSİN, Mersin, Türkiye<br>İlçe: Mezitli<br>Marka: eşarj<br>Şarj Tipi: AC<br>AC Soket: 2<br>DC Soket: 0<br>Soket Özeti: 2 × Type 2<br>Maksimum Güç (kW): 220<br>Şarj Ağı İşletmecisi: EŞARJ ELEKTRİKLİ ARAÇLAR ŞARJ SİSTEMLERİ ANONİM ŞİRKETİ<br>İstasyon No: ŞRJ/2533<br>Adres: Merkez Mahallesi No:872 Mezitli / MERSİN<br>Açıklama: Marka: eşarj<br>İlçe: Mezitli<br>Şarj tipi: AC<br>Soketler: 2 × Type 2<br>Maksimum güç: 22.0 kW<br>Şarj ağı işletmecisi: EŞARJ ELEKTRİKLİ ARAÇLAR ŞARJ SİSTEMLERİ ANONİM ŞİRKETİ<br>İstasyon no: ŞRJ/2533]]></description>
        <styleUrl>#icon-1899-0288D1</styleUrl>
        <ExtendedData>
          <Data name="Konum">
            <value>Merkez Mahallesi No:872 Mezitli / MERSİN, Mersin, Türkiye</value>
          </Data>
          <Data name="İlçe">
            <value>Mezitli</value>
          </Data>
          <Data name="Marka">
            <value>eşarj</value>
          </Data>
          <Data name="Şarj Tipi">
            <value>AC</value>
          </Data>
          <Data name="AC Soket">
            <value>2.0</value>
          </Data>
          <Data name="DC Soket">
            <value>0.0</value>
          </Data>
          <Data name="Soket Özeti">
            <value>2 × Type 2</value>
          </Data>
          <Data name="Maksimum Güç (kW)">
            <value>220.0</value>
          </Data>
          <Data name="Şarj Ağı İşletmecisi">
            <value>EŞARJ ELEKTRİKLİ ARAÇLAR ŞARJ SİSTEMLERİ ANONİM ŞİRKETİ</value>
          </Data>
          <Data name="İstasyon No">
            <value>ŞRJ/2533</value>
          </Data>
          <Data name="Adres">
            <value>Merkez Mahallesi No:872 Mezitli / MERSİN</value>
          </Data>
          <Data name="Açıklama">
            <value>Marka: eşarj
İlçe: Mezitli
Şarj tipi: AC
Soketler: 2 × Type 2
Maksimum güç: 22.0 kW
Şarj ağı işletmecisi: EŞARJ ELEKTRİKLİ ARAÇLAR ŞARJ SİSTEMLERİ ANONİM ŞİRKETİ
İstasyon no: ŞRJ/2533</value>
          </Data>
        </ExtendedData>
      </Placemark>
      <Placemark>
        <name>Çayan Otomotiv, Mersin</name>
        <address>Yunusemre Mahallesi 74 Sokağı Tarsus / MERSİN, Mersin, Türkiye</address>
        <description><![CDATA[Konum: Yunusemre Mahallesi 74 Sokağı Tarsus / MERSİN, Mersin, Türkiye<br>İlçe: Tarsus<br>Marka: eşarj<br>Şarj Tipi: DC<br>AC Soket: 0<br>DC Soket: 2<br>Soket Özeti: 2 × CCS<br>Maksimum Güç (kW): 900<br>Şarj Ağı İşletmecisi: EŞARJ ELEKTRİKLİ ARAÇLAR ŞARJ SİSTEMLERİ ANONİM ŞİRKETİ<br>İstasyon No: ŞRJ/2960<br>Adres: Yunusemre Mahallesi 74 Sokağı Tarsus / MERSİN<br>Açıklama: Marka: eşarj<br>İlçe: Tarsus<br>Şarj tipi: DC<br>Soketler: 2 × CCS<br>Maksimum güç: 90.0 kW<br>Şarj ağı işletmecisi: EŞARJ ELEKTRİKLİ ARAÇLAR ŞARJ SİSTEMLERİ ANONİM ŞİRKETİ<br>İstasyon no: ŞRJ/2960]]></description>
        <styleUrl>#icon-1899-0288D1</styleUrl>
        <ExtendedData>
          <Data name="Konum">
            <value>Yunusemre Mahallesi 74 Sokağı Tarsus / MERSİN, Mersin, Türkiye</value>
          </Data>
          <Data name="İlçe">
            <value>Tarsus</value>
          </Data>
          <Data name="Marka">
            <value>eşarj</value>
          </Data>
          <Data name="Şarj Tipi">
            <value>DC</value>
          </Data>
          <Data name="AC Soket">
            <value>0.0</value>
          </Data>
          <Data name="DC Soket">
            <value>2.0</value>
          </Data>
          <Data name="Soket Özeti">
            <value>2 × CCS</value>
          </Data>
          <Data name="Maksimum Güç (kW)">
            <value>900.0</value>
          </Data>
          <Data name="Şarj Ağı İşletmecisi">
            <value>EŞARJ ELEKTRİKLİ ARAÇLAR ŞARJ SİSTEMLERİ ANONİM ŞİRKETİ</value>
          </Data>
          <Data name="İstasyon No">
            <value>ŞRJ/2960</value>
          </Data>
          <Data name="Adres">
            <value>Yunusemre Mahallesi 74 Sokağı Tarsus / MERSİN</value>
          </Data>
          <Data name="Açıklama">
            <value>Marka: eşarj
İlçe: Tarsus
Şarj tipi: DC
Soketler: 2 × CCS
Maksimum güç: 90.0 kW
Şarj ağı işletmecisi: EŞARJ ELEKTRİKLİ ARAÇLAR ŞARJ SİSTEMLERİ ANONİM ŞİRKETİ
İstasyon no: ŞRJ/2960</value>
          </Data>
        </ExtendedData>
      </Placemark>
      <Placemark>
        <name>Koluman Yenice, Mersin</name>
        <address>Şahin Mahallesi No:386A Blok Tarsus / MERSİN, Mersin, Türkiye</address>
        <description><![CDATA[Konum: Şahin Mahallesi No:386A Blok Tarsus / MERSİN, Mersin, Türkiye<br>İlçe: Tarsus<br>Marka: eşarj<br>Şarj Tipi: DC<br>AC Soket: 0<br>DC Soket: 2<br>Soket Özeti: 2 × CCS<br>Maksimum Güç (kW): 1200<br>Şarj Ağı İşletmecisi: EŞARJ ELEKTRİKLİ ARAÇLAR ŞARJ SİSTEMLERİ ANONİM ŞİRKETİ<br>İstasyon No: ŞRJ/3201<br>Adres: Şahin Mahallesi No:386A Blok Tarsus / MERSİN<br>Açıklama: Marka: eşarj<br>İlçe: Tarsus<br>Şarj tipi: DC<br>Soketler: 2 × CCS<br>Maksimum güç: 120.0 kW<br>Şarj ağı işletmecisi: EŞARJ ELEKTRİKLİ ARAÇLAR ŞARJ SİSTEMLERİ ANONİM ŞİRKETİ<br>İstasyon no: ŞRJ/3201]]></description>
        <styleUrl>#icon-1899-0288D1</styleUrl>
        <ExtendedData>
          <Data name="Konum">
            <value>Şahin Mahallesi No:386A Blok Tarsus / MERSİN, Mersin, Türkiye</value>
          </Data>
          <Data name="İlçe">
            <value>Tarsus</value>
          </Data>
          <Data name="Marka">
            <value>eşarj</value>
          </Data>
          <Data name="Şarj Tipi">
            <value>DC</value>
          </Data>
          <Data name="AC Soket">
            <value>0.0</value>
          </Data>
          <Data name="DC Soket">
            <value>2.0</value>
          </Data>
          <Data name="Soket Özeti">
            <value>2 × CCS</value>
          </Data>
          <Data name="Maksimum Güç (kW)">
            <value>1200.0</value>
          </Data>
          <Data name="Şarj Ağı İşletmecisi">
            <value>EŞARJ ELEKTRİKLİ ARAÇLAR ŞARJ SİSTEMLERİ ANONİM ŞİRKETİ</value>
          </Data>
          <Data name="İstasyon No">
            <value>ŞRJ/3201</value>
          </Data>
          <Data name="Adres">
            <value>Şahin Mahallesi No:386A Blok Tarsus / MERSİN</value>
          </Data>
          <Data name="Açıklama">
            <value>Marka: eşarj
İlçe: Tarsus
Şarj tipi: DC
Soketler: 2 × CCS
Maksimum güç: 120.0 kW
Şarj ağı işletmecisi: EŞARJ ELEKTRİKLİ ARAÇLAR ŞARJ SİSTEMLERİ ANONİM ŞİRKETİ
İstasyon no: ŞRJ/3201</value>
          </Data>
        </ExtendedData>
      </Placemark>
      <Placemark>
        <name>RAMADA BY WYNDHAM MERSİN</name>
        <address>Turgut Türkalp Mahallesi 79001 Sokağı No:27 Merkez Toroslar / MERSİN, Mersin, Türkiye</address>
        <description><![CDATA[Konum: Turgut Türkalp Mahallesi 79001 Sokağı No:27 Merkez Toroslar / MERSİN, Mersin, Türkiye<br>İlçe: Toroslar<br>Marka: EN YAKIT<br>Şarj Tipi: DC<br>AC Soket: 0<br>DC Soket: 2<br>Soket Özeti: 2 × CCS<br>Maksimum Güç (kW): 1800<br>Şarj Ağı İşletmecisi: EN YAKIT ANONİM ŞİRKETİ<br>İstasyon No: ŞRJ/6731<br>Adres: Turgut Türkalp Mahallesi 79001 Sokağı No:27 Merkez Toroslar / MERSİN<br>Açıklama: Marka: EN YAKIT<br>İlçe: Toroslar<br>Şarj tipi: DC<br>Soketler: 2 × CCS<br>Maksimum güç: 180.0 kW<br>Şarj ağı işletmecisi: EN YAKIT ANONİM ŞİRKETİ<br>İstasyon no: ŞRJ/6731]]></description>
        <styleUrl>#icon-1899-0288D1</styleUrl>
        <ExtendedData>
          <Data name="Konum">
            <value>Turgut Türkalp Mahallesi 79001 Sokağı No:27 Merkez Toroslar / MERSİN, Mersin, Türkiye</value>
          </Data>
          <Data name="İlçe">
            <value>Toroslar</value>
          </Data>
          <Data name="Marka">
            <value>EN YAKIT</value>
          </Data>
          <Data name="Şarj Tipi">
            <value>DC</value>
          </Data>
          <Data name="AC Soket">
            <value>0.0</value>
          </Data>
          <Data name="DC Soket">
            <value>2.0</value>
          </Data>
          <Data name="Soket Özeti">
            <value>2 × CCS</value>
          </Data>
          <Data name="Maksimum Güç (kW)">
            <value>1800.0</value>
          </Data>
          <Data name="Şarj Ağı İşletmecisi">
            <value>EN YAKIT ANONİM ŞİRKETİ</value>
          </Data>
          <Data name="İstasyon No">
            <value>ŞRJ/6731</value>
          </Data>
          <Data name="Adres">
            <value>Turgut Türkalp Mahallesi 79001 Sokağı No:27 Merkez Toroslar / MERSİN</value>
          </Data>
          <Data name="Açıklama">
            <value>Marka: EN YAKIT
İlçe: Toroslar
Şarj tipi: DC
Soketler: 2 × CCS
Maksimum güç: 180.0 kW
Şarj ağı işletmecisi: EN YAKIT ANONİM ŞİRKETİ
İstasyon no: ŞRJ/6731</value>
          </Data>
        </ExtendedData>
      </Placemark>
      <Placemark>
        <name>Yıldızgörer Oto</name>
        <address>Kuyuluk Mahallesi No:130 Mezitli / MERSİN, Mersin, Türkiye</address>
        <description><![CDATA[Konum: Kuyuluk Mahallesi No:130 Mezitli / MERSİN, Mersin, Türkiye<br>İlçe: Mezitli<br>Marka: zes<br>Şarj Tipi: DC<br>AC Soket: 0<br>DC Soket: 1<br>Soket Özeti: 1 × CCS<br>Maksimum Güç (kW): 1800<br>Şarj Ağı İşletmecisi: ZES DİJİTAL TİCARET ANONİM ŞİRKETİ<br>İstasyon No: ŞRJ/6891<br>Adres: Kuyuluk Mahallesi No:130 Mezitli / MERSİN<br>Açıklama: Marka: zes<br>İlçe: Mezitli<br>Şarj tipi: DC<br>Soketler: 1 × CCS<br>Maksimum güç: 180.0 kW<br>Şarj ağı işletmecisi: ZES DİJİTAL TİCARET ANONİM ŞİRKETİ<br>İstasyon no: ŞRJ/6891]]></description>
        <styleUrl>#icon-1899-0288D1</styleUrl>
        <ExtendedData>
          <Data name="Konum">
            <value>Kuyuluk Mahallesi No:130 Mezitli / MERSİN, Mersin, Türkiye</value>
          </Data>
          <Data name="İlçe">
            <value>Mezitli</value>
          </Data>
          <Data name="Marka">
            <value>zes</value>
          </Data>
          <Data name="Şarj Tipi">
            <value>DC</value>
          </Data>
          <Data name="AC Soket">
            <value>0.0</value>
          </Data>
          <Data name="DC Soket">
            <value>1.0</value>
          </Data>
          <Data name="Soket Özeti">
            <value>1 × CCS</value>
          </Data>
          <Data name="Maksimum Güç (kW)">
            <value>1800.0</value>
          </Data>
          <Data name="Şarj Ağı İşletmecisi">
            <value>ZES DİJİTAL TİCARET ANONİM ŞİRKETİ</value>
          </Data>
          <Data name="İstasyon No">
            <value>ŞRJ/6891</value>
          </Data>
          <Data name="Adres">
            <value>Kuyuluk Mahallesi No:130 Mezitli / MERSİN</value>
          </Data>
          <Data name="Açıklama">
            <value>Marka: zes
İlçe: Mezitli
Şarj tipi: DC
Soketler: 1 × CCS
Maksimum güç: 180.0 kW
Şarj ağı işletmecisi: ZES DİJİTAL TİCARET ANONİM ŞİRKETİ
İstasyon no: ŞRJ/6891</value>
          </Data>
        </ExtendedData>
      </Placemark>
      <Placemark>
        <name>Shell Anamur</name>
        <address>Bahçelievler Mahallesi No:547/14 Anamur / MERSİN, Mersin, Türkiye</address>
        <description><![CDATA[Konum: Bahçelievler Mahallesi No:547/14 Anamur / MERSİN, Mersin, Türkiye<br>İlçe: Anamur<br>Marka: Trugo<br>Şarj Tipi: DC<br>AC Soket: 0<br>DC Soket: 4<br>Soket Özeti: 4 × CCS<br>Maksimum Güç (kW): 1800<br>Şarj Ağı İşletmecisi: TRUGO AKILLI ŞARJ ÇÖZÜMLERİ SANAYİ VE TİCARET ANONİM ŞİRKETİ<br>İstasyon No: ŞRJ/6972<br>Adres: Bahçelievler Mahallesi No:547/14 Anamur / MERSİN<br>Açıklama: Marka: Trugo<br>İlçe: Anamur<br>Şarj tipi: DC<br>Soketler: 4 × CCS<br>Maksimum güç: 180.0 kW<br>Şarj ağı işletmecisi: TRUGO AKILLI ŞARJ ÇÖZÜMLERİ SANAYİ VE TİCARET ANONİM ŞİRKETİ<br>İstasyon no: ŞRJ/6972]]></description>
        <styleUrl>#icon-1899-0288D1</styleUrl>
        <ExtendedData>
          <Data name="Konum">
            <value>Bahçelievler Mahallesi No:547/14 Anamur / MERSİN, Mersin, Türkiye</value>
          </Data>
          <Data name="İlçe">
            <value>Anamur</value>
          </Data>
          <Data name="Marka">
            <value>Trugo</value>
          </Data>
          <Data name="Şarj Tipi">
            <value>DC</value>
          </Data>
          <Data name="AC Soket">
            <value>0.0</value>
          </Data>
          <Data name="DC Soket">
            <value>4.0</value>
          </Data>
          <Data name="Soket Özeti">
            <value>4 × CCS</value>
          </Data>
          <Data name="Maksimum Güç (kW)">
            <value>1800.0</value>
          </Data>
          <Data name="Şarj Ağı İşletmecisi">
            <value>TRUGO AKILLI ŞARJ ÇÖZÜMLERİ SANAYİ VE TİCARET ANONİM ŞİRKETİ</value>
          </Data>
          <Data name="İstasyon No">
            <value>ŞRJ/6972</value>
          </Data>
          <Data name="Adres">
            <value>Bahçelievler Mahallesi No:547/14 Anamur / MERSİN</value>
          </Data>
          <Data name="Açıklama">
            <value>Marka: Trugo
İlçe: Anamur
Şarj tipi: DC
Soketler: 4 × CCS
Maksimum güç: 180.0 kW
Şarj ağı işletmecisi: TRUGO AKILLI ŞARJ ÇÖZÜMLERİ SANAYİ VE TİCARET ANONİM ŞİRKETİ
İstasyon no: ŞRJ/6972</value>
          </Data>
        </ExtendedData>
      </Placemark>
      <Placemark>
        <name>Kar Otel - Sultan Otel</name>
        <address>Üçocak Mahallesi 5425 Sokağı No:4 Akdeniz / MERSİN, Mersin, Türkiye</address>
        <description><![CDATA[Konum: Üçocak Mahallesi 5425 Sokağı No:4 Akdeniz / MERSİN, Mersin, Türkiye<br>İlçe: Akdeniz<br>Marka: zes<br>Şarj Tipi: AC<br>AC Soket: 2<br>DC Soket: 0<br>Soket Özeti: 2 × Type 2<br>Maksimum Güç (kW): 220<br>Şarj Ağı İşletmecisi: ZES DİJİTAL TİCARET ANONİM ŞİRKETİ<br>İstasyon No: ŞRJ/7015<br>Adres: Üçocak Mahallesi 5425 Sokağı No:4 Akdeniz / MERSİN<br>Açıklama: Marka: zes<br>İlçe: Akdeniz<br>Şarj tipi: AC<br>Soketler: 2 × Type 2<br>Maksimum güç: 22.0 kW<br>Şarj ağı işletmecisi: ZES DİJİTAL TİCARET ANONİM ŞİRKETİ<br>İstasyon no: ŞRJ/7015]]></description>
        <styleUrl>#icon-1899-0288D1</styleUrl>
        <ExtendedData>
          <Data name="Konum">
            <value>Üçocak Mahallesi 5425 Sokağı No:4 Akdeniz / MERSİN, Mersin, Türkiye</value>
          </Data>
          <Data name="İlçe">
            <value>Akdeniz</value>
          </Data>
          <Data name="Marka">
            <value>zes</value>
          </Data>
          <Data name="Şarj Tipi">
            <value>AC</value>
          </Data>
          <Data name="AC Soket">
            <value>2.0</value>
          </Data>
          <Data name="DC Soket">
            <value>0.0</value>
          </Data>
          <Data name="Soket Özeti">
            <value>2 × Type 2</value>
          </Data>
          <Data name="Maksimum Güç (kW)">
            <value>220.0</value>
          </Data>
          <Data name="Şarj Ağı İşletmecisi">
            <value>ZES DİJİTAL TİCARET ANONİM ŞİRKETİ</value>
          </Data>
          <Data name="İstasyon No">
            <value>ŞRJ/7015</value>
          </Data>
          <Data name="Adres">
            <value>Üçocak Mahallesi 5425 Sokağı No:4 Akdeniz / MERSİN</value>
          </Data>
          <Data name="Açıklama">
            <value>Marka: zes
İlçe: Akdeniz
Şarj tipi: AC
Soketler: 2 × Type 2
Maksimum güç: 22.0 kW
Şarj ağı işletmecisi: ZES DİJİTAL TİCARET ANONİM ŞİRKETİ
İstasyon no: ŞRJ/7015</value>
          </Data>
        </ExtendedData>
      </Placemark>
      <Placemark>
        <name>Metro Market Mersin</name>
        <address>50. Yıl Mahallesi 13 Caddesi No:38 Yenişehir / MERSİN, Mersin, Türkiye</address>
        <description><![CDATA[Konum: 50. Yıl Mahallesi 13 Caddesi No:38 Yenişehir / MERSİN, Mersin, Türkiye<br>İlçe: Yenişehir<br>Marka: zes<br>Şarj Tipi: AC + DC<br>AC Soket: 4<br>DC Soket: 2<br>Soket Özeti: 2 × CCS, 4 × Type 2<br>Maksimum Güç (kW): 600<br>Şarj Ağı İşletmecisi: ZES DİJİTAL TİCARET ANONİM ŞİRKETİ<br>İstasyon No: ŞRJ/7021<br>Adres: 50. Yıl Mahallesi 13 Caddesi No:38 Yenişehir / MERSİN<br>Açıklama: Marka: zes<br>İlçe: Yenişehir<br>Şarj tipi: AC + DC<br>Soketler: 2 × CCS, 4 × Type 2<br>Maksimum güç: 60.0 kW<br>Şarj ağı işletmecisi: ZES DİJİTAL TİCARET ANONİM ŞİRKETİ<br>İstasyon no: ŞRJ/7021]]></description>
        <styleUrl>#icon-1899-0288D1</styleUrl>
        <ExtendedData>
          <Data name="Konum">
            <value>50. Yıl Mahallesi 13 Caddesi No:38 Yenişehir / MERSİN, Mersin, Türkiye</value>
          </Data>
          <Data name="İlçe">
            <value>Yenişehir</value>
          </Data>
          <Data name="Marka">
            <value>zes</value>
          </Data>
          <Data name="Şarj Tipi">
            <value>AC + DC</value>
          </Data>
          <Data name="AC Soket">
            <value>4.0</value>
          </Data>
          <Data name="DC Soket">
            <value>2.0</value>
          </Data>
          <Data name="Soket Özeti">
            <value>2 × CCS, 4 × Type 2</value>
          </Data>
          <Data name="Maksimum Güç (kW)">
            <value>600.0</value>
          </Data>
          <Data name="Şarj Ağı İşletmecisi">
            <value>ZES DİJİTAL TİCARET ANONİM ŞİRKETİ</value>
          </Data>
          <Data name="İstasyon No">
            <value>ŞRJ/7021</value>
          </Data>
          <Data name="Adres">
            <value>50. Yıl Mahallesi 13 Caddesi No:38 Yenişehir / MERSİN</value>
          </Data>
          <Data name="Açıklama">
            <value>Marka: zes
İlçe: Yenişehir
Şarj tipi: AC + DC
Soketler: 2 × CCS, 4 × Type 2
Maksimum güç: 60.0 kW
Şarj ağı işletmecisi: ZES DİJİTAL TİCARET ANONİM ŞİRKETİ
İstasyon no: ŞRJ/7021</value>
          </Data>
        </ExtendedData>
      </Placemark>
      <Placemark>
        <name>Otojet - Kürklü Petrol</name>
        <address>82 Evler Mahallesi Adana Sokağı No:108 A Tarsus / MERSİN, Mersin, Türkiye</address>
        <description><![CDATA[Konum: 82 Evler Mahallesi Adana Sokağı No:108 A Tarsus / MERSİN, Mersin, Türkiye<br>İlçe: Tarsus<br>Marka: Otojet<br>Şarj Tipi: DC<br>AC Soket: 0<br>DC Soket: 2<br>Soket Özeti: 2 × CCS<br>Maksimum Güç (kW): 1500<br>Şarj Ağı İşletmecisi: OTOJET ENERJİ SANAYİ VE TİCARET ANONİM ŞİRKETİ<br>İstasyon No: ŞRJ/7806<br>Adres: 82 Evler Mahallesi Adana Sokağı No:108 A Tarsus / MERSİN<br>Açıklama: Marka: Otojet<br>İlçe: Tarsus<br>Şarj tipi: DC<br>Soketler: 2 × CCS<br>Maksimum güç: 150.0 kW<br>Şarj ağı işletmecisi: OTOJET ENERJİ SANAYİ VE TİCARET ANONİM ŞİRKETİ<br>İstasyon no: ŞRJ/7806]]></description>
        <styleUrl>#icon-1899-0288D1</styleUrl>
        <ExtendedData>
          <Data name="Konum">
            <value>82 Evler Mahallesi Adana Sokağı No:108 A Tarsus / MERSİN, Mersin, Türkiye</value>
          </Data>
          <Data name="İlçe">
            <value>Tarsus</value>
          </Data>
          <Data name="Marka">
            <value>Otojet</value>
          </Data>
          <Data name="Şarj Tipi">
            <value>DC</value>
          </Data>
          <Data name="AC Soket">
            <value>0.0</value>
          </Data>
          <Data name="DC Soket">
            <value>2.0</value>
          </Data>
          <Data name="Soket Özeti">
            <value>2 × CCS</value>
          </Data>
          <Data name="Maksimum Güç (kW)">
            <value>1500.0</value>
          </Data>
          <Data name="Şarj Ağı İşletmecisi">
            <value>OTOJET ENERJİ SANAYİ VE TİCARET ANONİM ŞİRKETİ</value>
          </Data>
          <Data name="İstasyon No">
            <value>ŞRJ/7806</value>
          </Data>
          <Data name="Adres">
            <value>82 Evler Mahallesi Adana Sokağı No:108 A Tarsus / MERSİN</value>
          </Data>
          <Data name="Açıklama">
            <value>Marka: Otojet
İlçe: Tarsus
Şarj tipi: DC
Soketler: 2 × CCS
Maksimum güç: 150.0 kW
Şarj ağı işletmecisi: OTOJET ENERJİ SANAYİ VE TİCARET ANONİM ŞİRKETİ
İstasyon no: ŞRJ/7806</value>
          </Data>
        </ExtendedData>
      </Placemark>
      <Placemark>
        <name>Tarsus Ticaret Borsası</name>
        <address>Şahin Mahallesi 3294 Sokağı No:1 Tarsus / MERSİN, Mersin, Türkiye</address>
        <description><![CDATA[Konum: Şahin Mahallesi 3294 Sokağı No:1 Tarsus / MERSİN, Mersin, Türkiye<br>İlçe: Tarsus<br>Marka: Trugo<br>Şarj Tipi: DC<br>AC Soket: 0<br>DC Soket: 2<br>Soket Özeti: 2 × CCS<br>Maksimum Güç (kW): 1800<br>Şarj Ağı İşletmecisi: TRUGO AKILLI ŞARJ ÇÖZÜMLERİ SANAYİ VE TİCARET ANONİM ŞİRKETİ<br>İstasyon No: ŞRJ/8041<br>Adres: Şahin Mahallesi 3294 Sokağı No:1 Tarsus / MERSİN<br>Açıklama: Marka: Trugo<br>İlçe: Tarsus<br>Şarj tipi: DC<br>Soketler: 2 × CCS<br>Maksimum güç: 180.0 kW<br>Şarj ağı işletmecisi: TRUGO AKILLI ŞARJ ÇÖZÜMLERİ SANAYİ VE TİCARET ANONİM ŞİRKETİ<br>İstasyon no: ŞRJ/8041]]></description>
        <styleUrl>#icon-1899-0288D1</styleUrl>
        <ExtendedData>
          <Data name="Konum">
            <value>Şahin Mahallesi 3294 Sokağı No:1 Tarsus / MERSİN, Mersin, Türkiye</value>
          </Data>
          <Data name="İlçe">
            <value>Tarsus</value>
          </Data>
          <Data name="Marka">
            <value>Trugo</value>
          </Data>
          <Data name="Şarj Tipi">
            <value>DC</value>
          </Data>
          <Data name="AC Soket">
            <value>0.0</value>
          </Data>
          <Data name="DC Soket">
            <value>2.0</value>
          </Data>
          <Data name="Soket Özeti">
            <value>2 × CCS</value>
          </Data>
          <Data name="Maksimum Güç (kW)">
            <value>1800.0</value>
          </Data>
          <Data name="Şarj Ağı İşletmecisi">
            <value>TRUGO AKILLI ŞARJ ÇÖZÜMLERİ SANAYİ VE TİCARET ANONİM ŞİRKETİ</value>
          </Data>
          <Data name="İstasyon No">
            <value>ŞRJ/8041</value>
          </Data>
          <Data name="Adres">
            <value>Şahin Mahallesi 3294 Sokağı No:1 Tarsus / MERSİN</value>
          </Data>
          <Data name="Açıklama">
            <value>Marka: Trugo
İlçe: Tarsus
Şarj tipi: DC
Soketler: 2 × CCS
Maksimum güç: 180.0 kW
Şarj ağı işletmecisi: TRUGO AKILLI ŞARJ ÇÖZÜMLERİ SANAYİ VE TİCARET ANONİM ŞİRKETİ
İstasyon no: ŞRJ/8041</value>
          </Data>
        </ExtendedData>
      </Placemark>
      <Placemark>
        <name>Mersin Tenis Kulubü</name>
        <description><![CDATA[Konum: Pirireis Mahallesi 1139 Sokağı No:1 Bucak Merkez Köyü Yenişehir / MERSİN, Mersin, Türkiye<br>İlçe: Yenişehir<br>Marka: volti<br>Şarj Tipi: AC<br>AC Soket: 2<br>DC Soket: 0<br>Soket Özeti: 2 × Type 2<br>Maksimum Güç (kW): 220<br>Şarj Ağı İşletmecisi: VOLNET ENERJİ SİSTEMLERİ SANAYİ TİCARET ANONİM ŞİRKETİ<br>İstasyon No: ŞRJ/7439<br>Adres: Pirireis Mahallesi 1139 Sokağı No:1 Bucak Merkez Köyü Yenişehir / MERSİN<br>Açıklama: Marka: volti<br>İlçe: Yenişehir<br>Şarj tipi: AC<br>Soketler: 2 × Type 2<br>Maksimum güç: 22.0 kW<br>Şarj ağı işletmecisi: VOLNET ENERJİ SİSTEMLERİ SANAYİ TİCARET ANONİM ŞİRKETİ<br>İstasyon no: ŞRJ/7439]]></description>
        <ExtendedData>
          <Data name="Konum">
            <value>Pirireis Mahallesi 1139 Sokağı No:1 Bucak Merkez Köyü Yenişehir / MERSİN, Mersin, Türkiye</value>
          </Data>
          <Data name="İlçe">
            <value>Yenişehir</value>
          </Data>
          <Data name="Marka">
            <value>volti</value>
          </Data>
          <Data name="Şarj Tipi">
            <value>AC</value>
          </Data>
          <Data name="AC Soket">
            <value>2.0</value>
          </Data>
          <Data name="DC Soket">
            <value>0.0</value>
          </Data>
          <Data name="Soket Özeti">
            <value>2 × Type 2</value>
          </Data>
          <Data name="Maksimum Güç (kW)">
            <value>220.0</value>
          </Data>
          <Data name="Şarj Ağı İşletmecisi">
            <value>VOLNET ENERJİ SİSTEMLERİ SANAYİ TİCARET ANONİM ŞİRKETİ</value>
          </Data>
          <Data name="İstasyon No">
            <value>ŞRJ/7439</value>
          </Data>
          <Data name="Adres">
            <value>Pirireis Mahallesi 1139 Sokağı No:1 Bucak Merkez Köyü Yenişehir / MERSİN</value>
          </Data>
          <Data name="Açıklama">
            <value>Marka: volti
İlçe: Yenişehir
Şarj tipi: AC
Soketler: 2 × Type 2
Maksimum güç: 22.0 kW
Şarj ağı işletmecisi: VOLNET ENERJİ SİSTEMLERİ SANAYİ TİCARET ANONİM ŞİRKETİ
İstasyon no: ŞRJ/7439</value>
          </Data>
        </ExtendedData>
      </Placemark>
      <Placemark>
        <name><![CDATA[BN Hotel Thermal & SPA]]></name>
        <address>Iğıdır Mahallesi Iğıdır Sokağı No:585 /A Akdeniz / MERSİN, Mersin, Türkiye</address>
        <description><![CDATA[Konum: Iğıdır Mahallesi Iğıdır Sokağı No:585 /A Akdeniz / MERSİN, Mersin, Türkiye<br>İlçe: Akdeniz<br>Marka: zes<br>Şarj Tipi: AC<br>AC Soket: 2<br>DC Soket: 0<br>Soket Özeti: 2 × Type 2<br>Maksimum Güç (kW): 220<br>Şarj Ağı İşletmecisi: ZES DİJİTAL TİCARET ANONİM ŞİRKETİ<br>İstasyon No: ŞRJ/1196<br>Adres: Iğıdır Mahallesi Iğıdır Sokağı No:585 /A Akdeniz / MERSİN<br>Açıklama: Marka: zes<br>İlçe: Akdeniz<br>Şarj tipi: AC<br>Soketler: 2 × Type 2<br>Maksimum güç: 22.0 kW<br>Şarj ağı işletmecisi: ZES DİJİTAL TİCARET ANONİM ŞİRKETİ<br>İstasyon no: ŞRJ/1196]]></description>
        <styleUrl>#icon-1899-0288D1</styleUrl>
        <ExtendedData>
          <Data name="Konum">
            <value>Iğıdır Mahallesi Iğıdır Sokağı No:585 /A Akdeniz / MERSİN, Mersin, Türkiye</value>
          </Data>
          <Data name="İlçe">
            <value>Akdeniz</value>
          </Data>
          <Data name="Marka">
            <value>zes</value>
          </Data>
          <Data name="Şarj Tipi">
            <value>AC</value>
          </Data>
          <Data name="AC Soket">
            <value>2.0</value>
          </Data>
          <Data name="DC Soket">
            <value>0.0</value>
          </Data>
          <Data name="Soket Özeti">
            <value>2 × Type 2</value>
          </Data>
          <Data name="Maksimum Güç (kW)">
            <value>220.0</value>
          </Data>
          <Data name="Şarj Ağı İşletmecisi">
            <value>ZES DİJİTAL TİCARET ANONİM ŞİRKETİ</value>
          </Data>
          <Data name="İstasyon No">
            <value>ŞRJ/1196</value>
          </Data>
          <Data name="Adres">
            <value>Iğıdır Mahallesi Iğıdır Sokağı No:585 /A Akdeniz / MERSİN</value>
          </Data>
          <Data name="Açıklama">
            <value>Marka: zes
İlçe: Akdeniz
Şarj tipi: AC
Soketler: 2 × Type 2
Maksimum güç: 22.0 kW
Şarj ağı işletmecisi: ZES DİJİTAL TİCARET ANONİM ŞİRKETİ
İstasyon no: ŞRJ/1196</value>
          </Data>
        </ExtendedData>
      </Placemark>
      <Placemark>
        <name>Merih 2 Bosch Araç Servisi Mersin</name>
        <address>Atatürk Mahallesi No:20 Mezitli / MERSİN, Mersin, Türkiye</address>
        <description><![CDATA[Konum: Atatürk Mahallesi No:20 Mezitli / MERSİN, Mersin, Türkiye<br>İlçe: Mezitli<br>Marka: zes<br>Şarj Tipi: AC<br>AC Soket: 2<br>DC Soket: 0<br>Soket Özeti: 2 × Type 2<br>Maksimum Güç (kW): 220<br>Şarj Ağı İşletmecisi: ZES DİJİTAL TİCARET ANONİM ŞİRKETİ<br>İstasyon No: ŞRJ/1201<br>Adres: Atatürk Mahallesi No:20 Mezitli / MERSİN<br>Açıklama: Marka: zes<br>İlçe: Mezitli<br>Şarj tipi: AC<br>Soketler: 2 × Type 2<br>Maksimum güç: 22.0 kW<br>Şarj ağı işletmecisi: ZES DİJİTAL TİCARET ANONİM ŞİRKETİ<br>İstasyon no: ŞRJ/1201]]></description>
        <styleUrl>#icon-1899-0288D1</styleUrl>
        <ExtendedData>
          <Data name="Konum">
            <value>Atatürk Mahallesi No:20 Mezitli / MERSİN, Mersin, Türkiye</value>
          </Data>
          <Data name="İlçe">
            <value>Mezitli</value>
          </Data>
          <Data name="Marka">
            <value>zes</value>
          </Data>
          <Data name="Şarj Tipi">
            <value>AC</value>
          </Data>
          <Data name="AC Soket">
            <value>2.0</value>
          </Data>
          <Data name="DC Soket">
            <value>0.0</value>
          </Data>
          <Data name="Soket Özeti">
            <value>2 × Type 2</value>
          </Data>
          <Data name="Maksimum Güç (kW)">
            <value>220.0</value>
          </Data>
          <Data name="Şarj Ağı İşletmecisi">
            <value>ZES DİJİTAL TİCARET ANONİM ŞİRKETİ</value>
          </Data>
          <Data name="İstasyon No">
            <value>ŞRJ/1201</value>
          </Data>
          <Data name="Adres">
            <value>Atatürk Mahallesi No:20 Mezitli / MERSİN</value>
          </Data>
          <Data name="Açıklama">
            <value>Marka: zes
İlçe: Mezitli
Şarj tipi: AC
Soketler: 2 × Type 2
Maksimum güç: 22.0 kW
Şarj ağı işletmecisi: ZES DİJİTAL TİCARET ANONİM ŞİRKETİ
İstasyon no: ŞRJ/1201</value>
          </Data>
        </ExtendedData>
      </Placemark>
      <Placemark>
        <name>Mersin Has Künefe Plus</name>
        <address>50. Mahallesi A.kaya Mutlu Caddesi No:14 /A Yenişehir / MERSİN, Mersin, Türkiye</address>
        <description><![CDATA[Konum: 50. Mahallesi A.kaya Mutlu Caddesi No:14 /A Yenişehir / MERSİN, Mersin, Türkiye<br>İlçe: Yenişehir<br>Marka: zes<br>Şarj Tipi: AC<br>AC Soket: 2<br>DC Soket: 0<br>Soket Özeti: 2 × Type 2<br>Maksimum Güç (kW): 220<br>Şarj Ağı İşletmecisi: ZES DİJİTAL TİCARET ANONİM ŞİRKETİ<br>İstasyon No: ŞRJ/1202<br>Adres: 50. Mahallesi A.kaya Mutlu Caddesi No:14 /A Yenişehir / MERSİN<br>Açıklama: Marka: zes<br>İlçe: Yenişehir<br>Şarj tipi: AC<br>Soketler: 2 × Type 2<br>Maksimum güç: 22.0 kW<br>Şarj ağı işletmecisi: ZES DİJİTAL TİCARET ANONİM ŞİRKETİ<br>İstasyon no: ŞRJ/1202]]></description>
        <styleUrl>#icon-1899-0288D1</styleUrl>
        <ExtendedData>
          <Data name="Konum">
            <value>50. Mahallesi A.kaya Mutlu Caddesi No:14 /A Yenişehir / MERSİN, Mersin, Türkiye</value>
          </Data>
          <Data name="İlçe">
            <value>Yenişehir</value>
          </Data>
          <Data name="Marka">
            <value>zes</value>
          </Data>
          <Data name="Şarj Tipi">
            <value>AC</value>
          </Data>
          <Data name="AC Soket">
            <value>2.0</value>
          </Data>
          <Data name="DC Soket">
            <value>0.0</value>
          </Data>
          <Data name="Soket Özeti">
            <value>2 × Type 2</value>
          </Data>
          <Data name="Maksimum Güç (kW)">
            <value>220.0</value>
          </Data>
          <Data name="Şarj Ağı İşletmecisi">
            <value>ZES DİJİTAL TİCARET ANONİM ŞİRKETİ</value>
          </Data>
          <Data name="İstasyon No">
            <value>ŞRJ/1202</value>
          </Data>
          <Data name="Adres">
            <value>50. Mahallesi A.kaya Mutlu Caddesi No:14 /A Yenişehir / MERSİN</value>
          </Data>
          <Data name="Açıklama">
            <value>Marka: zes
İlçe: Yenişehir
Şarj tipi: AC
Soketler: 2 × Type 2
Maksimum güç: 22.0 kW
Şarj ağı işletmecisi: ZES DİJİTAL TİCARET ANONİM ŞİRKETİ
İstasyon no: ŞRJ/1202</value>
          </Data>
        </ExtendedData>
      </Placemark>
      <Placemark>
        <name>Ramada Resort By Wyndham Kızkalesi</name>
        <address>Kızkalesi Mahallesi Kirazlı Caddesi No:45 /A Erdemli / MERSİN, Mersin, Türkiye</address>
        <description><![CDATA[Konum: Kızkalesi Mahallesi Kirazlı Caddesi No:45 /A Erdemli / MERSİN, Mersin, Türkiye<br>İlçe: Erdemli<br>Marka: zes<br>Şarj Tipi: AC<br>AC Soket: 2<br>DC Soket: 0<br>Soket Özeti: 2 × Type 2<br>Maksimum Güç (kW): 220<br>Şarj Ağı İşletmecisi: ZES DİJİTAL TİCARET ANONİM ŞİRKETİ<br>İstasyon No: ŞRJ/1206<br>Adres: Kızkalesi Mahallesi Kirazlı Caddesi No:45 /A Erdemli / MERSİN<br>Açıklama: Marka: zes<br>İlçe: Erdemli<br>Şarj tipi: AC<br>Soketler: 2 × Type 2<br>Maksimum güç: 22.0 kW<br>Şarj ağı işletmecisi: ZES DİJİTAL TİCARET ANONİM ŞİRKETİ<br>İstasyon no: ŞRJ/1206]]></description>
        <styleUrl>#icon-1899-0288D1</styleUrl>
        <ExtendedData>
          <Data name="Konum">
            <value>Kızkalesi Mahallesi Kirazlı Caddesi No:45 /A Erdemli / MERSİN, Mersin, Türkiye</value>
          </Data>
          <Data name="İlçe">
            <value>Erdemli</value>
          </Data>
          <Data name="Marka">
            <value>zes</value>
          </Data>
          <Data name="Şarj Tipi">
            <value>AC</value>
          </Data>
          <Data name="AC Soket">
            <value>2.0</value>
          </Data>
          <Data name="DC Soket">
            <value>0.0</value>
          </Data>
          <Data name="Soket Özeti">
            <value>2 × Type 2</value>
          </Data>
          <Data name="Maksimum Güç (kW)">
            <value>220.0</value>
          </Data>
          <Data name="Şarj Ağı İşletmecisi">
            <value>ZES DİJİTAL TİCARET ANONİM ŞİRKETİ</value>
          </Data>
          <Data name="İstasyon No">
            <value>ŞRJ/1206</value>
          </Data>
          <Data name="Adres">
            <value>Kızkalesi Mahallesi Kirazlı Caddesi No:45 /A Erdemli / MERSİN</value>
          </Data>
          <Data name="Açıklama">
            <value>Marka: zes
İlçe: Erdemli
Şarj tipi: AC
Soketler: 2 × Type 2
Maksimum güç: 22.0 kW
Şarj ağı işletmecisi: ZES DİJİTAL TİCARET ANONİM ŞİRKETİ
İstasyon no: ŞRJ/1206</value>
          </Data>
        </ExtendedData>
      </Placemark>
      <Placemark>
        <name>Sayapark AVM Mersin</name>
        <address>Akkent Mahallesi No:759 /312 Yenişehir / MERSİN, Mersin, Türkiye</address>
        <description><![CDATA[Konum: Akkent Mahallesi No:759 /312 Yenişehir / MERSİN, Mersin, Türkiye<br>İlçe: Yenişehir<br>Marka: zes<br>Şarj Tipi: AC<br>AC Soket: 2<br>DC Soket: 0<br>Soket Özeti: 2 × Type 2<br>Maksimum Güç (kW): 220<br>Şarj Ağı İşletmecisi: ZES DİJİTAL TİCARET ANONİM ŞİRKETİ<br>İstasyon No: ŞRJ/1209<br>Adres: Akkent Mahallesi No:759 /312 Yenişehir / MERSİN<br>Açıklama: Marka: zes<br>İlçe: Yenişehir<br>Şarj tipi: AC<br>Soketler: 2 × Type 2<br>Maksimum güç: 22.0 kW<br>Şarj ağı işletmecisi: ZES DİJİTAL TİCARET ANONİM ŞİRKETİ<br>İstasyon no: ŞRJ/1209]]></description>
        <styleUrl>#icon-1899-0288D1</styleUrl>
        <ExtendedData>
          <Data name="Konum">
            <value>Akkent Mahallesi No:759 /312 Yenişehir / MERSİN, Mersin, Türkiye</value>
          </Data>
          <Data name="İlçe">
            <value>Yenişehir</value>
          </Data>
          <Data name="Marka">
            <value>zes</value>
          </Data>
          <Data name="Şarj Tipi">
            <value>AC</value>
          </Data>
          <Data name="AC Soket">
            <value>2.0</value>
          </Data>
          <Data name="DC Soket">
            <value>0.0</value>
          </Data>
          <Data name="Soket Özeti">
            <value>2 × Type 2</value>
          </Data>
          <Data name="Maksimum Güç (kW)">
            <value>220.0</value>
          </Data>
          <Data name="Şarj Ağı İşletmecisi">
            <value>ZES DİJİTAL TİCARET ANONİM ŞİRKETİ</value>
          </Data>
          <Data name="İstasyon No">
            <value>ŞRJ/1209</value>
          </Data>
          <Data name="Adres">
            <value>Akkent Mahallesi No:759 /312 Yenişehir / MERSİN</value>
          </Data>
          <Data name="Açıklama">
            <value>Marka: zes
İlçe: Yenişehir
Şarj tipi: AC
Soketler: 2 × Type 2
Maksimum güç: 22.0 kW
Şarj ağı işletmecisi: ZES DİJİTAL TİCARET ANONİM ŞİRKETİ
İstasyon no: ŞRJ/1209</value>
          </Data>
        </ExtendedData>
      </Placemark>
      <Placemark>
        <name>Ünlüselek Hotel Mersin</name>
        <address>Yalı Evleri Mahallesi 1620 Sokağı No:12 /A Anamur / MERSİN, Mersin, Türkiye</address>
        <description><![CDATA[Konum: Yalı Evleri Mahallesi 1620 Sokağı No:12 /A Anamur / MERSİN, Mersin, Türkiye<br>İlçe: Anamur<br>Marka: zes<br>Şarj Tipi: AC<br>AC Soket: 2<br>DC Soket: 0<br>Soket Özeti: 2 × Type 2<br>Maksimum Güç (kW): 220<br>Şarj Ağı İşletmecisi: ZES DİJİTAL TİCARET ANONİM ŞİRKETİ<br>İstasyon No: ŞRJ/1213<br>Adres: Yalı Evleri Mahallesi 1620 Sokağı No:12 /A Anamur / MERSİN<br>Açıklama: Marka: zes<br>İlçe: Anamur<br>Şarj tipi: AC<br>Soketler: 2 × Type 2<br>Maksimum güç: 22.0 kW<br>Şarj ağı işletmecisi: ZES DİJİTAL TİCARET ANONİM ŞİRKETİ<br>İstasyon no: ŞRJ/1213]]></description>
        <styleUrl>#icon-1899-0288D1</styleUrl>
        <ExtendedData>
          <Data name="Konum">
            <value>Yalı Evleri Mahallesi 1620 Sokağı No:12 /A Anamur / MERSİN, Mersin, Türkiye</value>
          </Data>
          <Data name="İlçe">
            <value>Anamur</value>
          </Data>
          <Data name="Marka">
            <value>zes</value>
          </Data>
          <Data name="Şarj Tipi">
            <value>AC</value>
          </Data>
          <Data name="AC Soket">
            <value>2.0</value>
          </Data>
          <Data name="DC Soket">
            <value>0.0</value>
          </Data>
          <Data name="Soket Özeti">
            <value>2 × Type 2</value>
          </Data>
          <Data name="Maksimum Güç (kW)">
            <value>220.0</value>
          </Data>
          <Data name="Şarj Ağı İşletmecisi">
            <value>ZES DİJİTAL TİCARET ANONİM ŞİRKETİ</value>
          </Data>
          <Data name="İstasyon No">
            <value>ŞRJ/1213</value>
          </Data>
          <Data name="Adres">
            <value>Yalı Evleri Mahallesi 1620 Sokağı No:12 /A Anamur / MERSİN</value>
          </Data>
          <Data name="Açıklama">
            <value>Marka: zes
İlçe: Anamur
Şarj tipi: AC
Soketler: 2 × Type 2
Maksimum güç: 22.0 kW
Şarj ağı işletmecisi: ZES DİJİTAL TİCARET ANONİM ŞİRKETİ
İstasyon no: ŞRJ/1213</value>
          </Data>
        </ExtendedData>
      </Placemark>
      <Placemark>
        <name>Yağan Yem San., Mersin</name>
        <address>Yarbay Şemsettin Mahallesi No:194/A Tarsus / MERSİN, Mersin, Türkiye</address>
        <description><![CDATA[Konum: Yarbay Şemsettin Mahallesi No:194/A Tarsus / MERSİN, Mersin, Türkiye<br>İlçe: Tarsus<br>Marka: eşarj<br>Şarj Tipi: AC + DC<br>AC Soket: 1<br>DC Soket: 2<br>Soket Özeti: 2 × CCS, 1 × Type 2<br>Maksimum Güç (kW): 1200<br>Şarj Ağı İşletmecisi: EŞARJ ELEKTRİKLİ ARAÇLAR ŞARJ SİSTEMLERİ ANONİM ŞİRKETİ<br>İstasyon No: ŞRJ/8628<br>Adres: Yarbay Şemsettin Mahallesi No:194/A Tarsus / MERSİN<br>Açıklama: Marka: eşarj<br>İlçe: Tarsus<br>Şarj tipi: AC + DC<br>Soketler: 2 × CCS, 1 × Type 2<br>Maksimum güç: 120.0 kW<br>Şarj ağı işletmecisi: EŞARJ ELEKTRİKLİ ARAÇLAR ŞARJ SİSTEMLERİ ANONİM ŞİRKETİ<br>İstasyon no: ŞRJ/8628]]></description>
        <styleUrl>#icon-1899-0288D1</styleUrl>
        <ExtendedData>
          <Data name="Konum">
            <value>Yarbay Şemsettin Mahallesi No:194/A Tarsus / MERSİN, Mersin, Türkiye</value>
          </Data>
          <Data name="İlçe">
            <value>Tarsus</value>
          </Data>
          <Data name="Marka">
            <value>eşarj</value>
          </Data>
          <Data name="Şarj Tipi">
            <value>AC + DC</value>
          </Data>
          <Data name="AC Soket">
            <value>1.0</value>
          </Data>
          <Data name="DC Soket">
            <value>2.0</value>
          </Data>
          <Data name="Soket Özeti">
            <value>2 × CCS, 1 × Type 2</value>
          </Data>
          <Data name="Maksimum Güç (kW)">
            <value>1200.0</value>
          </Data>
          <Data name="Şarj Ağı İşletmecisi">
            <value>EŞARJ ELEKTRİKLİ ARAÇLAR ŞARJ SİSTEMLERİ ANONİM ŞİRKETİ</value>
          </Data>
          <Data name="İstasyon No">
            <value>ŞRJ/8628</value>
          </Data>
          <Data name="Adres">
            <value>Yarbay Şemsettin Mahallesi No:194/A Tarsus / MERSİN</value>
          </Data>
          <Data name="Açıklama">
            <value>Marka: eşarj
İlçe: Tarsus
Şarj tipi: AC + DC
Soketler: 2 × CCS, 1 × Type 2
Maksimum güç: 120.0 kW
Şarj ağı işletmecisi: EŞARJ ELEKTRİKLİ ARAÇLAR ŞARJ SİSTEMLERİ ANONİM ŞİRKETİ
İstasyon no: ŞRJ/8628</value>
          </Data>
        </ExtendedData>
      </Placemark>
      <Placemark>
        <name>ASTORŞARJ MERSİN BUMER DİNLENME TESİSİ</name>
        <description><![CDATA[Konum: Hırmanlı Mahallesi Kemer Sokağı No:12 Silifke / MERSİN, Mersin, Türkiye<br>İlçe: Silifke<br>Marka: ASTOR<br>Şarj Tipi: DC<br>AC Soket: 0<br>DC Soket: 4<br>Soket Özeti: 4 × CCS<br>Maksimum Güç (kW): 3000<br>Şarj Ağı İşletmecisi: ASTOR ENERJİ ANONİM ŞİRKETİ<br>İstasyon No: ŞRJ/8983<br>Adres: Hırmanlı Mahallesi Kemer Sokağı No:12 Silifke / MERSİN<br>Açıklama: Marka: ASTOR<br>İlçe: Silifke<br>Şarj tipi: DC<br>Soketler: 4 × CCS<br>Maksimum güç: 300.0 kW<br>Şarj ağı işletmecisi: ASTOR ENERJİ ANONİM ŞİRKETİ<br>İstasyon no: ŞRJ/8983]]></description>
        <ExtendedData>
          <Data name="Konum">
            <value>Hırmanlı Mahallesi Kemer Sokağı No:12 Silifke / MERSİN, Mersin, Türkiye</value>
          </Data>
          <Data name="İlçe">
            <value>Silifke</value>
          </Data>
          <Data name="Marka">
            <value>ASTOR</value>
          </Data>
          <Data name="Şarj Tipi">
            <value>DC</value>
          </Data>
          <Data name="AC Soket">
            <value>0.0</value>
          </Data>
          <Data name="DC Soket">
            <value>4.0</value>
          </Data>
          <Data name="Soket Özeti">
            <value>4 × CCS</value>
          </Data>
          <Data name="Maksimum Güç (kW)">
            <value>3000.0</value>
          </Data>
          <Data name="Şarj Ağı İşletmecisi">
            <value>ASTOR ENERJİ ANONİM ŞİRKETİ</value>
          </Data>
          <Data name="İstasyon No">
            <value>ŞRJ/8983</value>
          </Data>
          <Data name="Adres">
            <value>Hırmanlı Mahallesi Kemer Sokağı No:12 Silifke / MERSİN</value>
          </Data>
          <Data name="Açıklama">
            <value>Marka: ASTOR
İlçe: Silifke
Şarj tipi: DC
Soketler: 4 × CCS
Maksimum güç: 300.0 kW
Şarj ağı işletmecisi: ASTOR ENERJİ ANONİM ŞİRKETİ
İstasyon no: ŞRJ/8983</value>
          </Data>
        </ExtendedData>
      </Placemark>
      <Placemark>
        <name>BARBAROSSA AC-1, AC-2</name>
        <address>Akdeniz Mahallesi Çetin Özyaran Sokağı No:16 Erdemli / MERSİN, Mersin, Türkiye</address>
        <description><![CDATA[Konum: Akdeniz Mahallesi Çetin Özyaran Sokağı No:16 Erdemli / MERSİN, Mersin, Türkiye<br>İlçe: Erdemli<br>Marka: beefull<br>Şarj Tipi: AC<br>AC Soket: 2<br>DC Soket: 0<br>Soket Özeti: 2 × Type 2<br>Maksimum Güç (kW): 220<br>Şarj Ağı İşletmecisi: BEEFULL ENERJİ TEKNOLOJİLERİ ANONİM ŞİRKETİ<br>İstasyon No: ŞRJ/9458<br>Adres: Akdeniz Mahallesi Çetin Özyaran Sokağı No:16 Erdemli / MERSİN<br>Açıklama: Marka: beefull<br>İlçe: Erdemli<br>Şarj tipi: AC<br>Soketler: 2 × Type 2<br>Maksimum güç: 22.0 kW<br>Şarj ağı işletmecisi: BEEFULL ENERJİ TEKNOLOJİLERİ ANONİM ŞİRKETİ<br>İstasyon no: ŞRJ/9458]]></description>
        <styleUrl>#icon-1899-0288D1</styleUrl>
        <ExtendedData>
          <Data name="Konum">
            <value>Akdeniz Mahallesi Çetin Özyaran Sokağı No:16 Erdemli / MERSİN, Mersin, Türkiye</value>
          </Data>
          <Data name="İlçe">
            <value>Erdemli</value>
          </Data>
          <Data name="Marka">
            <value>beefull</value>
          </Data>
          <Data name="Şarj Tipi">
            <value>AC</value>
          </Data>
          <Data name="AC Soket">
            <value>2.0</value>
          </Data>
          <Data name="DC Soket">
            <value>0.0</value>
          </Data>
          <Data name="Soket Özeti">
            <value>2 × Type 2</value>
          </Data>
          <Data name="Maksimum Güç (kW)">
            <value>220.0</value>
          </Data>
          <Data name="Şarj Ağı İşletmecisi">
            <value>BEEFULL ENERJİ TEKNOLOJİLERİ ANONİM ŞİRKETİ</value>
          </Data>
          <Data name="İstasyon No">
            <value>ŞRJ/9458</value>
          </Data>
          <Data name="Adres">
            <value>Akdeniz Mahallesi Çetin Özyaran Sokağı No:16 Erdemli / MERSİN</value>
          </Data>
          <Data name="Açıklama">
            <value>Marka: beefull
İlçe: Erdemli
Şarj tipi: AC
Soketler: 2 × Type 2
Maksimum güç: 22.0 kW
Şarj ağı işletmecisi: BEEFULL ENERJİ TEKNOLOJİLERİ ANONİM ŞİRKETİ
İstasyon no: ŞRJ/9458</value>
          </Data>
        </ExtendedData>
      </Placemark>
      <Placemark>
        <name>Arcona / Othello Otel Mersin</name>
        <address>Cami Şerif Mahallesi 5248 Sokağı No:3/A Akdeniz / MERSİN, Mersin, Türkiye</address>
        <description><![CDATA[Konum: Cami Şerif Mahallesi 5248 Sokağı No:3/A Akdeniz / MERSİN, Mersin, Türkiye<br>İlçe: Akdeniz<br>Marka: AARCONA<br>Şarj Tipi: AC<br>AC Soket: 1<br>DC Soket: 0<br>Soket Özeti: 1 × Type 2<br>Maksimum Güç (kW): 220<br>Şarj Ağı İşletmecisi: ARCONA TEKNOLOJİ ANONİM ŞİRKETİ<br>İstasyon No: ŞRJ/4311<br>Adres: Cami Şerif Mahallesi 5248 Sokağı No:3/A Akdeniz / MERSİN<br>Açıklama: Marka: AARCONA<br>İlçe: Akdeniz<br>Şarj tipi: AC<br>Soketler: 1 × Type 2<br>Maksimum güç: 22.0 kW<br>Şarj ağı işletmecisi: ARCONA TEKNOLOJİ ANONİM ŞİRKETİ<br>İstasyon no: ŞRJ/4311]]></description>
        <styleUrl>#icon-1899-0288D1</styleUrl>
        <ExtendedData>
          <Data name="Konum">
            <value>Cami Şerif Mahallesi 5248 Sokağı No:3/A Akdeniz / MERSİN, Mersin, Türkiye</value>
          </Data>
          <Data name="İlçe">
            <value>Akdeniz</value>
          </Data>
          <Data name="Marka">
            <value>AARCONA</value>
          </Data>
          <Data name="Şarj Tipi">
            <value>AC</value>
          </Data>
          <Data name="AC Soket">
            <value>1.0</value>
          </Data>
          <Data name="DC Soket">
            <value>0.0</value>
          </Data>
          <Data name="Soket Özeti">
            <value>1 × Type 2</value>
          </Data>
          <Data name="Maksimum Güç (kW)">
            <value>220.0</value>
          </Data>
          <Data name="Şarj Ağı İşletmecisi">
            <value>ARCONA TEKNOLOJİ ANONİM ŞİRKETİ</value>
          </Data>
          <Data name="İstasyon No">
            <value>ŞRJ/4311</value>
          </Data>
          <Data name="Adres">
            <value>Cami Şerif Mahallesi 5248 Sokağı No:3/A Akdeniz / MERSİN</value>
          </Data>
          <Data name="Açıklama">
            <value>Marka: AARCONA
İlçe: Akdeniz
Şarj tipi: AC
Soketler: 1 × Type 2
Maksimum güç: 22.0 kW
Şarj ağı işletmecisi: ARCONA TEKNOLOJİ ANONİM ŞİRKETİ
İstasyon no: ŞRJ/4311</value>
          </Data>
        </ExtendedData>
      </Placemark>
      <Placemark>
        <name>Yenişehir Akademi</name>
        <address>Pirireis Mahallesi 1131 Sokağı Yenişehir / MERSİN, Mersin, Türkiye</address>
        <description><![CDATA[Konum: Pirireis Mahallesi 1131 Sokağı Yenişehir / MERSİN, Mersin, Türkiye<br>İlçe: Yenişehir<br>Marka: Electrise<br>Şarj Tipi: AC<br>AC Soket: 4<br>DC Soket: 0<br>Soket Özeti: 4 × Type 2<br>Maksimum Güç (kW): 110<br>Şarj Ağı İşletmecisi: CHARGE TEKNOLOJİ SANAYİ VE TİCARET ANONİM ŞİRKETİ<br>İstasyon No: ŞRJ/9707<br>Adres: Pirireis Mahallesi 1131 Sokağı Yenişehir / MERSİN<br>Açıklama: Marka: Electrise<br>İlçe: Yenişehir<br>Şarj tipi: AC<br>Soketler: 4 × Type 2<br>Maksimum güç: 11.0 kW<br>Şarj ağı işletmecisi: CHARGE TEKNOLOJİ SANAYİ VE TİCARET ANONİM ŞİRKETİ<br>İstasyon no: ŞRJ/9707]]></description>
        <styleUrl>#icon-1899-0288D1</styleUrl>
        <ExtendedData>
          <Data name="Konum">
            <value>Pirireis Mahallesi 1131 Sokağı Yenişehir / MERSİN, Mersin, Türkiye</value>
          </Data>
          <Data name="İlçe">
            <value>Yenişehir</value>
          </Data>
          <Data name="Marka">
            <value>Electrise</value>
          </Data>
          <Data name="Şarj Tipi">
            <value>AC</value>
          </Data>
          <Data name="AC Soket">
            <value>4.0</value>
          </Data>
          <Data name="DC Soket">
            <value>0.0</value>
          </Data>
          <Data name="Soket Özeti">
            <value>4 × Type 2</value>
          </Data>
          <Data name="Maksimum Güç (kW)">
            <value>110.0</value>
          </Data>
          <Data name="Şarj Ağı İşletmecisi">
            <value>CHARGE TEKNOLOJİ SANAYİ VE TİCARET ANONİM ŞİRKETİ</value>
          </Data>
          <Data name="İstasyon No">
            <value>ŞRJ/9707</value>
          </Data>
          <Data name="Adres">
            <value>Pirireis Mahallesi 1131 Sokağı Yenişehir / MERSİN</value>
          </Data>
          <Data name="Açıklama">
            <value>Marka: Electrise
İlçe: Yenişehir
Şarj tipi: AC
Soketler: 4 × Type 2
Maksimum güç: 11.0 kW
Şarj ağı işletmecisi: CHARGE TEKNOLOJİ SANAYİ VE TİCARET ANONİM ŞİRKETİ
İstasyon no: ŞRJ/9707</value>
          </Data>
        </ExtendedData>
      </Placemark>
      <Placemark>
        <name>Betem</name>
        <address>Fuatmorel Mahallesi No:2869 Yenişehir / MERSİN, Mersin, Türkiye</address>
        <description><![CDATA[Konum: Fuatmorel Mahallesi No:2869 Yenişehir / MERSİN, Mersin, Türkiye<br>İlçe: Yenişehir<br>Marka: Electrise<br>Şarj Tipi: AC<br>AC Soket: 4<br>DC Soket: 0<br>Soket Özeti: 4 × Type 2<br>Maksimum Güç (kW): 110<br>Şarj Ağı İşletmecisi: CHARGE TEKNOLOJİ SANAYİ VE TİCARET ANONİM ŞİRKETİ<br>İstasyon No: ŞRJ/9708<br>Adres: Fuatmorel Mahallesi No:2869 Yenişehir / MERSİN<br>Açıklama: Marka: Electrise<br>İlçe: Yenişehir<br>Şarj tipi: AC<br>Soketler: 4 × Type 2<br>Maksimum güç: 11.0 kW<br>Şarj ağı işletmecisi: CHARGE TEKNOLOJİ SANAYİ VE TİCARET ANONİM ŞİRKETİ<br>İstasyon no: ŞRJ/9708]]></description>
        <styleUrl>#icon-1899-0288D1</styleUrl>
        <ExtendedData>
          <Data name="Konum">
            <value>Fuatmorel Mahallesi No:2869 Yenişehir / MERSİN, Mersin, Türkiye</value>
          </Data>
          <Data name="İlçe">
            <value>Yenişehir</value>
          </Data>
          <Data name="Marka">
            <value>Electrise</value>
          </Data>
          <Data name="Şarj Tipi">
            <value>AC</value>
          </Data>
          <Data name="AC Soket">
            <value>4.0</value>
          </Data>
          <Data name="DC Soket">
            <value>0.0</value>
          </Data>
          <Data name="Soket Özeti">
            <value>4 × Type 2</value>
          </Data>
          <Data name="Maksimum Güç (kW)">
            <value>110.0</value>
          </Data>
          <Data name="Şarj Ağı İşletmecisi">
            <value>CHARGE TEKNOLOJİ SANAYİ VE TİCARET ANONİM ŞİRKETİ</value>
          </Data>
          <Data name="İstasyon No">
            <value>ŞRJ/9708</value>
          </Data>
          <Data name="Adres">
            <value>Fuatmorel Mahallesi No:2869 Yenişehir / MERSİN</value>
          </Data>
          <Data name="Açıklama">
            <value>Marka: Electrise
İlçe: Yenişehir
Şarj tipi: AC
Soketler: 4 × Type 2
Maksimum güç: 11.0 kW
Şarj ağı işletmecisi: CHARGE TEKNOLOJİ SANAYİ VE TİCARET ANONİM ŞİRKETİ
İstasyon no: ŞRJ/9708</value>
          </Data>
        </ExtendedData>
      </Placemark>
      <Placemark>
        <name>Betem Menteş</name>
        <address>Menteş Mahallesi 2538 Sokağı No:4 Yenişehir / MERSİN, Mersin, Türkiye</address>
        <description><![CDATA[Konum: Menteş Mahallesi 2538 Sokağı No:4 Yenişehir / MERSİN, Mersin, Türkiye<br>İlçe: Yenişehir<br>Marka: Electrise<br>Şarj Tipi: AC<br>AC Soket: 3<br>DC Soket: 0<br>Soket Özeti: 3 × Type 2<br>Maksimum Güç (kW): 110<br>Şarj Ağı İşletmecisi: CHARGE TEKNOLOJİ SANAYİ VE TİCARET ANONİM ŞİRKETİ<br>İstasyon No: ŞRJ/9711<br>Adres: Menteş Mahallesi 2538 Sokağı No:4 Yenişehir / MERSİN<br>Açıklama: Marka: Electrise<br>İlçe: Yenişehir<br>Şarj tipi: AC<br>Soketler: 3 × Type 2<br>Maksimum güç: 11.0 kW<br>Şarj ağı işletmecisi: CHARGE TEKNOLOJİ SANAYİ VE TİCARET ANONİM ŞİRKETİ<br>İstasyon no: ŞRJ/9711]]></description>
        <styleUrl>#icon-1899-0288D1</styleUrl>
        <ExtendedData>
          <Data name="Konum">
            <value>Menteş Mahallesi 2538 Sokağı No:4 Yenişehir / MERSİN, Mersin, Türkiye</value>
          </Data>
          <Data name="İlçe">
            <value>Yenişehir</value>
          </Data>
          <Data name="Marka">
            <value>Electrise</value>
          </Data>
          <Data name="Şarj Tipi">
            <value>AC</value>
          </Data>
          <Data name="AC Soket">
            <value>3.0</value>
          </Data>
          <Data name="DC Soket">
            <value>0.0</value>
          </Data>
          <Data name="Soket Özeti">
            <value>3 × Type 2</value>
          </Data>
          <Data name="Maksimum Güç (kW)">
            <value>110.0</value>
          </Data>
          <Data name="Şarj Ağı İşletmecisi">
            <value>CHARGE TEKNOLOJİ SANAYİ VE TİCARET ANONİM ŞİRKETİ</value>
          </Data>
          <Data name="İstasyon No">
            <value>ŞRJ/9711</value>
          </Data>
          <Data name="Adres">
            <value>Menteş Mahallesi 2538 Sokağı No:4 Yenişehir / MERSİN</value>
          </Data>
          <Data name="Açıklama">
            <value>Marka: Electrise
İlçe: Yenişehir
Şarj tipi: AC
Soketler: 3 × Type 2
Maksimum güç: 11.0 kW
Şarj ağı işletmecisi: CHARGE TEKNOLOJİ SANAYİ VE TİCARET ANONİM ŞİRKETİ
İstasyon no: ŞRJ/9711</value>
          </Data>
        </ExtendedData>
      </Placemark>
      <Placemark>
        <name>Özgecan Etüt</name>
        <address>Barbaros Mahallesi 2146 Sokağı No:1A Yenişehir / MERSİN, Mersin, Türkiye</address>
        <description><![CDATA[Konum: Barbaros Mahallesi 2146 Sokağı No:1A Yenişehir / MERSİN, Mersin, Türkiye<br>İlçe: Yenişehir<br>Marka: Electrise<br>Şarj Tipi: AC<br>AC Soket: 2<br>DC Soket: 0<br>Soket Özeti: 2 × Type 2<br>Maksimum Güç (kW): 110<br>Şarj Ağı İşletmecisi: CHARGE TEKNOLOJİ SANAYİ VE TİCARET ANONİM ŞİRKETİ<br>İstasyon No: ŞRJ/9712<br>Adres: Barbaros Mahallesi 2146 Sokağı No:1A Yenişehir / MERSİN<br>Açıklama: Marka: Electrise<br>İlçe: Yenişehir<br>Şarj tipi: AC<br>Soketler: 2 × Type 2<br>Maksimum güç: 11.0 kW<br>Şarj ağı işletmecisi: CHARGE TEKNOLOJİ SANAYİ VE TİCARET ANONİM ŞİRKETİ<br>İstasyon no: ŞRJ/9712]]></description>
        <styleUrl>#icon-1899-0288D1</styleUrl>
        <ExtendedData>
          <Data name="Konum">
            <value>Barbaros Mahallesi 2146 Sokağı No:1A Yenişehir / MERSİN, Mersin, Türkiye</value>
          </Data>
          <Data name="İlçe">
            <value>Yenişehir</value>
          </Data>
          <Data name="Marka">
            <value>Electrise</value>
          </Data>
          <Data name="Şarj Tipi">
            <value>AC</value>
          </Data>
          <Data name="AC Soket">
            <value>2.0</value>
          </Data>
          <Data name="DC Soket">
            <value>0.0</value>
          </Data>
          <Data name="Soket Özeti">
            <value>2 × Type 2</value>
          </Data>
          <Data name="Maksimum Güç (kW)">
            <value>110.0</value>
          </Data>
          <Data name="Şarj Ağı İşletmecisi">
            <value>CHARGE TEKNOLOJİ SANAYİ VE TİCARET ANONİM ŞİRKETİ</value>
          </Data>
          <Data name="İstasyon No">
            <value>ŞRJ/9712</value>
          </Data>
          <Data name="Adres">
            <value>Barbaros Mahallesi 2146 Sokağı No:1A Yenişehir / MERSİN</value>
          </Data>
          <Data name="Açıklama">
            <value>Marka: Electrise
İlçe: Yenişehir
Şarj tipi: AC
Soketler: 2 × Type 2
Maksimum güç: 11.0 kW
Şarj ağı işletmecisi: CHARGE TEKNOLOJİ SANAYİ VE TİCARET ANONİM ŞİRKETİ
İstasyon no: ŞRJ/9712</value>
          </Data>
        </ExtendedData>
      </Placemark>
      <Placemark>
        <name>Özgecan Spor Kompleksi</name>
        <address>Barbaros Mahallesi 2181 Sokağı No:8 Yenişehir / MERSİN, Mersin, Türkiye</address>
        <description><![CDATA[Konum: Barbaros Mahallesi 2181 Sokağı No:8 Yenişehir / MERSİN, Mersin, Türkiye<br>İlçe: Yenişehir<br>Marka: Electrise<br>Şarj Tipi: AC<br>AC Soket: 2<br>DC Soket: 0<br>Soket Özeti: 2 × Type 2<br>Maksimum Güç (kW): 34<br>Şarj Ağı İşletmecisi: CHARGE TEKNOLOJİ SANAYİ VE TİCARET ANONİM ŞİRKETİ<br>İstasyon No: ŞRJ/9715<br>Adres: Barbaros Mahallesi 2181 Sokağı No:8 Yenişehir / MERSİN<br>Açıklama: Marka: Electrise<br>İlçe: Yenişehir<br>Şarj tipi: AC<br>Soketler: 2 × Type 2<br>Maksimum güç: 3.4 kW<br>Şarj ağı işletmecisi: CHARGE TEKNOLOJİ SANAYİ VE TİCARET ANONİM ŞİRKETİ<br>İstasyon no: ŞRJ/9715]]></description>
        <styleUrl>#icon-1899-0288D1</styleUrl>
        <ExtendedData>
          <Data name="Konum">
            <value>Barbaros Mahallesi 2181 Sokağı No:8 Yenişehir / MERSİN, Mersin, Türkiye</value>
          </Data>
          <Data name="İlçe">
            <value>Yenişehir</value>
          </Data>
          <Data name="Marka">
            <value>Electrise</value>
          </Data>
          <Data name="Şarj Tipi">
            <value>AC</value>
          </Data>
          <Data name="AC Soket">
            <value>2.0</value>
          </Data>
          <Data name="DC Soket">
            <value>0.0</value>
          </Data>
          <Data name="Soket Özeti">
            <value>2 × Type 2</value>
          </Data>
          <Data name="Maksimum Güç (kW)">
            <value>34.0</value>
          </Data>
          <Data name="Şarj Ağı İşletmecisi">
            <value>CHARGE TEKNOLOJİ SANAYİ VE TİCARET ANONİM ŞİRKETİ</value>
          </Data>
          <Data name="İstasyon No">
            <value>ŞRJ/9715</value>
          </Data>
          <Data name="Adres">
            <value>Barbaros Mahallesi 2181 Sokağı No:8 Yenişehir / MERSİN</value>
          </Data>
          <Data name="Açıklama">
            <value>Marka: Electrise
İlçe: Yenişehir
Şarj tipi: AC
Soketler: 2 × Type 2
Maksimum güç: 3.4 kW
Şarj ağı işletmecisi: CHARGE TEKNOLOJİ SANAYİ VE TİCARET ANONİM ŞİRKETİ
İstasyon no: ŞRJ/9715</value>
          </Data>
        </ExtendedData>
      </Placemark>
      <Placemark>
        <name>Atatürk Kültür Merkezi</name>
        <address>Limonluk Mahallesi Ali Kaya Mutlu Sokağı No:11 Merkez Yenişehir / MERSİN, Mersin, Türkiye</address>
        <description><![CDATA[Konum: Limonluk Mahallesi Ali Kaya Mutlu Sokağı No:11 Merkez Yenişehir / MERSİN, Mersin, Türkiye<br>İlçe: Yenişehir<br>Marka: Electrise<br>Şarj Tipi: AC + DC<br>AC Soket: 4<br>DC Soket: 4<br>Soket Özeti: 4 × CCS, 4 × Type 2<br>Maksimum Güç (kW): 600<br>Şarj Ağı İşletmecisi: CHARGE TEKNOLOJİ SANAYİ VE TİCARET ANONİM ŞİRKETİ<br>İstasyon No: ŞRJ/10088<br>Adres: Limonluk Mahallesi Ali Kaya Mutlu Sokağı No:11 Merkez Yenişehir / MERSİN<br>Açıklama: Marka: Electrise<br>İlçe: Yenişehir<br>Şarj tipi: AC + DC<br>Soketler: 4 × CCS, 4 × Type 2<br>Maksimum güç: 60.0 kW<br>Şarj ağı işletmecisi: CHARGE TEKNOLOJİ SANAYİ VE TİCARET ANONİM ŞİRKETİ<br>İstasyon no: ŞRJ/10088]]></description>
        <styleUrl>#icon-1899-0288D1</styleUrl>
        <ExtendedData>
          <Data name="Konum">
            <value>Limonluk Mahallesi Ali Kaya Mutlu Sokağı No:11 Merkez Yenişehir / MERSİN, Mersin, Türkiye</value>
          </Data>
          <Data name="İlçe">
            <value>Yenişehir</value>
          </Data>
          <Data name="Marka">
            <value>Electrise</value>
          </Data>
          <Data name="Şarj Tipi">
            <value>AC + DC</value>
          </Data>
          <Data name="AC Soket">
            <value>4.0</value>
          </Data>
          <Data name="DC Soket">
            <value>4.0</value>
          </Data>
          <Data name="Soket Özeti">
            <value>4 × CCS, 4 × Type 2</value>
          </Data>
          <Data name="Maksimum Güç (kW)">
            <value>600.0</value>
          </Data>
          <Data name="Şarj Ağı İşletmecisi">
            <value>CHARGE TEKNOLOJİ SANAYİ VE TİCARET ANONİM ŞİRKETİ</value>
          </Data>
          <Data name="İstasyon No">
            <value>ŞRJ/10088</value>
          </Data>
          <Data name="Adres">
            <value>Limonluk Mahallesi Ali Kaya Mutlu Sokağı No:11 Merkez Yenişehir / MERSİN</value>
          </Data>
          <Data name="Açıklama">
            <value>Marka: Electrise
İlçe: Yenişehir
Şarj tipi: AC + DC
Soketler: 4 × CCS, 4 × Type 2
Maksimum güç: 60.0 kW
Şarj ağı işletmecisi: CHARGE TEKNOLOJİ SANAYİ VE TİCARET ANONİM ŞİRKETİ
İstasyon no: ŞRJ/10088</value>
          </Data>
        </ExtendedData>
      </Placemark>
      <Placemark>
        <name>Civil- Akdeniz, Mersin</name>
        <address>İhsaniye Mahallesi Zeytinlibahçe Caddesi Akdeniz / MERSİN, Mersin, Türkiye</address>
        <description><![CDATA[Konum: İhsaniye Mahallesi Zeytinlibahçe Caddesi Akdeniz / MERSİN, Mersin, Türkiye<br>İlçe: Akdeniz<br>Marka: eşarj<br>Şarj Tipi: AC<br>AC Soket: 2<br>DC Soket: 0<br>Soket Özeti: 2 × Type 2<br>Maksimum Güç (kW): 220<br>Şarj Ağı İşletmecisi: EŞARJ ELEKTRİKLİ ARAÇLAR ŞARJ SİSTEMLERİ ANONİM ŞİRKETİ<br>İstasyon No: ŞRJ/10289<br>Adres: İhsaniye Mahallesi Zeytinlibahçe Caddesi Akdeniz / MERSİN<br>Açıklama: Marka: eşarj<br>İlçe: Akdeniz<br>Şarj tipi: AC<br>Soketler: 2 × Type 2<br>Maksimum güç: 22.0 kW<br>Şarj ağı işletmecisi: EŞARJ ELEKTRİKLİ ARAÇLAR ŞARJ SİSTEMLERİ ANONİM ŞİRKETİ<br>İstasyon no: ŞRJ/10289]]></description>
        <styleUrl>#icon-1899-0288D1</styleUrl>
        <ExtendedData>
          <Data name="Konum">
            <value>İhsaniye Mahallesi Zeytinlibahçe Caddesi Akdeniz / MERSİN, Mersin, Türkiye</value>
          </Data>
          <Data name="İlçe">
            <value>Akdeniz</value>
          </Data>
          <Data name="Marka">
            <value>eşarj</value>
          </Data>
          <Data name="Şarj Tipi">
            <value>AC</value>
          </Data>
          <Data name="AC Soket">
            <value>2.0</value>
          </Data>
          <Data name="DC Soket">
            <value>0.0</value>
          </Data>
          <Data name="Soket Özeti">
            <value>2 × Type 2</value>
          </Data>
          <Data name="Maksimum Güç (kW)">
            <value>220.0</value>
          </Data>
          <Data name="Şarj Ağı İşletmecisi">
            <value>EŞARJ ELEKTRİKLİ ARAÇLAR ŞARJ SİSTEMLERİ ANONİM ŞİRKETİ</value>
          </Data>
          <Data name="İstasyon No">
            <value>ŞRJ/10289</value>
          </Data>
          <Data name="Adres">
            <value>İhsaniye Mahallesi Zeytinlibahçe Caddesi Akdeniz / MERSİN</value>
          </Data>
          <Data name="Açıklama">
            <value>Marka: eşarj
İlçe: Akdeniz
Şarj tipi: AC
Soketler: 2 × Type 2
Maksimum güç: 22.0 kW
Şarj ağı işletmecisi: EŞARJ ELEKTRİKLİ ARAÇLAR ŞARJ SİSTEMLERİ ANONİM ŞİRKETİ
İstasyon no: ŞRJ/10289</value>
          </Data>
        </ExtendedData>
      </Placemark>
      <Placemark>
        <name>MERSİN MARİNA OTEL</name>
        <address>Eğriçam Mahallesi 2204 Sokağı No:9 Yenişehir / MERSİN, Mersin, Türkiye</address>
        <description><![CDATA[Konum: Eğriçam Mahallesi 2204 Sokağı No:9 Yenişehir / MERSİN, Mersin, Türkiye<br>İlçe: Yenişehir<br>Marka: EN YAKIT<br>Şarj Tipi: DC<br>AC Soket: 0<br>DC Soket: 2<br>Soket Özeti: 2 × CCS<br>Maksimum Güç (kW): 1800<br>Şarj Ağı İşletmecisi: EN YAKIT ANONİM ŞİRKETİ<br>İstasyon No: ŞRJ/10587<br>Adres: Eğriçam Mahallesi 2204 Sokağı No:9 Yenişehir / MERSİN<br>Açıklama: Marka: EN YAKIT<br>İlçe: Yenişehir<br>Şarj tipi: DC<br>Soketler: 2 × CCS<br>Maksimum güç: 180.0 kW<br>Şarj ağı işletmecisi: EN YAKIT ANONİM ŞİRKETİ<br>İstasyon no: ŞRJ/10587]]></description>
        <styleUrl>#icon-1899-0288D1</styleUrl>
        <ExtendedData>
          <Data name="Konum">
            <value>Eğriçam Mahallesi 2204 Sokağı No:9 Yenişehir / MERSİN, Mersin, Türkiye</value>
          </Data>
          <Data name="İlçe">
            <value>Yenişehir</value>
          </Data>
          <Data name="Marka">
            <value>EN YAKIT</value>
          </Data>
          <Data name="Şarj Tipi">
            <value>DC</value>
          </Data>
          <Data name="AC Soket">
            <value>0.0</value>
          </Data>
          <Data name="DC Soket">
            <value>2.0</value>
          </Data>
          <Data name="Soket Özeti">
            <value>2 × CCS</value>
          </Data>
          <Data name="Maksimum Güç (kW)">
            <value>1800.0</value>
          </Data>
          <Data name="Şarj Ağı İşletmecisi">
            <value>EN YAKIT ANONİM ŞİRKETİ</value>
          </Data>
          <Data name="İstasyon No">
            <value>ŞRJ/10587</value>
          </Data>
          <Data name="Adres">
            <value>Eğriçam Mahallesi 2204 Sokağı No:9 Yenişehir / MERSİN</value>
          </Data>
          <Data name="Açıklama">
            <value>Marka: EN YAKIT
İlçe: Yenişehir
Şarj tipi: DC
Soketler: 2 × CCS
Maksimum güç: 180.0 kW
Şarj ağı işletmecisi: EN YAKIT ANONİM ŞİRKETİ
İstasyon no: ŞRJ/10587</value>
          </Data>
        </ExtendedData>
      </Placemark>
      <Placemark>
        <name>İsa-Ufuk Otomotiv, Mersin</name>
        <address>Bahçelievler Mahallesi No:15/A Anamur / MERSİN, Mersin, Türkiye</address>
        <description><![CDATA[Konum: Bahçelievler Mahallesi No:15/A Anamur / MERSİN, Mersin, Türkiye<br>İlçe: Anamur<br>Marka: eşarj<br>Şarj Tipi: DC<br>AC Soket: 0<br>DC Soket: 2<br>Soket Özeti: 2 × CCS<br>Maksimum Güç (kW): 1200<br>Şarj Ağı İşletmecisi: EŞARJ ELEKTRİKLİ ARAÇLAR ŞARJ SİSTEMLERİ ANONİM ŞİRKETİ<br>İstasyon No: ŞRJ/10819<br>Adres: Bahçelievler Mahallesi No:15/A Anamur / MERSİN<br>Açıklama: Marka: eşarj<br>İlçe: Anamur<br>Şarj tipi: DC<br>Soketler: 2 × CCS<br>Maksimum güç: 120.0 kW<br>Şarj ağı işletmecisi: EŞARJ ELEKTRİKLİ ARAÇLAR ŞARJ SİSTEMLERİ ANONİM ŞİRKETİ<br>İstasyon no: ŞRJ/10819]]></description>
        <styleUrl>#icon-1899-0288D1</styleUrl>
        <ExtendedData>
          <Data name="Konum">
            <value>Bahçelievler Mahallesi No:15/A Anamur / MERSİN, Mersin, Türkiye</value>
          </Data>
          <Data name="İlçe">
            <value>Anamur</value>
          </Data>
          <Data name="Marka">
            <value>eşarj</value>
          </Data>
          <Data name="Şarj Tipi">
            <value>DC</value>
          </Data>
          <Data name="AC Soket">
            <value>0.0</value>
          </Data>
          <Data name="DC Soket">
            <value>2.0</value>
          </Data>
          <Data name="Soket Özeti">
            <value>2 × CCS</value>
          </Data>
          <Data name="Maksimum Güç (kW)">
            <value>1200.0</value>
          </Data>
          <Data name="Şarj Ağı İşletmecisi">
            <value>EŞARJ ELEKTRİKLİ ARAÇLAR ŞARJ SİSTEMLERİ ANONİM ŞİRKETİ</value>
          </Data>
          <Data name="İstasyon No">
            <value>ŞRJ/10819</value>
          </Data>
          <Data name="Adres">
            <value>Bahçelievler Mahallesi No:15/A Anamur / MERSİN</value>
          </Data>
          <Data name="Açıklama">
            <value>Marka: eşarj
İlçe: Anamur
Şarj tipi: DC
Soketler: 2 × CCS
Maksimum güç: 120.0 kW
Şarj ağı işletmecisi: EŞARJ ELEKTRİKLİ ARAÇLAR ŞARJ SİSTEMLERİ ANONİM ŞİRKETİ
İstasyon no: ŞRJ/10819</value>
          </Data>
        </ExtendedData>
      </Placemark>
      <Placemark>
        <name>Otojet - Kayıkçıoğlu Petrol</name>
        <address>Arpaçbahşiş Mahallesi 201 Sokağı No:102 B1/1 Erdemli / MERSİN, Mersin, Türkiye</address>
        <description><![CDATA[Konum: Arpaçbahşiş Mahallesi 201 Sokağı No:102 B1/1 Erdemli / MERSİN, Mersin, Türkiye<br>İlçe: Erdemli<br>Marka: Otojet<br>Şarj Tipi: DC<br>AC Soket: 0<br>DC Soket: 2<br>Soket Özeti: 2 × CCS<br>Maksimum Güç (kW): 1500<br>Şarj Ağı İşletmecisi: OTOJET ENERJİ SANAYİ VE TİCARET ANONİM ŞİRKETİ<br>İstasyon No: ŞRJ/11076<br>Adres: Arpaçbahşiş Mahallesi 201 Sokağı No:102 B1/1 Erdemli / MERSİN<br>Açıklama: Marka: Otojet<br>İlçe: Erdemli<br>Şarj tipi: DC<br>Soketler: 2 × CCS<br>Maksimum güç: 150.0 kW<br>Şarj ağı işletmecisi: OTOJET ENERJİ SANAYİ VE TİCARET ANONİM ŞİRKETİ<br>İstasyon no: ŞRJ/11076]]></description>
        <styleUrl>#icon-1899-0288D1</styleUrl>
        <ExtendedData>
          <Data name="Konum">
            <value>Arpaçbahşiş Mahallesi 201 Sokağı No:102 B1/1 Erdemli / MERSİN, Mersin, Türkiye</value>
          </Data>
          <Data name="İlçe">
            <value>Erdemli</value>
          </Data>
          <Data name="Marka">
            <value>Otojet</value>
          </Data>
          <Data name="Şarj Tipi">
            <value>DC</value>
          </Data>
          <Data name="AC Soket">
            <value>0.0</value>
          </Data>
          <Data name="DC Soket">
            <value>2.0</value>
          </Data>
          <Data name="Soket Özeti">
            <value>2 × CCS</value>
          </Data>
          <Data name="Maksimum Güç (kW)">
            <value>1500.0</value>
          </Data>
          <Data name="Şarj Ağı İşletmecisi">
            <value>OTOJET ENERJİ SANAYİ VE TİCARET ANONİM ŞİRKETİ</value>
          </Data>
          <Data name="İstasyon No">
            <value>ŞRJ/11076</value>
          </Data>
          <Data name="Adres">
            <value>Arpaçbahşiş Mahallesi 201 Sokağı No:102 B1/1 Erdemli / MERSİN</value>
          </Data>
          <Data name="Açıklama">
            <value>Marka: Otojet
İlçe: Erdemli
Şarj tipi: DC
Soketler: 2 × CCS
Maksimum güç: 150.0 kW
Şarj ağı işletmecisi: OTOJET ENERJİ SANAYİ VE TİCARET ANONİM ŞİRKETİ
İstasyon no: ŞRJ/11076</value>
          </Data>
        </ExtendedData>
      </Placemark>
      <Placemark>
        <name>PARK POİNT CAFE BOZYAZI</name>
        <address>Beyreli Mahallesi 321 Caddesi No:3 Bozyazı / MERSİN, Mersin, Türkiye</address>
        <description><![CDATA[Konum: Beyreli Mahallesi 321 Caddesi No:3 Bozyazı / MERSİN, Mersin, Türkiye<br>İlçe: Bozyazı<br>Marka: EN YAKIT<br>Şarj Tipi: DC<br>AC Soket: 0<br>DC Soket: 2<br>Soket Özeti: 2 × CCS<br>Maksimum Güç (kW): 1800<br>Şarj Ağı İşletmecisi: EN YAKIT ANONİM ŞİRKETİ<br>İstasyon No: ŞRJ/11089<br>Adres: Beyreli Mahallesi 321 Caddesi No:3 Bozyazı / MERSİN<br>Açıklama: Marka: EN YAKIT<br>İlçe: Bozyazı<br>Şarj tipi: DC<br>Soketler: 2 × CCS<br>Maksimum güç: 180.0 kW<br>Şarj ağı işletmecisi: EN YAKIT ANONİM ŞİRKETİ<br>İstasyon no: ŞRJ/11089]]></description>
        <styleUrl>#icon-1899-0288D1</styleUrl>
        <ExtendedData>
          <Data name="Konum">
            <value>Beyreli Mahallesi 321 Caddesi No:3 Bozyazı / MERSİN, Mersin, Türkiye</value>
          </Data>
          <Data name="İlçe">
            <value>Bozyazı</value>
          </Data>
          <Data name="Marka">
            <value>EN YAKIT</value>
          </Data>
          <Data name="Şarj Tipi">
            <value>DC</value>
          </Data>
          <Data name="AC Soket">
            <value>0.0</value>
          </Data>
          <Data name="DC Soket">
            <value>2.0</value>
          </Data>
          <Data name="Soket Özeti">
            <value>2 × CCS</value>
          </Data>
          <Data name="Maksimum Güç (kW)">
            <value>1800.0</value>
          </Data>
          <Data name="Şarj Ağı İşletmecisi">
            <value>EN YAKIT ANONİM ŞİRKETİ</value>
          </Data>
          <Data name="İstasyon No">
            <value>ŞRJ/11089</value>
          </Data>
          <Data name="Adres">
            <value>Beyreli Mahallesi 321 Caddesi No:3 Bozyazı / MERSİN</value>
          </Data>
          <Data name="Açıklama">
            <value>Marka: EN YAKIT
İlçe: Bozyazı
Şarj tipi: DC
Soketler: 2 × CCS
Maksimum güç: 180.0 kW
Şarj ağı işletmecisi: EN YAKIT ANONİM ŞİRKETİ
İstasyon no: ŞRJ/11089</value>
          </Data>
        </ExtendedData>
      </Placemark>
      <Placemark>
        <name>Mersin Palm City AVM</name>
        <address>Limonluk Mahallesi 36. Caddesi No:2 Yenişehir / MERSİN, Mersin, Türkiye</address>
        <description><![CDATA[Konum: Limonluk Mahallesi 36. Caddesi No:2 Yenişehir / MERSİN, Mersin, Türkiye<br>İlçe: Yenişehir<br>Marka: Trugo<br>Şarj Tipi: DC<br>AC Soket: 0<br>DC Soket: 2<br>Soket Özeti: 2 × CCS<br>Maksimum Güç (kW): 1800<br>Şarj Ağı İşletmecisi: TRUGO AKILLI ŞARJ ÇÖZÜMLERİ SANAYİ VE TİCARET ANONİM ŞİRKETİ<br>İstasyon No: ŞRJ/11165<br>Adres: Limonluk Mahallesi 36. Caddesi No:2 Yenişehir / MERSİN<br>Açıklama: Marka: Trugo<br>İlçe: Yenişehir<br>Şarj tipi: DC<br>Soketler: 2 × CCS<br>Maksimum güç: 180.0 kW<br>Şarj ağı işletmecisi: TRUGO AKILLI ŞARJ ÇÖZÜMLERİ SANAYİ VE TİCARET ANONİM ŞİRKETİ<br>İstasyon no: ŞRJ/11165]]></description>
        <styleUrl>#icon-1899-0288D1</styleUrl>
        <ExtendedData>
          <Data name="Konum">
            <value>Limonluk Mahallesi 36. Caddesi No:2 Yenişehir / MERSİN, Mersin, Türkiye</value>
          </Data>
          <Data name="İlçe">
            <value>Yenişehir</value>
          </Data>
          <Data name="Marka">
            <value>Trugo</value>
          </Data>
          <Data name="Şarj Tipi">
            <value>DC</value>
          </Data>
          <Data name="AC Soket">
            <value>0.0</value>
          </Data>
          <Data name="DC Soket">
            <value>2.0</value>
          </Data>
          <Data name="Soket Özeti">
            <value>2 × CCS</value>
          </Data>
          <Data name="Maksimum Güç (kW)">
            <value>1800.0</value>
          </Data>
          <Data name="Şarj Ağı İşletmecisi">
            <value>TRUGO AKILLI ŞARJ ÇÖZÜMLERİ SANAYİ VE TİCARET ANONİM ŞİRKETİ</value>
          </Data>
          <Data name="İstasyon No">
            <value>ŞRJ/11165</value>
          </Data>
          <Data name="Adres">
            <value>Limonluk Mahallesi 36. Caddesi No:2 Yenişehir / MERSİN</value>
          </Data>
          <Data name="Açıklama">
            <value>Marka: Trugo
İlçe: Yenişehir
Şarj tipi: DC
Soketler: 2 × CCS
Maksimum güç: 180.0 kW
Şarj ağı işletmecisi: TRUGO AKILLI ŞARJ ÇÖZÜMLERİ SANAYİ VE TİCARET ANONİM ŞİRKETİ
İstasyon no: ŞRJ/11165</value>
          </Data>
        </ExtendedData>
      </Placemark>
      <Placemark>
        <name>Anemon Otel Mersin</name>
        <address>Çiflikköy Mahallesi İstemihan Talay Sokağı No:205 Yenişehir / MERSİN, Mersin, Türkiye</address>
        <description><![CDATA[Konum: Çiflikköy Mahallesi İstemihan Talay Sokağı No:205 Yenişehir / MERSİN, Mersin, Türkiye<br>İlçe: Yenişehir<br>Marka: zes<br>Şarj Tipi: DC<br>AC Soket: 0<br>DC Soket: 2<br>Soket Özeti: 2 × CCS<br>Maksimum Güç (kW): 600<br>Şarj Ağı İşletmecisi: ZES DİJİTAL TİCARET ANONİM ŞİRKETİ<br>İstasyon No: ŞRJ/8295<br>Adres: Çiflikköy Mahallesi İstemihan Talay Sokağı No:205 Yenişehir / MERSİN<br>Açıklama: Marka: zes<br>İlçe: Yenişehir<br>Şarj tipi: DC<br>Soketler: 2 × CCS<br>Maksimum güç: 60.0 kW<br>Şarj ağı işletmecisi: ZES DİJİTAL TİCARET ANONİM ŞİRKETİ<br>İstasyon no: ŞRJ/8295]]></description>
        <styleUrl>#icon-1899-0288D1</styleUrl>
        <ExtendedData>
          <Data name="Konum">
            <value>Çiflikköy Mahallesi İstemihan Talay Sokağı No:205 Yenişehir / MERSİN, Mersin, Türkiye</value>
          </Data>
          <Data name="İlçe">
            <value>Yenişehir</value>
          </Data>
          <Data name="Marka">
            <value>zes</value>
          </Data>
          <Data name="Şarj Tipi">
            <value>DC</value>
          </Data>
          <Data name="AC Soket">
            <value>0.0</value>
          </Data>
          <Data name="DC Soket">
            <value>2.0</value>
          </Data>
          <Data name="Soket Özeti">
            <value>2 × CCS</value>
          </Data>
          <Data name="Maksimum Güç (kW)">
            <value>600.0</value>
          </Data>
          <Data name="Şarj Ağı İşletmecisi">
            <value>ZES DİJİTAL TİCARET ANONİM ŞİRKETİ</value>
          </Data>
          <Data name="İstasyon No">
            <value>ŞRJ/8295</value>
          </Data>
          <Data name="Adres">
            <value>Çiflikköy Mahallesi İstemihan Talay Sokağı No:205 Yenişehir / MERSİN</value>
          </Data>
          <Data name="Açıklama">
            <value>Marka: zes
İlçe: Yenişehir
Şarj tipi: DC
Soketler: 2 × CCS
Maksimum güç: 60.0 kW
Şarj ağı işletmecisi: ZES DİJİTAL TİCARET ANONİM ŞİRKETİ
İstasyon no: ŞRJ/8295</value>
          </Data>
        </ExtendedData>
      </Placemark>
      <Placemark>
        <name>FORUM DİYARBAKIR AVM-AÇIK OTOPARK</name>
        <address>Fabrika Mahallesi No:165 Yenişehir / MERSİN, Mersin, Türkiye</address>
        <description><![CDATA[Konum: Fabrika Mahallesi No:165 Yenişehir / MERSİN, Mersin, Türkiye<br>İlçe: Yenişehir<br>Marka: zes<br>Şarj Tipi: DC<br>AC Soket: 0<br>DC Soket: 4<br>Soket Özeti: 4 × CCS<br>Maksimum Güç (kW): 600<br>Şarj Ağı İşletmecisi: ZES DİJİTAL TİCARET ANONİM ŞİRKETİ<br>İstasyon No: ŞRJ/1764<br>Adres: Fabrika Mahallesi No:165 Yenişehir / MERSİN<br>Açıklama: Marka: zes<br>İlçe: Yenişehir<br>Şarj tipi: DC<br>Soketler: 4 × CCS<br>Maksimum güç: 60.0 kW<br>Şarj ağı işletmecisi: ZES DİJİTAL TİCARET ANONİM ŞİRKETİ<br>İstasyon no: ŞRJ/1764]]></description>
        <styleUrl>#icon-1899-0288D1</styleUrl>
        <ExtendedData>
          <Data name="Konum">
            <value>Fabrika Mahallesi No:165 Yenişehir / MERSİN, Mersin, Türkiye</value>
          </Data>
          <Data name="İlçe">
            <value>Yenişehir</value>
          </Data>
          <Data name="Marka">
            <value>zes</value>
          </Data>
          <Data name="Şarj Tipi">
            <value>DC</value>
          </Data>
          <Data name="AC Soket">
            <value>0.0</value>
          </Data>
          <Data name="DC Soket">
            <value>4.0</value>
          </Data>
          <Data name="Soket Özeti">
            <value>4 × CCS</value>
          </Data>
          <Data name="Maksimum Güç (kW)">
            <value>600.0</value>
          </Data>
          <Data name="Şarj Ağı İşletmecisi">
            <value>ZES DİJİTAL TİCARET ANONİM ŞİRKETİ</value>
          </Data>
          <Data name="İstasyon No">
            <value>ŞRJ/1764</value>
          </Data>
          <Data name="Adres">
            <value>Fabrika Mahallesi No:165 Yenişehir / MERSİN</value>
          </Data>
          <Data name="Açıklama">
            <value>Marka: zes
İlçe: Yenişehir
Şarj tipi: DC
Soketler: 4 × CCS
Maksimum güç: 60.0 kW
Şarj ağı işletmecisi: ZES DİJİTAL TİCARET ANONİM ŞİRKETİ
İstasyon no: ŞRJ/1764</value>
          </Data>
        </ExtendedData>
      </Placemark>
      <Placemark>
        <name>Anamed Hastanesi</name>
        <address>Bahçelievler Mahallesi Ahmet Yesevi Sokağı No:29/A Anamur / MERSİN, Mersin, Türkiye</address>
        <description><![CDATA[Konum: Bahçelievler Mahallesi Ahmet Yesevi Sokağı No:29/A Anamur / MERSİN, Mersin, Türkiye<br>İlçe: Anamur<br>Marka: 3a<br>Şarj Tipi: DC<br>AC Soket: 0<br>DC Soket: 2<br>Soket Özeti: 2 × CCS<br>Maksimum Güç (kW): 1800<br>Şarj Ağı İşletmecisi: MAS SINAİ VE TİCARİ YATIRIMLAR ANONİM ŞİRKETİ<br>İstasyon No: ŞRJ/11244<br>Adres: Bahçelievler Mahallesi Ahmet Yesevi Sokağı No:29/A Anamur / MERSİN<br>Açıklama: Marka: 3a<br>İlçe: Anamur<br>Şarj tipi: DC<br>Soketler: 2 × CCS<br>Maksimum güç: 180.0 kW<br>Şarj ağı işletmecisi: MAS SINAİ VE TİCARİ YATIRIMLAR ANONİM ŞİRKETİ<br>İstasyon no: ŞRJ/11244]]></description>
        <styleUrl>#icon-1899-0288D1</styleUrl>
        <ExtendedData>
          <Data name="Konum">
            <value>Bahçelievler Mahallesi Ahmet Yesevi Sokağı No:29/A Anamur / MERSİN, Mersin, Türkiye</value>
          </Data>
          <Data name="İlçe">
            <value>Anamur</value>
          </Data>
          <Data name="Marka">
            <value>3a</value>
          </Data>
          <Data name="Şarj Tipi">
            <value>DC</value>
          </Data>
          <Data name="AC Soket">
            <value>0.0</value>
          </Data>
          <Data name="DC Soket">
            <value>2.0</value>
          </Data>
          <Data name="Soket Özeti">
            <value>2 × CCS</value>
          </Data>
          <Data name="Maksimum Güç (kW)">
            <value>1800.0</value>
          </Data>
          <Data name="Şarj Ağı İşletmecisi">
            <value>MAS SINAİ VE TİCARİ YATIRIMLAR ANONİM ŞİRKETİ</value>
          </Data>
          <Data name="İstasyon No">
            <value>ŞRJ/11244</value>
          </Data>
          <Data name="Adres">
            <value>Bahçelievler Mahallesi Ahmet Yesevi Sokağı No:29/A Anamur / MERSİN</value>
          </Data>
          <Data name="Açıklama">
            <value>Marka: 3a
İlçe: Anamur
Şarj tipi: DC
Soketler: 2 × CCS
Maksimum güç: 180.0 kW
Şarj ağı işletmecisi: MAS SINAİ VE TİCARİ YATIRIMLAR ANONİM ŞİRKETİ
İstasyon no: ŞRJ/11244</value>
          </Data>
        </ExtendedData>
      </Placemark>
      <Placemark>
        <name>Tarsu AVM Mersin</name>
        <address>Fevziçakmak Mahallesi Tarsus / MERSİN, Mersin, Türkiye</address>
        <description><![CDATA[Konum: Fevziçakmak Mahallesi Tarsus / MERSİN, Mersin, Türkiye<br>İlçe: Tarsus<br>Marka: zes<br>Şarj Tipi: DC<br>AC Soket: 0<br>DC Soket: 2<br>Soket Özeti: 2 × CCS<br>Maksimum Güç (kW): 1800<br>Şarj Ağı İşletmecisi: ZES DİJİTAL TİCARET ANONİM ŞİRKETİ<br>İstasyon No: ŞRJ/1211<br>Adres: Fevziçakmak Mahallesi Tarsus / MERSİN<br>Açıklama: Marka: zes<br>İlçe: Tarsus<br>Şarj tipi: DC<br>Soketler: 2 × CCS<br>Maksimum güç: 180.0 kW<br>Şarj ağı işletmecisi: ZES DİJİTAL TİCARET ANONİM ŞİRKETİ<br>İstasyon no: ŞRJ/1211]]></description>
        <styleUrl>#icon-1899-0288D1</styleUrl>
        <ExtendedData>
          <Data name="Konum">
            <value>Fevziçakmak Mahallesi Tarsus / MERSİN, Mersin, Türkiye</value>
          </Data>
          <Data name="İlçe">
            <value>Tarsus</value>
          </Data>
          <Data name="Marka">
            <value>zes</value>
          </Data>
          <Data name="Şarj Tipi">
            <value>DC</value>
          </Data>
          <Data name="AC Soket">
            <value>0.0</value>
          </Data>
          <Data name="DC Soket">
            <value>2.0</value>
          </Data>
          <Data name="Soket Özeti">
            <value>2 × CCS</value>
          </Data>
          <Data name="Maksimum Güç (kW)">
            <value>1800.0</value>
          </Data>
          <Data name="Şarj Ağı İşletmecisi">
            <value>ZES DİJİTAL TİCARET ANONİM ŞİRKETİ</value>
          </Data>
          <Data name="İstasyon No">
            <value>ŞRJ/1211</value>
          </Data>
          <Data name="Adres">
            <value>Fevziçakmak Mahallesi Tarsus / MERSİN</value>
          </Data>
          <Data name="Açıklama">
            <value>Marka: zes
İlçe: Tarsus
Şarj tipi: DC
Soketler: 2 × CCS
Maksimum güç: 180.0 kW
Şarj ağı işletmecisi: ZES DİJİTAL TİCARET ANONİM ŞİRKETİ
İstasyon no: ŞRJ/1211</value>
          </Data>
        </ExtendedData>
      </Placemark>
      <Placemark>
        <name>22 HARFLİ ŞARJ İSTASYONU</name>
        <address>Tosmurlu Mahallesi Köy Sokağı No:650 Silifke / MERSİN, Mersin, Türkiye</address>
        <description><![CDATA[Konum: Tosmurlu Mahallesi Köy Sokağı No:650 Silifke / MERSİN, Mersin, Türkiye<br>İlçe: Silifke<br>Marka: ORBİT ENERJİ HAB. TEK. SAN. VE TİC. A.Ş.<br>Şarj Tipi: AC + DC<br>AC Soket: 2<br>DC Soket: 2<br>Soket Özeti: 2 × CCS, 2 × Type 2<br>Maksimum Güç (kW): 1600<br>Şarj Ağı İşletmecisi: ORBİT ENERJİ HABERLEŞME TEKNOLOJİ SANAYİ VE TİCARET ANONİM ŞİRKETİ<br>İstasyon No: ŞRJ/12241<br>Adres: Tosmurlu Mahallesi Köy Sokağı No:650 Silifke / MERSİN<br>Açıklama: Marka: ORBİT ENERJİ HAB. TEK. SAN. VE TİC. A.Ş.<br>İlçe: Silifke<br>Şarj tipi: AC + DC<br>Soketler: 2 × CCS, 2 × Type 2<br>Maksimum güç: 160.0 kW<br>Şarj ağı işletmecisi: ORBİT ENERJİ HABERLEŞME TEKNOLOJİ SANAYİ VE TİCARET ANONİM ŞİRKETİ<br>İstasyon no: ŞRJ/12241]]></description>
        <styleUrl>#icon-1899-0288D1</styleUrl>
        <ExtendedData>
          <Data name="Konum">
            <value>Tosmurlu Mahallesi Köy Sokağı No:650 Silifke / MERSİN, Mersin, Türkiye</value>
          </Data>
          <Data name="İlçe">
            <value>Silifke</value>
          </Data>
          <Data name="Marka">
            <value>ORBİT ENERJİ HAB. TEK. SAN. VE TİC. A.Ş.</value>
          </Data>
          <Data name="Şarj Tipi">
            <value>AC + DC</value>
          </Data>
          <Data name="AC Soket">
            <value>2.0</value>
          </Data>
          <Data name="DC Soket">
            <value>2.0</value>
          </Data>
          <Data name="Soket Özeti">
            <value>2 × CCS, 2 × Type 2</value>
          </Data>
          <Data name="Maksimum Güç (kW)">
            <value>1600.0</value>
          </Data>
          <Data name="Şarj Ağı İşletmecisi">
            <value>ORBİT ENERJİ HABERLEŞME TEKNOLOJİ SANAYİ VE TİCARET ANONİM ŞİRKETİ</value>
          </Data>
          <Data name="İstasyon No">
            <value>ŞRJ/12241</value>
          </Data>
          <Data name="Adres">
            <value>Tosmurlu Mahallesi Köy Sokağı No:650 Silifke / MERSİN</value>
          </Data>
          <Data name="Açıklama">
            <value>Marka: ORBİT ENERJİ HAB. TEK. SAN. VE TİC. A.Ş.
İlçe: Silifke
Şarj tipi: AC + DC
Soketler: 2 × CCS, 2 × Type 2
Maksimum güç: 160.0 kW
Şarj ağı işletmecisi: ORBİT ENERJİ HABERLEŞME TEKNOLOJİ SANAYİ VE TİCARET ANONİM ŞİRKETİ
İstasyon no: ŞRJ/12241</value>
          </Data>
        </ExtendedData>
      </Placemark>
      <Placemark>
        <name>Çetinkaya AVM, Mersin</name>
        <address>Turgutreis Mahallesi Akdeniz / MERSİN, Mersin, Türkiye</address>
        <description><![CDATA[Konum: Turgutreis Mahallesi Akdeniz / MERSİN, Mersin, Türkiye<br>İlçe: Akdeniz<br>Marka: eşarj<br>Şarj Tipi: DC<br>AC Soket: 0<br>DC Soket: 4<br>Soket Özeti: 4 × CCS<br>Maksimum Güç (kW): 900<br>Şarj Ağı İşletmecisi: EŞARJ ELEKTRİKLİ ARAÇLAR ŞARJ SİSTEMLERİ ANONİM ŞİRKETİ<br>İstasyon No: ŞRJ/12443<br>Adres: Turgutreis Mahallesi Akdeniz / MERSİN<br>Açıklama: Marka: eşarj<br>İlçe: Akdeniz<br>Şarj tipi: DC<br>Soketler: 4 × CCS<br>Maksimum güç: 90.0 kW<br>Şarj ağı işletmecisi: EŞARJ ELEKTRİKLİ ARAÇLAR ŞARJ SİSTEMLERİ ANONİM ŞİRKETİ<br>İstasyon no: ŞRJ/12443]]></description>
        <styleUrl>#icon-1899-0288D1</styleUrl>
        <ExtendedData>
          <Data name="Konum">
            <value>Turgutreis Mahallesi Akdeniz / MERSİN, Mersin, Türkiye</value>
          </Data>
          <Data name="İlçe">
            <value>Akdeniz</value>
          </Data>
          <Data name="Marka">
            <value>eşarj</value>
          </Data>
          <Data name="Şarj Tipi">
            <value>DC</value>
          </Data>
          <Data name="AC Soket">
            <value>0.0</value>
          </Data>
          <Data name="DC Soket">
            <value>4.0</value>
          </Data>
          <Data name="Soket Özeti">
            <value>4 × CCS</value>
          </Data>
          <Data name="Maksimum Güç (kW)">
            <value>900.0</value>
          </Data>
          <Data name="Şarj Ağı İşletmecisi">
            <value>EŞARJ ELEKTRİKLİ ARAÇLAR ŞARJ SİSTEMLERİ ANONİM ŞİRKETİ</value>
          </Data>
          <Data name="İstasyon No">
            <value>ŞRJ/12443</value>
          </Data>
          <Data name="Adres">
            <value>Turgutreis Mahallesi Akdeniz / MERSİN</value>
          </Data>
          <Data name="Açıklama">
            <value>Marka: eşarj
İlçe: Akdeniz
Şarj tipi: DC
Soketler: 4 × CCS
Maksimum güç: 90.0 kW
Şarj ağı işletmecisi: EŞARJ ELEKTRİKLİ ARAÇLAR ŞARJ SİSTEMLERİ ANONİM ŞİRKETİ
İstasyon no: ŞRJ/12443</value>
          </Data>
        </ExtendedData>
      </Placemark>
      <Placemark>
        <name>Carrefoursa, Göçmen, Mersin</name>
        <address>Eğriçam Mahallesi No:512 Yenişehir / MERSİN, Mersin, Türkiye</address>
        <description><![CDATA[Konum: Eğriçam Mahallesi No:512 Yenişehir / MERSİN, Mersin, Türkiye<br>İlçe: Yenişehir<br>Marka: eşarj<br>Şarj Tipi: DC<br>AC Soket: 0<br>DC Soket: 3<br>Soket Özeti: 3 × CCS<br>Maksimum Güç (kW): 1200<br>Şarj Ağı İşletmecisi: EŞARJ ELEKTRİKLİ ARAÇLAR ŞARJ SİSTEMLERİ ANONİM ŞİRKETİ<br>İstasyon No: ŞRJ/12451<br>Adres: Eğriçam Mahallesi No:512 Yenişehir / MERSİN<br>Açıklama: Marka: eşarj<br>İlçe: Yenişehir<br>Şarj tipi: DC<br>Soketler: 3 × CCS<br>Maksimum güç: 120.0 kW<br>Şarj ağı işletmecisi: EŞARJ ELEKTRİKLİ ARAÇLAR ŞARJ SİSTEMLERİ ANONİM ŞİRKETİ<br>İstasyon no: ŞRJ/12451]]></description>
        <styleUrl>#icon-1899-0288D1</styleUrl>
        <ExtendedData>
          <Data name="Konum">
            <value>Eğriçam Mahallesi No:512 Yenişehir / MERSİN, Mersin, Türkiye</value>
          </Data>
          <Data name="İlçe">
            <value>Yenişehir</value>
          </Data>
          <Data name="Marka">
            <value>eşarj</value>
          </Data>
          <Data name="Şarj Tipi">
            <value>DC</value>
          </Data>
          <Data name="AC Soket">
            <value>0.0</value>
          </Data>
          <Data name="DC Soket">
            <value>3.0</value>
          </Data>
          <Data name="Soket Özeti">
            <value>3 × CCS</value>
          </Data>
          <Data name="Maksimum Güç (kW)">
            <value>1200.0</value>
          </Data>
          <Data name="Şarj Ağı İşletmecisi">
            <value>EŞARJ ELEKTRİKLİ ARAÇLAR ŞARJ SİSTEMLERİ ANONİM ŞİRKETİ</value>
          </Data>
          <Data name="İstasyon No">
            <value>ŞRJ/12451</value>
          </Data>
          <Data name="Adres">
            <value>Eğriçam Mahallesi No:512 Yenişehir / MERSİN</value>
          </Data>
          <Data name="Açıklama">
            <value>Marka: eşarj
İlçe: Yenişehir
Şarj tipi: DC
Soketler: 3 × CCS
Maksimum güç: 120.0 kW
Şarj ağı işletmecisi: EŞARJ ELEKTRİKLİ ARAÇLAR ŞARJ SİSTEMLERİ ANONİM ŞİRKETİ
İstasyon no: ŞRJ/12451</value>
          </Data>
        </ExtendedData>
      </Placemark>
      <Placemark>
        <name>BUSE MOBİLYA - MONDİ</name>
        <address>Alata Mahallesi No:320A Erdemli / MERSİN, Mersin, Türkiye</address>
        <description><![CDATA[Konum: Alata Mahallesi No:320A Erdemli / MERSİN, Mersin, Türkiye<br>İlçe: Erdemli<br>Marka: enertürk rhg enerji<br>Şarj Tipi: DC<br>AC Soket: 0<br>DC Soket: 2<br>Soket Özeti: 2 × CCS<br>Maksimum Güç (kW): 1200<br>Şarj Ağı İşletmecisi: RHG ENERTÜRK ENERJİ ÜRETİM VE TİCARET ANONİM ŞİRKETİ<br>İstasyon No: ŞRJ/12558<br>Adres: Alata Mahallesi No:320A Erdemli / MERSİN<br>Açıklama: Marka: enertürk rhg enerji<br>İlçe: Erdemli<br>Şarj tipi: DC<br>Soketler: 2 × CCS<br>Maksimum güç: 120.0 kW<br>Şarj ağı işletmecisi: RHG ENERTÜRK ENERJİ ÜRETİM VE TİCARET ANONİM ŞİRKETİ<br>İstasyon no: ŞRJ/12558]]></description>
        <styleUrl>#icon-1899-0288D1</styleUrl>
        <ExtendedData>
          <Data name="Konum">
            <value>Alata Mahallesi No:320A Erdemli / MERSİN, Mersin, Türkiye</value>
          </Data>
          <Data name="İlçe">
            <value>Erdemli</value>
          </Data>
          <Data name="Marka">
            <value>enertürk rhg enerji</value>
          </Data>
          <Data name="Şarj Tipi">
            <value>DC</value>
          </Data>
          <Data name="AC Soket">
            <value>0.0</value>
          </Data>
          <Data name="DC Soket">
            <value>2.0</value>
          </Data>
          <Data name="Soket Özeti">
            <value>2 × CCS</value>
          </Data>
          <Data name="Maksimum Güç (kW)">
            <value>1200.0</value>
          </Data>
          <Data name="Şarj Ağı İşletmecisi">
            <value>RHG ENERTÜRK ENERJİ ÜRETİM VE TİCARET ANONİM ŞİRKETİ</value>
          </Data>
          <Data name="İstasyon No">
            <value>ŞRJ/12558</value>
          </Data>
          <Data name="Adres">
            <value>Alata Mahallesi No:320A Erdemli / MERSİN</value>
          </Data>
          <Data name="Açıklama">
            <value>Marka: enertürk rhg enerji
İlçe: Erdemli
Şarj tipi: DC
Soketler: 2 × CCS
Maksimum güç: 120.0 kW
Şarj ağı işletmecisi: RHG ENERTÜRK ENERJİ ÜRETİM VE TİCARET ANONİM ŞİRKETİ
İstasyon no: ŞRJ/12558</value>
          </Data>
        </ExtendedData>
      </Placemark>
      <Placemark>
        <name>SÜHA MOBİLYA - İSTİKBAL</name>
        <address>Alata Mahallesi No:356A Erdemli / MERSİN, Mersin, Türkiye</address>
        <description><![CDATA[Konum: Alata Mahallesi No:356A Erdemli / MERSİN, Mersin, Türkiye<br>İlçe: Erdemli<br>Marka: enertürk rhg enerji<br>Şarj Tipi: DC<br>AC Soket: 0<br>DC Soket: 2<br>Soket Özeti: 2 × CCS<br>Maksimum Güç (kW): 1200<br>Şarj Ağı İşletmecisi: RHG ENERTÜRK ENERJİ ÜRETİM VE TİCARET ANONİM ŞİRKETİ<br>İstasyon No: ŞRJ/12559<br>Adres: Alata Mahallesi No:356A Erdemli / MERSİN<br>Açıklama: Marka: enertürk rhg enerji<br>İlçe: Erdemli<br>Şarj tipi: DC<br>Soketler: 2 × CCS<br>Maksimum güç: 120.0 kW<br>Şarj ağı işletmecisi: RHG ENERTÜRK ENERJİ ÜRETİM VE TİCARET ANONİM ŞİRKETİ<br>İstasyon no: ŞRJ/12559]]></description>
        <styleUrl>#icon-1899-0288D1</styleUrl>
        <ExtendedData>
          <Data name="Konum">
            <value>Alata Mahallesi No:356A Erdemli / MERSİN, Mersin, Türkiye</value>
          </Data>
          <Data name="İlçe">
            <value>Erdemli</value>
          </Data>
          <Data name="Marka">
            <value>enertürk rhg enerji</value>
          </Data>
          <Data name="Şarj Tipi">
            <value>DC</value>
          </Data>
          <Data name="AC Soket">
            <value>0.0</value>
          </Data>
          <Data name="DC Soket">
            <value>2.0</value>
          </Data>
          <Data name="Soket Özeti">
            <value>2 × CCS</value>
          </Data>
          <Data name="Maksimum Güç (kW)">
            <value>1200.0</value>
          </Data>
          <Data name="Şarj Ağı İşletmecisi">
            <value>RHG ENERTÜRK ENERJİ ÜRETİM VE TİCARET ANONİM ŞİRKETİ</value>
          </Data>
          <Data name="İstasyon No">
            <value>ŞRJ/12559</value>
          </Data>
          <Data name="Adres">
            <value>Alata Mahallesi No:356A Erdemli / MERSİN</value>
          </Data>
          <Data name="Açıklama">
            <value>Marka: enertürk rhg enerji
İlçe: Erdemli
Şarj tipi: DC
Soketler: 2 × CCS
Maksimum güç: 120.0 kW
Şarj ağı işletmecisi: RHG ENERTÜRK ENERJİ ÜRETİM VE TİCARET ANONİM ŞİRKETİ
İstasyon no: ŞRJ/12559</value>
          </Data>
        </ExtendedData>
      </Placemark>
      <Placemark>
        <name>ÖZSAVRANLAR MOBİLYA - BELLONA</name>
        <address>Yeni Mahallesi No:667A Mezitli / MERSİN, Mersin, Türkiye</address>
        <description><![CDATA[Konum: Yeni Mahallesi No:667A Mezitli / MERSİN, Mersin, Türkiye<br>İlçe: Mezitli<br>Marka: enertürk rhg enerji<br>Şarj Tipi: DC<br>AC Soket: 0<br>DC Soket: 2<br>Soket Özeti: 2 × CCS<br>Maksimum Güç (kW): 1200<br>Şarj Ağı İşletmecisi: RHG ENERTÜRK ENERJİ ÜRETİM VE TİCARET ANONİM ŞİRKETİ<br>İstasyon No: ŞRJ/12560<br>Adres: Yeni Mahallesi No:667A Mezitli / MERSİN<br>Açıklama: Marka: enertürk rhg enerji<br>İlçe: Mezitli<br>Şarj tipi: DC<br>Soketler: 2 × CCS<br>Maksimum güç: 120.0 kW<br>Şarj ağı işletmecisi: RHG ENERTÜRK ENERJİ ÜRETİM VE TİCARET ANONİM ŞİRKETİ<br>İstasyon no: ŞRJ/12560]]></description>
        <styleUrl>#icon-1899-0288D1</styleUrl>
        <ExtendedData>
          <Data name="Konum">
            <value>Yeni Mahallesi No:667A Mezitli / MERSİN, Mersin, Türkiye</value>
          </Data>
          <Data name="İlçe">
            <value>Mezitli</value>
          </Data>
          <Data name="Marka">
            <value>enertürk rhg enerji</value>
          </Data>
          <Data name="Şarj Tipi">
            <value>DC</value>
          </Data>
          <Data name="AC Soket">
            <value>0.0</value>
          </Data>
          <Data name="DC Soket">
            <value>2.0</value>
          </Data>
          <Data name="Soket Özeti">
            <value>2 × CCS</value>
          </Data>
          <Data name="Maksimum Güç (kW)">
            <value>1200.0</value>
          </Data>
          <Data name="Şarj Ağı İşletmecisi">
            <value>RHG ENERTÜRK ENERJİ ÜRETİM VE TİCARET ANONİM ŞİRKETİ</value>
          </Data>
          <Data name="İstasyon No">
            <value>ŞRJ/12560</value>
          </Data>
          <Data name="Adres">
            <value>Yeni Mahallesi No:667A Mezitli / MERSİN</value>
          </Data>
          <Data name="Açıklama">
            <value>Marka: enertürk rhg enerji
İlçe: Mezitli
Şarj tipi: DC
Soketler: 2 × CCS
Maksimum güç: 120.0 kW
Şarj ağı işletmecisi: RHG ENERTÜRK ENERJİ ÜRETİM VE TİCARET ANONİM ŞİRKETİ
İstasyon no: ŞRJ/12560</value>
          </Data>
        </ExtendedData>
      </Placemark>
      <Placemark>
        <name>Shell 34. Cadde Mersin</name>
        <address>Çiftlikköy Mahallesi 34 Caddesi No:51 Yenişehir / MERSİN, Mersin, Türkiye</address>
        <description><![CDATA[Konum: Çiftlikköy Mahallesi 34 Caddesi No:51 Yenişehir / MERSİN, Mersin, Türkiye<br>İlçe: Yenişehir<br>Marka: SHELL<br>Şarj Tipi: DC<br>AC Soket: 0<br>DC Soket: 2<br>Soket Özeti: 2 × CCS<br>Maksimum Güç (kW): 1200<br>Şarj Ağı İşletmecisi: SHELL & TURCAS PETROL ANONİM ŞİRKETİ<br>İstasyon No: ŞRJ/12602<br>Adres: Çiftlikköy Mahallesi 34 Caddesi No:51 Yenişehir / MERSİN<br>Açıklama: Marka: SHELL<br>İlçe: Yenişehir<br>Şarj tipi: DC<br>Soketler: 2 × CCS<br>Maksimum güç: 120.0 kW<br>Şarj ağı işletmecisi: SHELL & TURCAS PETROL ANONİM ŞİRKETİ<br>İstasyon no: ŞRJ/12602]]></description>
        <styleUrl>#icon-1899-0288D1</styleUrl>
        <ExtendedData>
          <Data name="Konum">
            <value>Çiftlikköy Mahallesi 34 Caddesi No:51 Yenişehir / MERSİN, Mersin, Türkiye</value>
          </Data>
          <Data name="İlçe">
            <value>Yenişehir</value>
          </Data>
          <Data name="Marka">
            <value>SHELL</value>
          </Data>
          <Data name="Şarj Tipi">
            <value>DC</value>
          </Data>
          <Data name="AC Soket">
            <value>0.0</value>
          </Data>
          <Data name="DC Soket">
            <value>2.0</value>
          </Data>
          <Data name="Soket Özeti">
            <value>2 × CCS</value>
          </Data>
          <Data name="Maksimum Güç (kW)">
            <value>1200.0</value>
          </Data>
          <Data name="Şarj Ağı İşletmecisi">
            <value><![CDATA[SHELL & TURCAS PETROL ANONİM ŞİRKETİ]]></value>
          </Data>
          <Data name="İstasyon No">
            <value>ŞRJ/12602</value>
          </Data>
          <Data name="Adres">
            <value>Çiftlikköy Mahallesi 34 Caddesi No:51 Yenişehir / MERSİN</value>
          </Data>
          <Data name="Açıklama">
            <value><![CDATA[Marka: SHELL
İlçe: Yenişehir
Şarj tipi: DC
Soketler: 2 × CCS
Maksimum güç: 120.0 kW
Şarj ağı işletmecisi: SHELL & TURCAS PETROL ANONİM ŞİRKETİ
İstasyon no: ŞRJ/12602]]></value>
          </Data>
        </ExtendedData>
      </Placemark>
      <Placemark>
        <name>Mersin-Mezitli-Huköy Doğa Oteli</name>
        <address>Akarca Mahallesi Akarca Sokağı No:130/4 Mezitli / MERSİN, Mersin, Türkiye</address>
        <description><![CDATA[Konum: Akarca Mahallesi Akarca Sokağı No:130/4 Mezitli / MERSİN, Mersin, Türkiye<br>İlçe: Mezitli<br>Marka: VOLTGO<br>Şarj Tipi: DC<br>AC Soket: 0<br>DC Soket: 1<br>Soket Özeti: 1 × CCS<br>Maksimum Güç (kW): 600<br>Şarj Ağı İşletmecisi: VOLTGO ŞARJ HİZMETLERİ ANONİM ŞİRKETİ<br>İstasyon No: ŞRJ/12629<br>Adres: Akarca Mahallesi Akarca Sokağı No:130/4 Mezitli / MERSİN<br>Açıklama: Marka: VOLTGO<br>İlçe: Mezitli<br>Şarj tipi: DC<br>Soketler: 1 × CCS<br>Maksimum güç: 60.0 kW<br>Şarj ağı işletmecisi: VOLTGO ŞARJ HİZMETLERİ ANONİM ŞİRKETİ<br>İstasyon no: ŞRJ/12629]]></description>
        <styleUrl>#icon-1899-0288D1</styleUrl>
        <ExtendedData>
          <Data name="Konum">
            <value>Akarca Mahallesi Akarca Sokağı No:130/4 Mezitli / MERSİN, Mersin, Türkiye</value>
          </Data>
          <Data name="İlçe">
            <value>Mezitli</value>
          </Data>
          <Data name="Marka">
            <value>VOLTGO</value>
          </Data>
          <Data name="Şarj Tipi">
            <value>DC</value>
          </Data>
          <Data name="AC Soket">
            <value>0.0</value>
          </Data>
          <Data name="DC Soket">
            <value>1.0</value>
          </Data>
          <Data name="Soket Özeti">
            <value>1 × CCS</value>
          </Data>
          <Data name="Maksimum Güç (kW)">
            <value>600.0</value>
          </Data>
          <Data name="Şarj Ağı İşletmecisi">
            <value>VOLTGO ŞARJ HİZMETLERİ ANONİM ŞİRKETİ</value>
          </Data>
          <Data name="İstasyon No">
            <value>ŞRJ/12629</value>
          </Data>
          <Data name="Adres">
            <value>Akarca Mahallesi Akarca Sokağı No:130/4 Mezitli / MERSİN</value>
          </Data>
          <Data name="Açıklama">
            <value>Marka: VOLTGO
İlçe: Mezitli
Şarj tipi: DC
Soketler: 1 × CCS
Maksimum güç: 60.0 kW
Şarj ağı işletmecisi: VOLTGO ŞARJ HİZMETLERİ ANONİM ŞİRKETİ
İstasyon no: ŞRJ/12629</value>
          </Data>
        </ExtendedData>
      </Placemark>
      <Placemark>
        <name>HUKÖY DOĞA OTELİ</name>
        <address>Akarca Mahallesi Akarca Sokağı No:130/4 Mezitli / MERSİN, Mersin, Türkiye</address>
        <description><![CDATA[Konum: Akarca Mahallesi Akarca Sokağı No:130/4 Mezitli / MERSİN, Mersin, Türkiye<br>İlçe: Mezitli<br>Marka: VOLTRUN<br>Şarj Tipi: AC<br>AC Soket: 2<br>DC Soket: 0<br>Soket Özeti: 2 × Type 2<br>Maksimum Güç (kW): 220<br>Şarj Ağı İşletmecisi: VOLTRUN ENERJİ ANONİM ŞİRKETİ<br>İstasyon No: ŞRJ/12810<br>Adres: Akarca Mahallesi Akarca Sokağı No:130/4 Mezitli / MERSİN<br>Açıklama: Marka: VOLTRUN<br>İlçe: Mezitli<br>Şarj tipi: AC<br>Soketler: 2 × Type 2<br>Maksimum güç: 22.0 kW<br>Şarj ağı işletmecisi: VOLTRUN ENERJİ ANONİM ŞİRKETİ<br>İstasyon no: ŞRJ/12810]]></description>
        <styleUrl>#icon-1899-0288D1</styleUrl>
        <ExtendedData>
          <Data name="Konum">
            <value>Akarca Mahallesi Akarca Sokağı No:130/4 Mezitli / MERSİN, Mersin, Türkiye</value>
          </Data>
          <Data name="İlçe">
            <value>Mezitli</value>
          </Data>
          <Data name="Marka">
            <value>VOLTRUN</value>
          </Data>
          <Data name="Şarj Tipi">
            <value>AC</value>
          </Data>
          <Data name="AC Soket">
            <value>2.0</value>
          </Data>
          <Data name="DC Soket">
            <value>0.0</value>
          </Data>
          <Data name="Soket Özeti">
            <value>2 × Type 2</value>
          </Data>
          <Data name="Maksimum Güç (kW)">
            <value>220.0</value>
          </Data>
          <Data name="Şarj Ağı İşletmecisi">
            <value>VOLTRUN ENERJİ ANONİM ŞİRKETİ</value>
          </Data>
          <Data name="İstasyon No">
            <value>ŞRJ/12810</value>
          </Data>
          <Data name="Adres">
            <value>Akarca Mahallesi Akarca Sokağı No:130/4 Mezitli / MERSİN</value>
          </Data>
          <Data name="Açıklama">
            <value>Marka: VOLTRUN
İlçe: Mezitli
Şarj tipi: AC
Soketler: 2 × Type 2
Maksimum güç: 22.0 kW
Şarj ağı işletmecisi: VOLTRUN ENERJİ ANONİM ŞİRKETİ
İstasyon no: ŞRJ/12810</value>
          </Data>
        </ExtendedData>
      </Placemark>
      <Placemark>
        <name>Petak Akaryakıt, Mersin</name>
        <address>Karsavran Mahallesi Karsavran Sokağı No:Akaryakıt Tarsus / MERSİN, Mersin, Türkiye</address>
        <description><![CDATA[Konum: Karsavran Mahallesi Karsavran Sokağı No:Akaryakıt Tarsus / MERSİN, Mersin, Türkiye<br>İlçe: Tarsus<br>Marka: eşarj<br>Şarj Tipi: DC<br>AC Soket: 0<br>DC Soket: 4<br>Soket Özeti: 4 × CCS<br>Maksimum Güç (kW): 1200<br>Şarj Ağı İşletmecisi: EŞARJ ELEKTRİKLİ ARAÇLAR ŞARJ SİSTEMLERİ ANONİM ŞİRKETİ<br>İstasyon No: ŞRJ/12922<br>Adres: Karsavran Mahallesi Karsavran Sokağı No:Akaryakıt Tarsus / MERSİN<br>Açıklama: Marka: eşarj<br>İlçe: Tarsus<br>Şarj tipi: DC<br>Soketler: 4 × CCS<br>Maksimum güç: 120.0 kW<br>Şarj ağı işletmecisi: EŞARJ ELEKTRİKLİ ARAÇLAR ŞARJ SİSTEMLERİ ANONİM ŞİRKETİ<br>İstasyon no: ŞRJ/12922]]></description>
        <styleUrl>#icon-1899-0288D1</styleUrl>
        <ExtendedData>
          <Data name="Konum">
            <value>Karsavran Mahallesi Karsavran Sokağı No:Akaryakıt Tarsus / MERSİN, Mersin, Türkiye</value>
          </Data>
          <Data name="İlçe">
            <value>Tarsus</value>
          </Data>
          <Data name="Marka">
            <value>eşarj</value>
          </Data>
          <Data name="Şarj Tipi">
            <value>DC</value>
          </Data>
          <Data name="AC Soket">
            <value>0.0</value>
          </Data>
          <Data name="DC Soket">
            <value>4.0</value>
          </Data>
          <Data name="Soket Özeti">
            <value>4 × CCS</value>
          </Data>
          <Data name="Maksimum Güç (kW)">
            <value>1200.0</value>
          </Data>
          <Data name="Şarj Ağı İşletmecisi">
            <value>EŞARJ ELEKTRİKLİ ARAÇLAR ŞARJ SİSTEMLERİ ANONİM ŞİRKETİ</value>
          </Data>
          <Data name="İstasyon No">
            <value>ŞRJ/12922</value>
          </Data>
          <Data name="Adres">
            <value>Karsavran Mahallesi Karsavran Sokağı No:Akaryakıt Tarsus / MERSİN</value>
          </Data>
          <Data name="Açıklama">
            <value>Marka: eşarj
İlçe: Tarsus
Şarj tipi: DC
Soketler: 4 × CCS
Maksimum güç: 120.0 kW
Şarj ağı işletmecisi: EŞARJ ELEKTRİKLİ ARAÇLAR ŞARJ SİSTEMLERİ ANONİM ŞİRKETİ
İstasyon no: ŞRJ/12922</value>
          </Data>
        </ExtendedData>
      </Placemark>
      <Placemark>
        <name>FORUM YAŞAM HASTANESİ</name>
        <address>Güvenevler Mahallesi 20 Caddesi No:48 Yenişehir / MERSİN, Mersin, Türkiye</address>
        <description><![CDATA[Konum: Güvenevler Mahallesi 20 Caddesi No:48 Yenişehir / MERSİN, Mersin, Türkiye<br>İlçe: Yenişehir<br>Marka: EN YAKIT<br>Şarj Tipi: DC<br>AC Soket: 0<br>DC Soket: 2<br>Soket Özeti: 2 × CCS<br>Maksimum Güç (kW): 1800<br>Şarj Ağı İşletmecisi: EN YAKIT ANONİM ŞİRKETİ<br>İstasyon No: ŞRJ/13110<br>Adres: Güvenevler Mahallesi 20 Caddesi No:48 Yenişehir / MERSİN<br>Açıklama: Marka: EN YAKIT<br>İlçe: Yenişehir<br>Şarj tipi: DC<br>Soketler: 2 × CCS<br>Maksimum güç: 180.0 kW<br>Şarj ağı işletmecisi: EN YAKIT ANONİM ŞİRKETİ<br>İstasyon no: ŞRJ/13110]]></description>
        <styleUrl>#icon-1899-0288D1</styleUrl>
        <ExtendedData>
          <Data name="Konum">
            <value>Güvenevler Mahallesi 20 Caddesi No:48 Yenişehir / MERSİN, Mersin, Türkiye</value>
          </Data>
          <Data name="İlçe">
            <value>Yenişehir</value>
          </Data>
          <Data name="Marka">
            <value>EN YAKIT</value>
          </Data>
          <Data name="Şarj Tipi">
            <value>DC</value>
          </Data>
          <Data name="AC Soket">
            <value>0.0</value>
          </Data>
          <Data name="DC Soket">
            <value>2.0</value>
          </Data>
          <Data name="Soket Özeti">
            <value>2 × CCS</value>
          </Data>
          <Data name="Maksimum Güç (kW)">
            <value>1800.0</value>
          </Data>
          <Data name="Şarj Ağı İşletmecisi">
            <value>EN YAKIT ANONİM ŞİRKETİ</value>
          </Data>
          <Data name="İstasyon No">
            <value>ŞRJ/13110</value>
          </Data>
          <Data name="Adres">
            <value>Güvenevler Mahallesi 20 Caddesi No:48 Yenişehir / MERSİN</value>
          </Data>
          <Data name="Açıklama">
            <value>Marka: EN YAKIT
İlçe: Yenişehir
Şarj tipi: DC
Soketler: 2 × CCS
Maksimum güç: 180.0 kW
Şarj ağı işletmecisi: EN YAKIT ANONİM ŞİRKETİ
İstasyon no: ŞRJ/13110</value>
          </Data>
        </ExtendedData>
      </Placemark>
      <Placemark>
        <name>Carrefoursa, Limonlu, Mersin</name>
        <address>Limonlu Mahallesi Milli Egemenlik 3 Caddesi No:74 Erdemli / MERSİN, Mersin, Türkiye</address>
        <description><![CDATA[Konum: Limonlu Mahallesi Milli Egemenlik 3 Caddesi No:74 Erdemli / MERSİN, Mersin, Türkiye<br>İlçe: Erdemli<br>Marka: eşarj<br>Şarj Tipi: DC<br>AC Soket: 0<br>DC Soket: 2<br>Soket Özeti: 2 × CCS<br>Maksimum Güç (kW): 600<br>Şarj Ağı İşletmecisi: EŞARJ ELEKTRİKLİ ARAÇLAR ŞARJ SİSTEMLERİ ANONİM ŞİRKETİ<br>İstasyon No: ŞRJ/13182<br>Adres: Limonlu Mahallesi Milli Egemenlik 3 Caddesi No:74 Erdemli / MERSİN<br>Açıklama: Marka: eşarj<br>İlçe: Erdemli<br>Şarj tipi: DC<br>Soketler: 2 × CCS<br>Maksimum güç: 60.0 kW<br>Şarj ağı işletmecisi: EŞARJ ELEKTRİKLİ ARAÇLAR ŞARJ SİSTEMLERİ ANONİM ŞİRKETİ<br>İstasyon no: ŞRJ/13182]]></description>
        <styleUrl>#icon-1899-0288D1</styleUrl>
        <ExtendedData>
          <Data name="Konum">
            <value>Limonlu Mahallesi Milli Egemenlik 3 Caddesi No:74 Erdemli / MERSİN, Mersin, Türkiye</value>
          </Data>
          <Data name="İlçe">
            <value>Erdemli</value>
          </Data>
          <Data name="Marka">
            <value>eşarj</value>
          </Data>
          <Data name="Şarj Tipi">
            <value>DC</value>
          </Data>
          <Data name="AC Soket">
            <value>0.0</value>
          </Data>
          <Data name="DC Soket">
            <value>2.0</value>
          </Data>
          <Data name="Soket Özeti">
            <value>2 × CCS</value>
          </Data>
          <Data name="Maksimum Güç (kW)">
            <value>600.0</value>
          </Data>
          <Data name="Şarj Ağı İşletmecisi">
            <value>EŞARJ ELEKTRİKLİ ARAÇLAR ŞARJ SİSTEMLERİ ANONİM ŞİRKETİ</value>
          </Data>
          <Data name="İstasyon No">
            <value>ŞRJ/13182</value>
          </Data>
          <Data name="Adres">
            <value>Limonlu Mahallesi Milli Egemenlik 3 Caddesi No:74 Erdemli / MERSİN</value>
          </Data>
          <Data name="Açıklama">
            <value>Marka: eşarj
İlçe: Erdemli
Şarj tipi: DC
Soketler: 2 × CCS
Maksimum güç: 60.0 kW
Şarj ağı işletmecisi: EŞARJ ELEKTRİKLİ ARAÇLAR ŞARJ SİSTEMLERİ ANONİM ŞİRKETİ
İstasyon no: ŞRJ/13182</value>
          </Data>
        </ExtendedData>
      </Placemark>
      <Placemark>
        <name>MİS EKMEK ŞARJ İSTASYONU</name>
        <address>Atayurt Mahallesi 127-2 Sokağı No:2/3 Merkez Silifke / MERSİN, Mersin, Türkiye</address>
        <description><![CDATA[Konum: Atayurt Mahallesi 127-2 Sokağı No:2/3 Merkez Silifke / MERSİN, Mersin, Türkiye<br>İlçe: Silifke<br>Marka: ORBİT ENERJİ HAB. TEK. SAN. VE TİC. A.Ş.<br>Şarj Tipi: AC + DC<br>AC Soket: 2<br>DC Soket: 2<br>Soket Özeti: 2 × CCS, 2 × Type 2<br>Maksimum Güç (kW): 1600<br>Şarj Ağı İşletmecisi: ORBİT ENERJİ HABERLEŞME TEKNOLOJİ SANAYİ VE TİCARET ANONİM ŞİRKETİ<br>İstasyon No: ŞRJ/13143<br>Adres: Atayurt Mahallesi 127-2 Sokağı No:2/3 Merkez Silifke / MERSİN<br>Açıklama: Marka: ORBİT ENERJİ HAB. TEK. SAN. VE TİC. A.Ş.<br>İlçe: Silifke<br>Şarj tipi: AC + DC<br>Soketler: 2 × CCS, 2 × Type 2<br>Maksimum güç: 160.0 kW<br>Şarj ağı işletmecisi: ORBİT ENERJİ HABERLEŞME TEKNOLOJİ SANAYİ VE TİCARET ANONİM ŞİRKETİ<br>İstasyon no: ŞRJ/13143]]></description>
        <styleUrl>#icon-1899-0288D1</styleUrl>
        <ExtendedData>
          <Data name="Konum">
            <value>Atayurt Mahallesi 127-2 Sokağı No:2/3 Merkez Silifke / MERSİN, Mersin, Türkiye</value>
          </Data>
          <Data name="İlçe">
            <value>Silifke</value>
          </Data>
          <Data name="Marka">
            <value>ORBİT ENERJİ HAB. TEK. SAN. VE TİC. A.Ş.</value>
          </Data>
          <Data name="Şarj Tipi">
            <value>AC + DC</value>
          </Data>
          <Data name="AC Soket">
            <value>2.0</value>
          </Data>
          <Data name="DC Soket">
            <value>2.0</value>
          </Data>
          <Data name="Soket Özeti">
            <value>2 × CCS, 2 × Type 2</value>
          </Data>
          <Data name="Maksimum Güç (kW)">
            <value>1600.0</value>
          </Data>
          <Data name="Şarj Ağı İşletmecisi">
            <value>ORBİT ENERJİ HABERLEŞME TEKNOLOJİ SANAYİ VE TİCARET ANONİM ŞİRKETİ</value>
          </Data>
          <Data name="İstasyon No">
            <value>ŞRJ/13143</value>
          </Data>
          <Data name="Adres">
            <value>Atayurt Mahallesi 127-2 Sokağı No:2/3 Merkez Silifke / MERSİN</value>
          </Data>
          <Data name="Açıklama">
            <value>Marka: ORBİT ENERJİ HAB. TEK. SAN. VE TİC. A.Ş.
İlçe: Silifke
Şarj tipi: AC + DC
Soketler: 2 × CCS, 2 × Type 2
Maksimum güç: 160.0 kW
Şarj ağı işletmecisi: ORBİT ENERJİ HABERLEŞME TEKNOLOJİ SANAYİ VE TİCARET ANONİM ŞİRKETİ
İstasyon no: ŞRJ/13143</value>
          </Data>
        </ExtendedData>
      </Placemark>
      <Placemark>
        <name>AC LİPARİS 5- 1/2/3</name>
        <address>Çeşmeli Mah. Mahallesi Sahil Caddesi Caddesi No:6 Erdemli / MERSİN, Mersin, Türkiye</address>
        <description><![CDATA[Konum: Çeşmeli Mah. Mahallesi Sahil Caddesi Caddesi No:6 Erdemli / MERSİN, Mersin, Türkiye<br>İlçe: Erdemli<br>Marka: MYCHARGE<br>Şarj Tipi: AC<br>AC Soket: 3<br>DC Soket: 0<br>Soket Özeti: 3 × Type 2<br>Maksimum Güç (kW): 220<br>Şarj Ağı İşletmecisi: MANAS İPLİK SANAYİ VE TİCARET ANONİM ŞİRKETİ<br>İstasyon No: ŞRJ/13407<br>Adres: Çeşmeli Mah. Mahallesi Sahil Caddesi Caddesi No:6 Erdemli / MERSİN<br>Açıklama: Marka: MYCHARGE<br>İlçe: Erdemli<br>Şarj tipi: AC<br>Soketler: 3 × Type 2<br>Maksimum güç: 22.0 kW<br>Şarj ağı işletmecisi: MANAS İPLİK SANAYİ VE TİCARET ANONİM ŞİRKETİ<br>İstasyon no: ŞRJ/13407]]></description>
        <styleUrl>#icon-1899-0288D1</styleUrl>
        <ExtendedData>
          <Data name="Konum">
            <value>Çeşmeli Mah. Mahallesi Sahil Caddesi Caddesi No:6 Erdemli / MERSİN, Mersin, Türkiye</value>
          </Data>
          <Data name="İlçe">
            <value>Erdemli</value>
          </Data>
          <Data name="Marka">
            <value>MYCHARGE</value>
          </Data>
          <Data name="Şarj Tipi">
            <value>AC</value>
          </Data>
          <Data name="AC Soket">
            <value>3.0</value>
          </Data>
          <Data name="DC Soket">
            <value>0.0</value>
          </Data>
          <Data name="Soket Özeti">
            <value>3 × Type 2</value>
          </Data>
          <Data name="Maksimum Güç (kW)">
            <value>220.0</value>
          </Data>
          <Data name="Şarj Ağı İşletmecisi">
            <value>MANAS İPLİK SANAYİ VE TİCARET ANONİM ŞİRKETİ</value>
          </Data>
          <Data name="İstasyon No">
            <value>ŞRJ/13407</value>
          </Data>
          <Data name="Adres">
            <value>Çeşmeli Mah. Mahallesi Sahil Caddesi Caddesi No:6 Erdemli / MERSİN</value>
          </Data>
          <Data name="Açıklama">
            <value>Marka: MYCHARGE
İlçe: Erdemli
Şarj tipi: AC
Soketler: 3 × Type 2
Maksimum güç: 22.0 kW
Şarj ağı işletmecisi: MANAS İPLİK SANAYİ VE TİCARET ANONİM ŞİRKETİ
İstasyon no: ŞRJ/13407</value>
          </Data>
        </ExtendedData>
      </Placemark>
      <Placemark>
        <name>MERSİN TARSUS OSB 1. BÖLGE</name>
        <address>Nacarlı Osb Mahallesi 3. Caddesi No:2A Akdeniz / MERSİN, Mersin, Türkiye</address>
        <description><![CDATA[Konum: Nacarlı Osb Mahallesi 3. Caddesi No:2A Akdeniz / MERSİN, Mersin, Türkiye<br>İlçe: Akdeniz<br>Marka: ovolt<br>Şarj Tipi: DC<br>AC Soket: 0<br>DC Soket: 2<br>Soket Özeti: 2 × CCS<br>Maksimum Güç (kW): 1800<br>Şarj Ağı İşletmecisi: OVOLT ŞARJ TEKNOLOJİLERİ SANAYİ VE TİCARET ANONİM ŞİRKETİ<br>İstasyon No: ŞRJ/13592<br>Adres: Nacarlı Osb Mahallesi 3. Caddesi No:2A Akdeniz / MERSİN<br>Açıklama: Marka: ovolt<br>İlçe: Akdeniz<br>Şarj tipi: DC<br>Soketler: 2 × CCS<br>Maksimum güç: 180.0 kW<br>Şarj ağı işletmecisi: OVOLT ŞARJ TEKNOLOJİLERİ SANAYİ VE TİCARET ANONİM ŞİRKETİ<br>İstasyon no: ŞRJ/13592]]></description>
        <styleUrl>#icon-1899-0288D1</styleUrl>
        <ExtendedData>
          <Data name="Konum">
            <value>Nacarlı Osb Mahallesi 3. Caddesi No:2A Akdeniz / MERSİN, Mersin, Türkiye</value>
          </Data>
          <Data name="İlçe">
            <value>Akdeniz</value>
          </Data>
          <Data name="Marka">
            <value>ovolt</value>
          </Data>
          <Data name="Şarj Tipi">
            <value>DC</value>
          </Data>
          <Data name="AC Soket">
            <value>0.0</value>
          </Data>
          <Data name="DC Soket">
            <value>2.0</value>
          </Data>
          <Data name="Soket Özeti">
            <value>2 × CCS</value>
          </Data>
          <Data name="Maksimum Güç (kW)">
            <value>1800.0</value>
          </Data>
          <Data name="Şarj Ağı İşletmecisi">
            <value>OVOLT ŞARJ TEKNOLOJİLERİ SANAYİ VE TİCARET ANONİM ŞİRKETİ</value>
          </Data>
          <Data name="İstasyon No">
            <value>ŞRJ/13592</value>
          </Data>
          <Data name="Adres">
            <value>Nacarlı Osb Mahallesi 3. Caddesi No:2A Akdeniz / MERSİN</value>
          </Data>
          <Data name="Açıklama">
            <value>Marka: ovolt
İlçe: Akdeniz
Şarj tipi: DC
Soketler: 2 × CCS
Maksimum güç: 180.0 kW
Şarj ağı işletmecisi: OVOLT ŞARJ TEKNOLOJİLERİ SANAYİ VE TİCARET ANONİM ŞİRKETİ
İstasyon no: ŞRJ/13592</value>
          </Data>
        </ExtendedData>
      </Placemark>
      <Placemark>
        <name>MERSİN TARSUS OSB 2. BÖLGE</name>
        <address>Burhan Osb Mahallesi No:10 Akdeniz / MERSİN, Mersin, Türkiye</address>
        <description><![CDATA[Konum: Burhan Osb Mahallesi No:10 Akdeniz / MERSİN, Mersin, Türkiye<br>İlçe: Akdeniz<br>Marka: ovolt<br>Şarj Tipi: DC<br>AC Soket: 0<br>DC Soket: 2<br>Soket Özeti: 2 × CCS<br>Maksimum Güç (kW): 1800<br>Şarj Ağı İşletmecisi: OVOLT ŞARJ TEKNOLOJİLERİ SANAYİ VE TİCARET ANONİM ŞİRKETİ<br>İstasyon No: ŞRJ/13593<br>Adres: Burhan Osb Mahallesi No:10 Akdeniz / MERSİN<br>Açıklama: Marka: ovolt<br>İlçe: Akdeniz<br>Şarj tipi: DC<br>Soketler: 2 × CCS<br>Maksimum güç: 180.0 kW<br>Şarj ağı işletmecisi: OVOLT ŞARJ TEKNOLOJİLERİ SANAYİ VE TİCARET ANONİM ŞİRKETİ<br>İstasyon no: ŞRJ/13593]]></description>
        <styleUrl>#icon-1899-0288D1</styleUrl>
        <ExtendedData>
          <Data name="Konum">
            <value>Burhan Osb Mahallesi No:10 Akdeniz / MERSİN, Mersin, Türkiye</value>
          </Data>
          <Data name="İlçe">
            <value>Akdeniz</value>
          </Data>
          <Data name="Marka">
            <value>ovolt</value>
          </Data>
          <Data name="Şarj Tipi">
            <value>DC</value>
          </Data>
          <Data name="AC Soket">
            <value>0.0</value>
          </Data>
          <Data name="DC Soket">
            <value>2.0</value>
          </Data>
          <Data name="Soket Özeti">
            <value>2 × CCS</value>
          </Data>
          <Data name="Maksimum Güç (kW)">
            <value>1800.0</value>
          </Data>
          <Data name="Şarj Ağı İşletmecisi">
            <value>OVOLT ŞARJ TEKNOLOJİLERİ SANAYİ VE TİCARET ANONİM ŞİRKETİ</value>
          </Data>
          <Data name="İstasyon No">
            <value>ŞRJ/13593</value>
          </Data>
          <Data name="Adres">
            <value>Burhan Osb Mahallesi No:10 Akdeniz / MERSİN</value>
          </Data>
          <Data name="Açıklama">
            <value>Marka: ovolt
İlçe: Akdeniz
Şarj tipi: DC
Soketler: 2 × CCS
Maksimum güç: 180.0 kW
Şarj ağı işletmecisi: OVOLT ŞARJ TEKNOLOJİLERİ SANAYİ VE TİCARET ANONİM ŞİRKETİ
İstasyon no: ŞRJ/13593</value>
          </Data>
        </ExtendedData>
      </Placemark>
      <Placemark>
        <name>Aslangil Dinlenme Tesisleri</name>
        <address>Denizciler Mahallesi 217 Sokağı Bozyazı / MERSİN, Mersin, Türkiye</address>
        <description><![CDATA[Konum: Denizciler Mahallesi 217 Sokağı Bozyazı / MERSİN, Mersin, Türkiye<br>İlçe: Bozyazı<br>Marka: Trugo<br>Şarj Tipi: DC<br>AC Soket: 0<br>DC Soket: 2<br>Soket Özeti: 2 × CCS<br>Maksimum Güç (kW): 1800<br>Şarj Ağı İşletmecisi: TRUGO AKILLI ŞARJ ÇÖZÜMLERİ SANAYİ VE TİCARET ANONİM ŞİRKETİ<br>İstasyon No: ŞRJ/13750<br>Adres: Denizciler Mahallesi 217 Sokağı Bozyazı / MERSİN<br>Açıklama: Marka: Trugo<br>İlçe: Bozyazı<br>Şarj tipi: DC<br>Soketler: 2 × CCS<br>Maksimum güç: 180.0 kW<br>Şarj ağı işletmecisi: TRUGO AKILLI ŞARJ ÇÖZÜMLERİ SANAYİ VE TİCARET ANONİM ŞİRKETİ<br>İstasyon no: ŞRJ/13750]]></description>
        <styleUrl>#icon-1899-0288D1</styleUrl>
        <ExtendedData>
          <Data name="Konum">
            <value>Denizciler Mahallesi 217 Sokağı Bozyazı / MERSİN, Mersin, Türkiye</value>
          </Data>
          <Data name="İlçe">
            <value>Bozyazı</value>
          </Data>
          <Data name="Marka">
            <value>Trugo</value>
          </Data>
          <Data name="Şarj Tipi">
            <value>DC</value>
          </Data>
          <Data name="AC Soket">
            <value>0.0</value>
          </Data>
          <Data name="DC Soket">
            <value>2.0</value>
          </Data>
          <Data name="Soket Özeti">
            <value>2 × CCS</value>
          </Data>
          <Data name="Maksimum Güç (kW)">
            <value>1800.0</value>
          </Data>
          <Data name="Şarj Ağı İşletmecisi">
            <value>TRUGO AKILLI ŞARJ ÇÖZÜMLERİ SANAYİ VE TİCARET ANONİM ŞİRKETİ</value>
          </Data>
          <Data name="İstasyon No">
            <value>ŞRJ/13750</value>
          </Data>
          <Data name="Adres">
            <value>Denizciler Mahallesi 217 Sokağı Bozyazı / MERSİN</value>
          </Data>
          <Data name="Açıklama">
            <value>Marka: Trugo
İlçe: Bozyazı
Şarj tipi: DC
Soketler: 2 × CCS
Maksimum güç: 180.0 kW
Şarj ağı işletmecisi: TRUGO AKILLI ŞARJ ÇÖZÜMLERİ SANAYİ VE TİCARET ANONİM ŞİRKETİ
İstasyon no: ŞRJ/13750</value>
          </Data>
        </ExtendedData>
      </Placemark>
      <Placemark>
        <name>CHARGELAB - ÖZTOPRAKLAR KİA</name>
        <address>Seymenli Mahallesi No:1009/A Mezitli / MERSİN, Mersin, Türkiye</address>
        <description><![CDATA[Konum: Seymenli Mahallesi No:1009/A Mezitli / MERSİN, Mersin, Türkiye<br>İlçe: Mezitli<br>Marka: B-CHARGE<br>Şarj Tipi: DC<br>AC Soket: 0<br>DC Soket: 2<br>Soket Özeti: 2 × CCS<br>Maksimum Güç (kW): 1800<br>Şarj Ağı İşletmecisi: CHARGE LABORATORY MOBİLİTY TEKNOLOJİ ANONİM ŞİRKETİ<br>İstasyon No: ŞRJ/13915<br>Adres: Seymenli Mahallesi No:1009/A Mezitli / MERSİN<br>Açıklama: Marka: B-CHARGE<br>İlçe: Mezitli<br>Şarj tipi: DC<br>Soketler: 2 × CCS<br>Maksimum güç: 180.0 kW<br>Şarj ağı işletmecisi: CHARGE LABORATORY MOBİLİTY TEKNOLOJİ ANONİM ŞİRKETİ<br>İstasyon no: ŞRJ/13915]]></description>
        <styleUrl>#icon-1899-0288D1</styleUrl>
        <ExtendedData>
          <Data name="Konum">
            <value>Seymenli Mahallesi No:1009/A Mezitli / MERSİN, Mersin, Türkiye</value>
          </Data>
          <Data name="İlçe">
            <value>Mezitli</value>
          </Data>
          <Data name="Marka">
            <value>B-CHARGE</value>
          </Data>
          <Data name="Şarj Tipi">
            <value>DC</value>
          </Data>
          <Data name="AC Soket">
            <value>0.0</value>
          </Data>
          <Data name="DC Soket">
            <value>2.0</value>
          </Data>
          <Data name="Soket Özeti">
            <value>2 × CCS</value>
          </Data>
          <Data name="Maksimum Güç (kW)">
            <value>1800.0</value>
          </Data>
          <Data name="Şarj Ağı İşletmecisi">
            <value>CHARGE LABORATORY MOBİLİTY TEKNOLOJİ ANONİM ŞİRKETİ</value>
          </Data>
          <Data name="İstasyon No">
            <value>ŞRJ/13915</value>
          </Data>
          <Data name="Adres">
            <value>Seymenli Mahallesi No:1009/A Mezitli / MERSİN</value>
          </Data>
          <Data name="Açıklama">
            <value>Marka: B-CHARGE
İlçe: Mezitli
Şarj tipi: DC
Soketler: 2 × CCS
Maksimum güç: 180.0 kW
Şarj ağı işletmecisi: CHARGE LABORATORY MOBİLİTY TEKNOLOJİ ANONİM ŞİRKETİ
İstasyon no: ŞRJ/13915</value>
          </Data>
        </ExtendedData>
      </Placemark>
      <Placemark>
        <name>Shell Eski Otogar</name>
        <address>Mithatpaşa Mahallesi 5511 Sokağı No:9/1 Akdeniz / MERSİN, Mersin, Türkiye</address>
        <description><![CDATA[Konum: Mithatpaşa Mahallesi 5511 Sokağı No:9/1 Akdeniz / MERSİN, Mersin, Türkiye<br>İlçe: Akdeniz<br>Marka: Trugo<br>Şarj Tipi: DC<br>AC Soket: 0<br>DC Soket: 2<br>Soket Özeti: 2 × CCS<br>Maksimum Güç (kW): 1800<br>Şarj Ağı İşletmecisi: TRUGO AKILLI ŞARJ ÇÖZÜMLERİ SANAYİ VE TİCARET ANONİM ŞİRKETİ<br>İstasyon No: ŞRJ/14082<br>Adres: Mithatpaşa Mahallesi 5511 Sokağı No:9/1 Akdeniz / MERSİN<br>Açıklama: Marka: Trugo<br>İlçe: Akdeniz<br>Şarj tipi: DC<br>Soketler: 2 × CCS<br>Maksimum güç: 180.0 kW<br>Şarj ağı işletmecisi: TRUGO AKILLI ŞARJ ÇÖZÜMLERİ SANAYİ VE TİCARET ANONİM ŞİRKETİ<br>İstasyon no: ŞRJ/14082]]></description>
        <styleUrl>#icon-1899-0288D1</styleUrl>
        <ExtendedData>
          <Data name="Konum">
            <value>Mithatpaşa Mahallesi 5511 Sokağı No:9/1 Akdeniz / MERSİN, Mersin, Türkiye</value>
          </Data>
          <Data name="İlçe">
            <value>Akdeniz</value>
          </Data>
          <Data name="Marka">
            <value>Trugo</value>
          </Data>
          <Data name="Şarj Tipi">
            <value>DC</value>
          </Data>
          <Data name="AC Soket">
            <value>0.0</value>
          </Data>
          <Data name="DC Soket">
            <value>2.0</value>
          </Data>
          <Data name="Soket Özeti">
            <value>2 × CCS</value>
          </Data>
          <Data name="Maksimum Güç (kW)">
            <value>1800.0</value>
          </Data>
          <Data name="Şarj Ağı İşletmecisi">
            <value>TRUGO AKILLI ŞARJ ÇÖZÜMLERİ SANAYİ VE TİCARET ANONİM ŞİRKETİ</value>
          </Data>
          <Data name="İstasyon No">
            <value>ŞRJ/14082</value>
          </Data>
          <Data name="Adres">
            <value>Mithatpaşa Mahallesi 5511 Sokağı No:9/1 Akdeniz / MERSİN</value>
          </Data>
          <Data name="Açıklama">
            <value>Marka: Trugo
İlçe: Akdeniz
Şarj tipi: DC
Soketler: 2 × CCS
Maksimum güç: 180.0 kW
Şarj ağı işletmecisi: TRUGO AKILLI ŞARJ ÇÖZÜMLERİ SANAYİ VE TİCARET ANONİM ŞİRKETİ
İstasyon no: ŞRJ/14082</value>
          </Data>
        </ExtendedData>
      </Placemark>
      <Placemark>
        <name>3E Petrol</name>
        <address>Alsancak Mahallesi Gazi Mustafa Kemal Sokağı No:222 Toroslar / MERSİN, Mersin, Türkiye</address>
        <description><![CDATA[Konum: Alsancak Mahallesi Gazi Mustafa Kemal Sokağı No:222 Toroslar / MERSİN, Mersin, Türkiye<br>İlçe: Toroslar<br>Marka: ovolt<br>Şarj Tipi: AC<br>AC Soket: 2<br>DC Soket: 0<br>Soket Özeti: 2 × Type 2<br>Maksimum Güç (kW): 220<br>Şarj Ağı İşletmecisi: OVOLT ŞARJ TEKNOLOJİLERİ SANAYİ VE TİCARET ANONİM ŞİRKETİ<br>İstasyon No: ŞRJ/14108<br>Adres: Alsancak Mahallesi Gazi Mustafa Kemal Sokağı No:222 Toroslar / MERSİN<br>Açıklama: Marka: ovolt<br>İlçe: Toroslar<br>Şarj tipi: AC<br>Soketler: 2 × Type 2<br>Maksimum güç: 22.0 kW<br>Şarj ağı işletmecisi: OVOLT ŞARJ TEKNOLOJİLERİ SANAYİ VE TİCARET ANONİM ŞİRKETİ<br>İstasyon no: ŞRJ/14108]]></description>
        <styleUrl>#icon-1899-0288D1</styleUrl>
        <ExtendedData>
          <Data name="Konum">
            <value>Alsancak Mahallesi Gazi Mustafa Kemal Sokağı No:222 Toroslar / MERSİN, Mersin, Türkiye</value>
          </Data>
          <Data name="İlçe">
            <value>Toroslar</value>
          </Data>
          <Data name="Marka">
            <value>ovolt</value>
          </Data>
          <Data name="Şarj Tipi">
            <value>AC</value>
          </Data>
          <Data name="AC Soket">
            <value>2.0</value>
          </Data>
          <Data name="DC Soket">
            <value>0.0</value>
          </Data>
          <Data name="Soket Özeti">
            <value>2 × Type 2</value>
          </Data>
          <Data name="Maksimum Güç (kW)">
            <value>220.0</value>
          </Data>
          <Data name="Şarj Ağı İşletmecisi">
            <value>OVOLT ŞARJ TEKNOLOJİLERİ SANAYİ VE TİCARET ANONİM ŞİRKETİ</value>
          </Data>
          <Data name="İstasyon No">
            <value>ŞRJ/14108</value>
          </Data>
          <Data name="Adres">
            <value>Alsancak Mahallesi Gazi Mustafa Kemal Sokağı No:222 Toroslar / MERSİN</value>
          </Data>
          <Data name="Açıklama">
            <value>Marka: ovolt
İlçe: Toroslar
Şarj tipi: AC
Soketler: 2 × Type 2
Maksimum güç: 22.0 kW
Şarj ağı işletmecisi: OVOLT ŞARJ TEKNOLOJİLERİ SANAYİ VE TİCARET ANONİM ŞİRKETİ
İstasyon no: ŞRJ/14108</value>
          </Data>
        </ExtendedData>
      </Placemark>
      <Placemark>
        <name>OZT Petrol Mersin</name>
        <address>Çiftlikköy Mahallesi Hüseyin Okan Merkezci Sokağı No:698 Yenişehir / MERSİN, Mersin, Türkiye</address>
        <description><![CDATA[Konum: Çiftlikköy Mahallesi Hüseyin Okan Merkezci Sokağı No:698 Yenişehir / MERSİN, Mersin, Türkiye<br>İlçe: Yenişehir<br>Marka: ovolt<br>Şarj Tipi: AC<br>AC Soket: 1<br>DC Soket: 0<br>Soket Özeti: 1 × Type 2<br>Maksimum Güç (kW): 220<br>Şarj Ağı İşletmecisi: OVOLT ŞARJ TEKNOLOJİLERİ SANAYİ VE TİCARET ANONİM ŞİRKETİ<br>İstasyon No: ŞRJ/14109<br>Adres: Çiftlikköy Mahallesi Hüseyin Okan Merkezci Sokağı No:698 Yenişehir / MERSİN<br>Açıklama: Marka: ovolt<br>İlçe: Yenişehir<br>Şarj tipi: AC<br>Soketler: 1 × Type 2<br>Maksimum güç: 22.0 kW<br>Şarj ağı işletmecisi: OVOLT ŞARJ TEKNOLOJİLERİ SANAYİ VE TİCARET ANONİM ŞİRKETİ<br>İstasyon no: ŞRJ/14109]]></description>
        <styleUrl>#icon-1899-0288D1</styleUrl>
        <ExtendedData>
          <Data name="Konum">
            <value>Çiftlikköy Mahallesi Hüseyin Okan Merkezci Sokağı No:698 Yenişehir / MERSİN, Mersin, Türkiye</value>
          </Data>
          <Data name="İlçe">
            <value>Yenişehir</value>
          </Data>
          <Data name="Marka">
            <value>ovolt</value>
          </Data>
          <Data name="Şarj Tipi">
            <value>AC</value>
          </Data>
          <Data name="AC Soket">
            <value>1.0</value>
          </Data>
          <Data name="DC Soket">
            <value>0.0</value>
          </Data>
          <Data name="Soket Özeti">
            <value>1 × Type 2</value>
          </Data>
          <Data name="Maksimum Güç (kW)">
            <value>220.0</value>
          </Data>
          <Data name="Şarj Ağı İşletmecisi">
            <value>OVOLT ŞARJ TEKNOLOJİLERİ SANAYİ VE TİCARET ANONİM ŞİRKETİ</value>
          </Data>
          <Data name="İstasyon No">
            <value>ŞRJ/14109</value>
          </Data>
          <Data name="Adres">
            <value>Çiftlikköy Mahallesi Hüseyin Okan Merkezci Sokağı No:698 Yenişehir / MERSİN</value>
          </Data>
          <Data name="Açıklama">
            <value>Marka: ovolt
İlçe: Yenişehir
Şarj tipi: AC
Soketler: 1 × Type 2
Maksimum güç: 22.0 kW
Şarj ağı işletmecisi: OVOLT ŞARJ TEKNOLOJİLERİ SANAYİ VE TİCARET ANONİM ŞİRKETİ
İstasyon no: ŞRJ/14109</value>
          </Data>
        </ExtendedData>
      </Placemark>
      <Placemark>
        <name>Carrefoursa, Fuat Moral, Mersin</name>
        <address>Fuatmorel Mahallesi No:344/A Yenişehir / MERSİN, Mersin, Türkiye</address>
        <description><![CDATA[Konum: Fuatmorel Mahallesi No:344/A Yenişehir / MERSİN, Mersin, Türkiye<br>İlçe: Yenişehir<br>Marka: eşarj<br>Şarj Tipi: AC + DC<br>AC Soket: 1<br>DC Soket: 2<br>Soket Özeti: 2 × CCS, 1 × Type 2<br>Maksimum Güç (kW): 600<br>Şarj Ağı İşletmecisi: EŞARJ ELEKTRİKLİ ARAÇLAR ŞARJ SİSTEMLERİ ANONİM ŞİRKETİ<br>İstasyon No: ŞRJ/14171<br>Adres: Fuatmorel Mahallesi No:344/A Yenişehir / MERSİN<br>Açıklama: Marka: eşarj<br>İlçe: Yenişehir<br>Şarj tipi: AC + DC<br>Soketler: 2 × CCS, 1 × Type 2<br>Maksimum güç: 60.0 kW<br>Şarj ağı işletmecisi: EŞARJ ELEKTRİKLİ ARAÇLAR ŞARJ SİSTEMLERİ ANONİM ŞİRKETİ<br>İstasyon no: ŞRJ/14171]]></description>
        <styleUrl>#icon-1899-0288D1</styleUrl>
        <ExtendedData>
          <Data name="Konum">
            <value>Fuatmorel Mahallesi No:344/A Yenişehir / MERSİN, Mersin, Türkiye</value>
          </Data>
          <Data name="İlçe">
            <value>Yenişehir</value>
          </Data>
          <Data name="Marka">
            <value>eşarj</value>
          </Data>
          <Data name="Şarj Tipi">
            <value>AC + DC</value>
          </Data>
          <Data name="AC Soket">
            <value>1.0</value>
          </Data>
          <Data name="DC Soket">
            <value>2.0</value>
          </Data>
          <Data name="Soket Özeti">
            <value>2 × CCS, 1 × Type 2</value>
          </Data>
          <Data name="Maksimum Güç (kW)">
            <value>600.0</value>
          </Data>
          <Data name="Şarj Ağı İşletmecisi">
            <value>EŞARJ ELEKTRİKLİ ARAÇLAR ŞARJ SİSTEMLERİ ANONİM ŞİRKETİ</value>
          </Data>
          <Data name="İstasyon No">
            <value>ŞRJ/14171</value>
          </Data>
          <Data name="Adres">
            <value>Fuatmorel Mahallesi No:344/A Yenişehir / MERSİN</value>
          </Data>
          <Data name="Açıklama">
            <value>Marka: eşarj
İlçe: Yenişehir
Şarj tipi: AC + DC
Soketler: 2 × CCS, 1 × Type 2
Maksimum güç: 60.0 kW
Şarj ağı işletmecisi: EŞARJ ELEKTRİKLİ ARAÇLAR ŞARJ SİSTEMLERİ ANONİM ŞİRKETİ
İstasyon no: ŞRJ/14171</value>
          </Data>
        </ExtendedData>
      </Placemark>
      <Placemark>
        <name>Hyundai Derya Drc Otomotiv, Mersin</name>
        <address>Fatih Mahallesi No:A1 Blok No:1 Oktay Öner Sitesi Mezitli / MERSİN, Mersin, Türkiye</address>
        <description><![CDATA[Konum: Fatih Mahallesi No:A1 Blok No:1 Oktay Öner Sitesi Mezitli / MERSİN, Mersin, Türkiye<br>İlçe: Mezitli<br>Marka: eşarj<br>Şarj Tipi: DC<br>AC Soket: 0<br>DC Soket: 2<br>Soket Özeti: 2 × CCS<br>Maksimum Güç (kW): 1200<br>Şarj Ağı İşletmecisi: EŞARJ ELEKTRİKLİ ARAÇLAR ŞARJ SİSTEMLERİ ANONİM ŞİRKETİ<br>İstasyon No: ŞRJ/14176<br>Adres: Fatih Mahallesi No:A1 Blok No:1 Oktay Öner Sitesi Mezitli / MERSİN<br>Açıklama: Marka: eşarj<br>İlçe: Mezitli<br>Şarj tipi: DC<br>Soketler: 2 × CCS<br>Maksimum güç: 120.0 kW<br>Şarj ağı işletmecisi: EŞARJ ELEKTRİKLİ ARAÇLAR ŞARJ SİSTEMLERİ ANONİM ŞİRKETİ<br>İstasyon no: ŞRJ/14176]]></description>
        <styleUrl>#icon-1899-0288D1</styleUrl>
        <ExtendedData>
          <Data name="Konum">
            <value>Fatih Mahallesi No:A1 Blok No:1 Oktay Öner Sitesi Mezitli / MERSİN, Mersin, Türkiye</value>
          </Data>
          <Data name="İlçe">
            <value>Mezitli</value>
          </Data>
          <Data name="Marka">
            <value>eşarj</value>
          </Data>
          <Data name="Şarj Tipi">
            <value>DC</value>
          </Data>
          <Data name="AC Soket">
            <value>0.0</value>
          </Data>
          <Data name="DC Soket">
            <value>2.0</value>
          </Data>
          <Data name="Soket Özeti">
            <value>2 × CCS</value>
          </Data>
          <Data name="Maksimum Güç (kW)">
            <value>1200.0</value>
          </Data>
          <Data name="Şarj Ağı İşletmecisi">
            <value>EŞARJ ELEKTRİKLİ ARAÇLAR ŞARJ SİSTEMLERİ ANONİM ŞİRKETİ</value>
          </Data>
          <Data name="İstasyon No">
            <value>ŞRJ/14176</value>
          </Data>
          <Data name="Adres">
            <value>Fatih Mahallesi No:A1 Blok No:1 Oktay Öner Sitesi Mezitli / MERSİN</value>
          </Data>
          <Data name="Açıklama">
            <value>Marka: eşarj
İlçe: Mezitli
Şarj tipi: DC
Soketler: 2 × CCS
Maksimum güç: 120.0 kW
Şarj ağı işletmecisi: EŞARJ ELEKTRİKLİ ARAÇLAR ŞARJ SİSTEMLERİ ANONİM ŞİRKETİ
İstasyon no: ŞRJ/14176</value>
          </Data>
        </ExtendedData>
      </Placemark>
      <Placemark>
        <name>Carrefoursa, Mezitli Süper, Mersin</name>
        <address>Viranşehir Mahallesi Cengiz Topel Sokağı No:68 Şahin Rezidans Mezitli / MERSİN, Mersin, Türkiye</address>
        <description><![CDATA[Konum: Viranşehir Mahallesi Cengiz Topel Sokağı No:68 Şahin Rezidans Mezitli / MERSİN, Mersin, Türkiye<br>İlçe: Mezitli<br>Marka: eşarj<br>Şarj Tipi: DC<br>AC Soket: 0<br>DC Soket: 2<br>Soket Özeti: 2 × CCS<br>Maksimum Güç (kW): 1800<br>Şarj Ağı İşletmecisi: EŞARJ ELEKTRİKLİ ARAÇLAR ŞARJ SİSTEMLERİ ANONİM ŞİRKETİ<br>İstasyon No: ŞRJ/14183<br>Adres: Viranşehir Mahallesi Cengiz Topel Sokağı No:68 Şahin Rezidans Mezitli / MERSİN<br>Açıklama: Marka: eşarj<br>İlçe: Mezitli<br>Şarj tipi: DC<br>Soketler: 2 × CCS<br>Maksimum güç: 180.0 kW<br>Şarj ağı işletmecisi: EŞARJ ELEKTRİKLİ ARAÇLAR ŞARJ SİSTEMLERİ ANONİM ŞİRKETİ<br>İstasyon no: ŞRJ/14183]]></description>
        <styleUrl>#icon-1899-0288D1</styleUrl>
        <ExtendedData>
          <Data name="Konum">
            <value>Viranşehir Mahallesi Cengiz Topel Sokağı No:68 Şahin Rezidans Mezitli / MERSİN, Mersin, Türkiye</value>
          </Data>
          <Data name="İlçe">
            <value>Mezitli</value>
          </Data>
          <Data name="Marka">
            <value>eşarj</value>
          </Data>
          <Data name="Şarj Tipi">
            <value>DC</value>
          </Data>
          <Data name="AC Soket">
            <value>0.0</value>
          </Data>
          <Data name="DC Soket">
            <value>2.0</value>
          </Data>
          <Data name="Soket Özeti">
            <value>2 × CCS</value>
          </Data>
          <Data name="Maksimum Güç (kW)">
            <value>1800.0</value>
          </Data>
          <Data name="Şarj Ağı İşletmecisi">
            <value>EŞARJ ELEKTRİKLİ ARAÇLAR ŞARJ SİSTEMLERİ ANONİM ŞİRKETİ</value>
          </Data>
          <Data name="İstasyon No">
            <value>ŞRJ/14183</value>
          </Data>
          <Data name="Adres">
            <value>Viranşehir Mahallesi Cengiz Topel Sokağı No:68 Şahin Rezidans Mezitli / MERSİN</value>
          </Data>
          <Data name="Açıklama">
            <value>Marka: eşarj
İlçe: Mezitli
Şarj tipi: DC
Soketler: 2 × CCS
Maksimum güç: 180.0 kW
Şarj ağı işletmecisi: EŞARJ ELEKTRİKLİ ARAÇLAR ŞARJ SİSTEMLERİ ANONİM ŞİRKETİ
İstasyon no: ŞRJ/14183</value>
          </Data>
        </ExtendedData>
      </Placemark>
      <Placemark>
        <name>Semt Yeniköy Ofis, Mersin</name>
        <address>Limonluk Mahallesi 2410 Sokağı No:6 Yenişehir / MERSİN, Mersin, Türkiye</address>
        <description><![CDATA[Konum: Limonluk Mahallesi 2410 Sokağı No:6 Yenişehir / MERSİN, Mersin, Türkiye<br>İlçe: Yenişehir<br>Marka: eşarj<br>Şarj Tipi: DC<br>AC Soket: 0<br>DC Soket: 1<br>Soket Özeti: 1 × CCS<br>Maksimum Güç (kW): 300<br>Şarj Ağı İşletmecisi: EŞARJ ELEKTRİKLİ ARAÇLAR ŞARJ SİSTEMLERİ ANONİM ŞİRKETİ<br>İstasyon No: ŞRJ/14203<br>Adres: Limonluk Mahallesi 2410 Sokağı No:6 Yenişehir / MERSİN<br>Açıklama: Marka: eşarj<br>İlçe: Yenişehir<br>Şarj tipi: DC<br>Soketler: 1 × CCS<br>Maksimum güç: 30.0 kW<br>Şarj ağı işletmecisi: EŞARJ ELEKTRİKLİ ARAÇLAR ŞARJ SİSTEMLERİ ANONİM ŞİRKETİ<br>İstasyon no: ŞRJ/14203]]></description>
        <styleUrl>#icon-1899-0288D1</styleUrl>
        <ExtendedData>
          <Data name="Konum">
            <value>Limonluk Mahallesi 2410 Sokağı No:6 Yenişehir / MERSİN, Mersin, Türkiye</value>
          </Data>
          <Data name="İlçe">
            <value>Yenişehir</value>
          </Data>
          <Data name="Marka">
            <value>eşarj</value>
          </Data>
          <Data name="Şarj Tipi">
            <value>DC</value>
          </Data>
          <Data name="AC Soket">
            <value>0.0</value>
          </Data>
          <Data name="DC Soket">
            <value>1.0</value>
          </Data>
          <Data name="Soket Özeti">
            <value>1 × CCS</value>
          </Data>
          <Data name="Maksimum Güç (kW)">
            <value>300.0</value>
          </Data>
          <Data name="Şarj Ağı İşletmecisi">
            <value>EŞARJ ELEKTRİKLİ ARAÇLAR ŞARJ SİSTEMLERİ ANONİM ŞİRKETİ</value>
          </Data>
          <Data name="İstasyon No">
            <value>ŞRJ/14203</value>
          </Data>
          <Data name="Adres">
            <value>Limonluk Mahallesi 2410 Sokağı No:6 Yenişehir / MERSİN</value>
          </Data>
          <Data name="Açıklama">
            <value>Marka: eşarj
İlçe: Yenişehir
Şarj tipi: DC
Soketler: 1 × CCS
Maksimum güç: 30.0 kW
Şarj ağı işletmecisi: EŞARJ ELEKTRİKLİ ARAÇLAR ŞARJ SİSTEMLERİ ANONİM ŞİRKETİ
İstasyon no: ŞRJ/14203</value>
          </Data>
        </ExtendedData>
      </Placemark>
      <Placemark>
        <name>ASTORŞARJ RADISSON HOTEL MERSİN</name>
        <address>Eğriçam Mahallesi Hüseyin Okan Merzeci Sokağı No:685 Yenişehir / MERSİN, Mersin, Türkiye</address>
        <description><![CDATA[Konum: Eğriçam Mahallesi Hüseyin Okan Merzeci Sokağı No:685 Yenişehir / MERSİN, Mersin, Türkiye<br>İlçe: Yenişehir<br>Marka: ASTOR<br>Şarj Tipi: AC + DC<br>AC Soket: 1<br>DC Soket: 2<br>Soket Özeti: 2 × CCS, 1 × Type 2<br>Maksimum Güç (kW): 3000<br>Şarj Ağı İşletmecisi: ASTOR ENERJİ ANONİM ŞİRKETİ<br>İstasyon No: ŞRJ/14357<br>Adres: Eğriçam Mahallesi Hüseyin Okan Merzeci Sokağı No:685 Yenişehir / MERSİN<br>Açıklama: Marka: ASTOR<br>İlçe: Yenişehir<br>Şarj tipi: AC + DC<br>Soketler: 2 × CCS, 1 × Type 2<br>Maksimum güç: 300.0 kW<br>Şarj ağı işletmecisi: ASTOR ENERJİ ANONİM ŞİRKETİ<br>İstasyon no: ŞRJ/14357]]></description>
        <styleUrl>#icon-1899-0288D1</styleUrl>
        <ExtendedData>
          <Data name="Konum">
            <value>Eğriçam Mahallesi Hüseyin Okan Merzeci Sokağı No:685 Yenişehir / MERSİN, Mersin, Türkiye</value>
          </Data>
          <Data name="İlçe">
            <value>Yenişehir</value>
          </Data>
          <Data name="Marka">
            <value>ASTOR</value>
          </Data>
          <Data name="Şarj Tipi">
            <value>AC + DC</value>
          </Data>
          <Data name="AC Soket">
            <value>1.0</value>
          </Data>
          <Data name="DC Soket">
            <value>2.0</value>
          </Data>
          <Data name="Soket Özeti">
            <value>2 × CCS, 1 × Type 2</value>
          </Data>
          <Data name="Maksimum Güç (kW)">
            <value>3000.0</value>
          </Data>
          <Data name="Şarj Ağı İşletmecisi">
            <value>ASTOR ENERJİ ANONİM ŞİRKETİ</value>
          </Data>
          <Data name="İstasyon No">
            <value>ŞRJ/14357</value>
          </Data>
          <Data name="Adres">
            <value>Eğriçam Mahallesi Hüseyin Okan Merzeci Sokağı No:685 Yenişehir / MERSİN</value>
          </Data>
          <Data name="Açıklama">
            <value>Marka: ASTOR
İlçe: Yenişehir
Şarj tipi: AC + DC
Soketler: 2 × CCS, 1 × Type 2
Maksimum güç: 300.0 kW
Şarj ağı işletmecisi: ASTOR ENERJİ ANONİM ŞİRKETİ
İstasyon no: ŞRJ/14357</value>
          </Data>
        </ExtendedData>
      </Placemark>
      <Placemark>
        <name>KARACAOĞLAN PARKI MUT BELEDİYE BAŞKANLIĞI</name>
        <address>Kale Mahallesi Cumhuriyet M. Sokağı No:8 Mut / MERSİN, Mersin, Türkiye</address>
        <description><![CDATA[Konum: Kale Mahallesi Cumhuriyet M. Sokağı No:8 Mut / MERSİN, Mersin, Türkiye<br>İlçe: Mut<br>Marka: ŞarjMatik<br>Şarj Tipi: AC<br>AC Soket: 1<br>DC Soket: 0<br>Soket Özeti: 1 × Type 2<br>Maksimum Güç (kW): 37<br>Şarj Ağı İşletmecisi: ŞARJMATİK ENERJİ BİLİŞİM LİMİTED ŞİRKETİ<br>İstasyon No: ŞRJ/12121<br>Adres: Kale Mahallesi Cumhuriyet M. Sokağı No:8 Mut / MERSİN<br>Açıklama: Marka: ŞarjMatik<br>İlçe: Mut<br>Şarj tipi: AC<br>Soketler: 1 × Type 2<br>Maksimum güç: 3.7 kW<br>Şarj ağı işletmecisi: ŞARJMATİK ENERJİ BİLİŞİM LİMİTED ŞİRKETİ<br>İstasyon no: ŞRJ/12121]]></description>
        <styleUrl>#icon-1899-0288D1</styleUrl>
        <ExtendedData>
          <Data name="Konum">
            <value>Kale Mahallesi Cumhuriyet M. Sokağı No:8 Mut / MERSİN, Mersin, Türkiye</value>
          </Data>
          <Data name="İlçe">
            <value>Mut</value>
          </Data>
          <Data name="Marka">
            <value>ŞarjMatik</value>
          </Data>
          <Data name="Şarj Tipi">
            <value>AC</value>
          </Data>
          <Data name="AC Soket">
            <value>1.0</value>
          </Data>
          <Data name="DC Soket">
            <value>0.0</value>
          </Data>
          <Data name="Soket Özeti">
            <value>1 × Type 2</value>
          </Data>
          <Data name="Maksimum Güç (kW)">
            <value>37.0</value>
          </Data>
          <Data name="Şarj Ağı İşletmecisi">
            <value>ŞARJMATİK ENERJİ BİLİŞİM LİMİTED ŞİRKETİ</value>
          </Data>
          <Data name="İstasyon No">
            <value>ŞRJ/12121</value>
          </Data>
          <Data name="Adres">
            <value>Kale Mahallesi Cumhuriyet M. Sokağı No:8 Mut / MERSİN</value>
          </Data>
          <Data name="Açıklama">
            <value>Marka: ŞarjMatik
İlçe: Mut
Şarj tipi: AC
Soketler: 1 × Type 2
Maksimum güç: 3.7 kW
Şarj ağı işletmecisi: ŞARJMATİK ENERJİ BİLİŞİM LİMİTED ŞİRKETİ
İstasyon no: ŞRJ/12121</value>
          </Data>
        </ExtendedData>
      </Placemark>
      <Placemark>
        <name>ÇINARALTI PARKI MUT BELEDİYE BAŞKANLIĞI</name>
        <description><![CDATA[Konum: Kale Mahallesi Cumhuriyet M. Sokağı No:8 Mut / MERSİN, Mersin, Türkiye<br>İlçe: Mut<br>Marka: ŞarjMatik<br>Şarj Tipi: AC<br>AC Soket: 1<br>DC Soket: 0<br>Soket Özeti: 1 × Type 2<br>Maksimum Güç (kW): 74<br>Şarj Ağı İşletmecisi: ŞARJMATİK ENERJİ BİLİŞİM LİMİTED ŞİRKETİ<br>İstasyon No: ŞRJ/12118<br>Adres: Kale Mahallesi Cumhuriyet M. Sokağı No:8 Mut / MERSİN<br>Açıklama: Marka: ŞarjMatik<br>İlçe: Mut<br>Şarj tipi: AC<br>Soketler: 1 × Type 2<br>Maksimum güç: 7.4 kW<br>Şarj ağı işletmecisi: ŞARJMATİK ENERJİ BİLİŞİM LİMİTED ŞİRKETİ<br>İstasyon no: ŞRJ/12118]]></description>
        <ExtendedData>
          <Data name="Konum">
            <value>Kale Mahallesi Cumhuriyet M. Sokağı No:8 Mut / MERSİN, Mersin, Türkiye</value>
          </Data>
          <Data name="İlçe">
            <value>Mut</value>
          </Data>
          <Data name="Marka">
            <value>ŞarjMatik</value>
          </Data>
          <Data name="Şarj Tipi">
            <value>AC</value>
          </Data>
          <Data name="AC Soket">
            <value>1.0</value>
          </Data>
          <Data name="DC Soket">
            <value>0.0</value>
          </Data>
          <Data name="Soket Özeti">
            <value>1 × Type 2</value>
          </Data>
          <Data name="Maksimum Güç (kW)">
            <value>74.0</value>
          </Data>
          <Data name="Şarj Ağı İşletmecisi">
            <value>ŞARJMATİK ENERJİ BİLİŞİM LİMİTED ŞİRKETİ</value>
          </Data>
          <Data name="İstasyon No">
            <value>ŞRJ/12118</value>
          </Data>
          <Data name="Adres">
            <value>Kale Mahallesi Cumhuriyet M. Sokağı No:8 Mut / MERSİN</value>
          </Data>
          <Data name="Açıklama">
            <value>Marka: ŞarjMatik
İlçe: Mut
Şarj tipi: AC
Soketler: 1 × Type 2
Maksimum güç: 7.4 kW
Şarj ağı işletmecisi: ŞARJMATİK ENERJİ BİLİŞİM LİMİTED ŞİRKETİ
İstasyon no: ŞRJ/12118</value>
          </Data>
        </ExtendedData>
      </Placemark>
      <Placemark>
        <name>Swiss Inn Hotel Mersin</name>
        <address>Bahçe Mahallesi İstiklal Sokağı No:138 Akdeniz / MERSİN, Mersin, Türkiye</address>
        <description><![CDATA[Konum: Bahçe Mahallesi İstiklal Sokağı No:138 Akdeniz / MERSİN, Mersin, Türkiye<br>İlçe: Akdeniz<br>Marka: zes<br>Şarj Tipi: DC<br>AC Soket: 0<br>DC Soket: 2<br>Soket Özeti: 2 × CCS<br>Maksimum Güç (kW): 600<br>Şarj Ağı İşletmecisi: ZES DİJİTAL TİCARET ANONİM ŞİRKETİ<br>İstasyon No: ŞRJ/14741<br>Adres: Bahçe Mahallesi İstiklal Sokağı No:138 Akdeniz / MERSİN<br>Açıklama: Marka: zes<br>İlçe: Akdeniz<br>Şarj tipi: DC<br>Soketler: 2 × CCS<br>Maksimum güç: 60.0 kW<br>Şarj ağı işletmecisi: ZES DİJİTAL TİCARET ANONİM ŞİRKETİ<br>İstasyon no: ŞRJ/14741]]></description>
        <styleUrl>#icon-1899-0288D1</styleUrl>
        <ExtendedData>
          <Data name="Konum">
            <value>Bahçe Mahallesi İstiklal Sokağı No:138 Akdeniz / MERSİN, Mersin, Türkiye</value>
          </Data>
          <Data name="İlçe">
            <value>Akdeniz</value>
          </Data>
          <Data name="Marka">
            <value>zes</value>
          </Data>
          <Data name="Şarj Tipi">
            <value>DC</value>
          </Data>
          <Data name="AC Soket">
            <value>0.0</value>
          </Data>
          <Data name="DC Soket">
            <value>2.0</value>
          </Data>
          <Data name="Soket Özeti">
            <value>2 × CCS</value>
          </Data>
          <Data name="Maksimum Güç (kW)">
            <value>600.0</value>
          </Data>
          <Data name="Şarj Ağı İşletmecisi">
            <value>ZES DİJİTAL TİCARET ANONİM ŞİRKETİ</value>
          </Data>
          <Data name="İstasyon No">
            <value>ŞRJ/14741</value>
          </Data>
          <Data name="Adres">
            <value>Bahçe Mahallesi İstiklal Sokağı No:138 Akdeniz / MERSİN</value>
          </Data>
          <Data name="Açıklama">
            <value>Marka: zes
İlçe: Akdeniz
Şarj tipi: DC
Soketler: 2 × CCS
Maksimum güç: 60.0 kW
Şarj ağı işletmecisi: ZES DİJİTAL TİCARET ANONİM ŞİRKETİ
İstasyon no: ŞRJ/14741</value>
          </Data>
        </ExtendedData>
      </Placemark>
      <Placemark>
        <name>TAÇ KOLEJİ ANAOKULU</name>
        <address>50. Yıl Mahallesi 38. Sokağı No:79 Yenişehir / MERSİN, Mersin, Türkiye</address>
        <description><![CDATA[Konum: 50. Yıl Mahallesi 38. Sokağı No:79 Yenişehir / MERSİN, Mersin, Türkiye<br>İlçe: Yenişehir<br>Marka: volti<br>Şarj Tipi: AC<br>AC Soket: 1<br>DC Soket: 0<br>Soket Özeti: 1 × Type 2<br>Maksimum Güç (kW): 110<br>Şarj Ağı İşletmecisi: VOLNET ENERJİ SİSTEMLERİ SANAYİ TİCARET ANONİM ŞİRKETİ<br>İstasyon No: ŞRJ/14847<br>Adres: 50. Yıl Mahallesi 38. Sokağı No:79 Yenişehir / MERSİN<br>Açıklama: Marka: volti<br>İlçe: Yenişehir<br>Şarj tipi: AC<br>Soketler: 1 × Type 2<br>Maksimum güç: 11.0 kW<br>Şarj ağı işletmecisi: VOLNET ENERJİ SİSTEMLERİ SANAYİ TİCARET ANONİM ŞİRKETİ<br>İstasyon no: ŞRJ/14847]]></description>
        <styleUrl>#icon-1899-0288D1</styleUrl>
        <ExtendedData>
          <Data name="Konum">
            <value>50. Yıl Mahallesi 38. Sokağı No:79 Yenişehir / MERSİN, Mersin, Türkiye</value>
          </Data>
          <Data name="İlçe">
            <value>Yenişehir</value>
          </Data>
          <Data name="Marka">
            <value>volti</value>
          </Data>
          <Data name="Şarj Tipi">
            <value>AC</value>
          </Data>
          <Data name="AC Soket">
            <value>1.0</value>
          </Data>
          <Data name="DC Soket">
            <value>0.0</value>
          </Data>
          <Data name="Soket Özeti">
            <value>1 × Type 2</value>
          </Data>
          <Data name="Maksimum Güç (kW)">
            <value>110.0</value>
          </Data>
          <Data name="Şarj Ağı İşletmecisi">
            <value>VOLNET ENERJİ SİSTEMLERİ SANAYİ TİCARET ANONİM ŞİRKETİ</value>
          </Data>
          <Data name="İstasyon No">
            <value>ŞRJ/14847</value>
          </Data>
          <Data name="Adres">
            <value>50. Yıl Mahallesi 38. Sokağı No:79 Yenişehir / MERSİN</value>
          </Data>
          <Data name="Açıklama">
            <value>Marka: volti
İlçe: Yenişehir
Şarj tipi: AC
Soketler: 1 × Type 2
Maksimum güç: 11.0 kW
Şarj ağı işletmecisi: VOLNET ENERJİ SİSTEMLERİ SANAYİ TİCARET ANONİM ŞİRKETİ
İstasyon no: ŞRJ/14847</value>
          </Data>
        </ExtendedData>
      </Placemark>
      <Placemark>
        <name>TAÇ KOLEJİ İLKOKULU</name>
        <address>Gökçebelen Mahallesi Kolej Sokağı No:80 Yenişehir / MERSİN, Mersin, Türkiye</address>
        <description><![CDATA[Konum: Gökçebelen Mahallesi Kolej Sokağı No:80 Yenişehir / MERSİN, Mersin, Türkiye<br>İlçe: Yenişehir<br>Marka: volti<br>Şarj Tipi: AC<br>AC Soket: 2<br>DC Soket: 0<br>Soket Özeti: 2 × Type 2<br>Maksimum Güç (kW): 220<br>Şarj Ağı İşletmecisi: VOLNET ENERJİ SİSTEMLERİ SANAYİ TİCARET ANONİM ŞİRKETİ<br>İstasyon No: ŞRJ/14848<br>Adres: Gökçebelen Mahallesi Kolej Sokağı No:80 Yenişehir / MERSİN<br>Açıklama: Marka: volti<br>İlçe: Yenişehir<br>Şarj tipi: AC<br>Soketler: 2 × Type 2<br>Maksimum güç: 22.0 kW<br>Şarj ağı işletmecisi: VOLNET ENERJİ SİSTEMLERİ SANAYİ TİCARET ANONİM ŞİRKETİ<br>İstasyon no: ŞRJ/14848]]></description>
        <styleUrl>#icon-1899-0288D1</styleUrl>
        <ExtendedData>
          <Data name="Konum">
            <value>Gökçebelen Mahallesi Kolej Sokağı No:80 Yenişehir / MERSİN, Mersin, Türkiye</value>
          </Data>
          <Data name="İlçe">
            <value>Yenişehir</value>
          </Data>
          <Data name="Marka">
            <value>volti</value>
          </Data>
          <Data name="Şarj Tipi">
            <value>AC</value>
          </Data>
          <Data name="AC Soket">
            <value>2.0</value>
          </Data>
          <Data name="DC Soket">
            <value>0.0</value>
          </Data>
          <Data name="Soket Özeti">
            <value>2 × Type 2</value>
          </Data>
          <Data name="Maksimum Güç (kW)">
            <value>220.0</value>
          </Data>
          <Data name="Şarj Ağı İşletmecisi">
            <value>VOLNET ENERJİ SİSTEMLERİ SANAYİ TİCARET ANONİM ŞİRKETİ</value>
          </Data>
          <Data name="İstasyon No">
            <value>ŞRJ/14848</value>
          </Data>
          <Data name="Adres">
            <value>Gökçebelen Mahallesi Kolej Sokağı No:80 Yenişehir / MERSİN</value>
          </Data>
          <Data name="Açıklama">
            <value>Marka: volti
İlçe: Yenişehir
Şarj tipi: AC
Soketler: 2 × Type 2
Maksimum güç: 22.0 kW
Şarj ağı işletmecisi: VOLNET ENERJİ SİSTEMLERİ SANAYİ TİCARET ANONİM ŞİRKETİ
İstasyon no: ŞRJ/14848</value>
          </Data>
        </ExtendedData>
      </Placemark>
      <Placemark>
        <name>EUROPEN OTEL</name>
        <address>Ayaş Mahallesi Tepe Sokağı No:5 Erdemli / MERSİN, Mersin, Türkiye</address>
        <description><![CDATA[Konum: Ayaş Mahallesi Tepe Sokağı No:5 Erdemli / MERSİN, Mersin, Türkiye<br>İlçe: Erdemli<br>Marka: volti<br>Şarj Tipi: AC<br>AC Soket: 2<br>DC Soket: 0<br>Soket Özeti: 2 × Type 2<br>Maksimum Güç (kW): 110<br>Şarj Ağı İşletmecisi: VOLNET ENERJİ SİSTEMLERİ SANAYİ TİCARET ANONİM ŞİRKETİ<br>İstasyon No: ŞRJ/14849<br>Adres: Ayaş Mahallesi Tepe Sokağı No:5 Erdemli / MERSİN<br>Açıklama: Marka: volti<br>İlçe: Erdemli<br>Şarj tipi: AC<br>Soketler: 2 × Type 2<br>Maksimum güç: 11.0 kW<br>Şarj ağı işletmecisi: VOLNET ENERJİ SİSTEMLERİ SANAYİ TİCARET ANONİM ŞİRKETİ<br>İstasyon no: ŞRJ/14849]]></description>
        <styleUrl>#icon-1899-0288D1</styleUrl>
        <ExtendedData>
          <Data name="Konum">
            <value>Ayaş Mahallesi Tepe Sokağı No:5 Erdemli / MERSİN, Mersin, Türkiye</value>
          </Data>
          <Data name="İlçe">
            <value>Erdemli</value>
          </Data>
          <Data name="Marka">
            <value>volti</value>
          </Data>
          <Data name="Şarj Tipi">
            <value>AC</value>
          </Data>
          <Data name="AC Soket">
            <value>2.0</value>
          </Data>
          <Data name="DC Soket">
            <value>0.0</value>
          </Data>
          <Data name="Soket Özeti">
            <value>2 × Type 2</value>
          </Data>
          <Data name="Maksimum Güç (kW)">
            <value>110.0</value>
          </Data>
          <Data name="Şarj Ağı İşletmecisi">
            <value>VOLNET ENERJİ SİSTEMLERİ SANAYİ TİCARET ANONİM ŞİRKETİ</value>
          </Data>
          <Data name="İstasyon No">
            <value>ŞRJ/14849</value>
          </Data>
          <Data name="Adres">
            <value>Ayaş Mahallesi Tepe Sokağı No:5 Erdemli / MERSİN</value>
          </Data>
          <Data name="Açıklama">
            <value>Marka: volti
İlçe: Erdemli
Şarj tipi: AC
Soketler: 2 × Type 2
Maksimum güç: 11.0 kW
Şarj ağı işletmecisi: VOLNET ENERJİ SİSTEMLERİ SANAYİ TİCARET ANONİM ŞİRKETİ
İstasyon no: ŞRJ/14849</value>
          </Data>
        </ExtendedData>
      </Placemark>
      <Placemark>
        <name>Forum Diyarbakır AVM Kapalı Otopark</name>
        <address>Fabrika Mahallesi No:165 Yenişehir / MERSİN, Mersin, Türkiye</address>
        <description><![CDATA[Konum: Fabrika Mahallesi No:165 Yenişehir / MERSİN, Mersin, Türkiye<br>İlçe: Yenişehir<br>Marka: zes<br>Şarj Tipi: AC + DC<br>AC Soket: 1<br>DC Soket: 4<br>Soket Özeti: 4 × CCS, 1 × Type 2<br>Maksimum Güç (kW): 600<br>Şarj Ağı İşletmecisi: ZES DİJİTAL TİCARET ANONİM ŞİRKETİ<br>İstasyon No: ŞRJ/1763<br>Adres: Fabrika Mahallesi No:165 Yenişehir / MERSİN<br>Açıklama: Marka: zes<br>İlçe: Yenişehir<br>Şarj tipi: AC + DC<br>Soketler: 4 × CCS, 1 × Type 2<br>Maksimum güç: 60.0 kW<br>Şarj ağı işletmecisi: ZES DİJİTAL TİCARET ANONİM ŞİRKETİ<br>İstasyon no: ŞRJ/1763]]></description>
        <styleUrl>#icon-1899-0288D1</styleUrl>
        <ExtendedData>
          <Data name="Konum">
            <value>Fabrika Mahallesi No:165 Yenişehir / MERSİN, Mersin, Türkiye</value>
          </Data>
          <Data name="İlçe">
            <value>Yenişehir</value>
          </Data>
          <Data name="Marka">
            <value>zes</value>
          </Data>
          <Data name="Şarj Tipi">
            <value>AC + DC</value>
          </Data>
          <Data name="AC Soket">
            <value>1.0</value>
          </Data>
          <Data name="DC Soket">
            <value>4.0</value>
          </Data>
          <Data name="Soket Özeti">
            <value>4 × CCS, 1 × Type 2</value>
          </Data>
          <Data name="Maksimum Güç (kW)">
            <value>600.0</value>
          </Data>
          <Data name="Şarj Ağı İşletmecisi">
            <value>ZES DİJİTAL TİCARET ANONİM ŞİRKETİ</value>
          </Data>
          <Data name="İstasyon No">
            <value>ŞRJ/1763</value>
          </Data>
          <Data name="Adres">
            <value>Fabrika Mahallesi No:165 Yenişehir / MERSİN</value>
          </Data>
          <Data name="Açıklama">
            <value>Marka: zes
İlçe: Yenişehir
Şarj tipi: AC + DC
Soketler: 4 × CCS, 1 × Type 2
Maksimum güç: 60.0 kW
Şarj ağı işletmecisi: ZES DİJİTAL TİCARET ANONİM ŞİRKETİ
İstasyon no: ŞRJ/1763</value>
          </Data>
        </ExtendedData>
      </Placemark>
      <Placemark>
        <name>Mersin Akkent</name>
        <address>Akkent Mahallesi Hüseyin Okan Merzeci Caddesi No:262 Yenişehir / MERSİN, Mersin, Türkiye</address>
        <description><![CDATA[Konum: Akkent Mahallesi Hüseyin Okan Merzeci Caddesi No:262 Yenişehir / MERSİN, Mersin, Türkiye<br>İlçe: Yenişehir<br>Marka: Trugo<br>Şarj Tipi: DC<br>AC Soket: 0<br>DC Soket: 2<br>Soket Özeti: 2 × CCS<br>Maksimum Güç (kW): 1800<br>Şarj Ağı İşletmecisi: TRUGO AKILLI ŞARJ ÇÖZÜMLERİ SANAYİ VE TİCARET ANONİM ŞİRKETİ<br>İstasyon No: ŞRJ/11209<br>Adres: Akkent Mahallesi Hüseyin Okan Merzeci Caddesi No:262 Yenişehir / MERSİN<br>Açıklama: Marka: Trugo<br>İlçe: Yenişehir<br>Şarj tipi: DC<br>Soketler: 2 × CCS<br>Maksimum güç: 180.0 kW<br>Şarj ağı işletmecisi: TRUGO AKILLI ŞARJ ÇÖZÜMLERİ SANAYİ VE TİCARET ANONİM ŞİRKETİ<br>İstasyon no: ŞRJ/11209]]></description>
        <styleUrl>#icon-1899-0288D1</styleUrl>
        <ExtendedData>
          <Data name="Konum">
            <value>Akkent Mahallesi Hüseyin Okan Merzeci Caddesi No:262 Yenişehir / MERSİN, Mersin, Türkiye</value>
          </Data>
          <Data name="İlçe">
            <value>Yenişehir</value>
          </Data>
          <Data name="Marka">
            <value>Trugo</value>
          </Data>
          <Data name="Şarj Tipi">
            <value>DC</value>
          </Data>
          <Data name="AC Soket">
            <value>0.0</value>
          </Data>
          <Data name="DC Soket">
            <value>2.0</value>
          </Data>
          <Data name="Soket Özeti">
            <value>2 × CCS</value>
          </Data>
          <Data name="Maksimum Güç (kW)">
            <value>1800.0</value>
          </Data>
          <Data name="Şarj Ağı İşletmecisi">
            <value>TRUGO AKILLI ŞARJ ÇÖZÜMLERİ SANAYİ VE TİCARET ANONİM ŞİRKETİ</value>
          </Data>
          <Data name="İstasyon No">
            <value>ŞRJ/11209</value>
          </Data>
          <Data name="Adres">
            <value>Akkent Mahallesi Hüseyin Okan Merzeci Caddesi No:262 Yenişehir / MERSİN</value>
          </Data>
          <Data name="Açıklama">
            <value>Marka: Trugo
İlçe: Yenişehir
Şarj tipi: DC
Soketler: 2 × CCS
Maksimum güç: 180.0 kW
Şarj ağı işletmecisi: TRUGO AKILLI ŞARJ ÇÖZÜMLERİ SANAYİ VE TİCARET ANONİM ŞİRKETİ
İstasyon no: ŞRJ/11209</value>
          </Data>
        </ExtendedData>
      </Placemark>
      <Placemark>
        <name>Sayapark AVM</name>
        <address>Akkent Mahallesi Hüseyin Okan Merzeci Sokağı Yenişehir / MERSİN, Mersin, Türkiye</address>
        <description><![CDATA[Konum: Akkent Mahallesi Hüseyin Okan Merzeci Sokağı Yenişehir / MERSİN, Mersin, Türkiye<br>İlçe: Yenişehir<br>Marka: Trugo<br>Şarj Tipi: DC<br>AC Soket: 0<br>DC Soket: 2<br>Soket Özeti: 2 × CCS<br>Maksimum Güç (kW): 1800<br>Şarj Ağı İşletmecisi: TRUGO AKILLI ŞARJ ÇÖZÜMLERİ SANAYİ VE TİCARET ANONİM ŞİRKETİ<br>İstasyon No: ŞRJ/5868<br>Adres: Akkent Mahallesi Hüseyin Okan Merzeci Sokağı Yenişehir / MERSİN<br>Açıklama: Marka: Trugo<br>İlçe: Yenişehir<br>Şarj tipi: DC<br>Soketler: 2 × CCS<br>Maksimum güç: 180.0 kW<br>Şarj ağı işletmecisi: TRUGO AKILLI ŞARJ ÇÖZÜMLERİ SANAYİ VE TİCARET ANONİM ŞİRKETİ<br>İstasyon no: ŞRJ/5868]]></description>
        <styleUrl>#icon-1899-0288D1</styleUrl>
        <ExtendedData>
          <Data name="Konum">
            <value>Akkent Mahallesi Hüseyin Okan Merzeci Sokağı Yenişehir / MERSİN, Mersin, Türkiye</value>
          </Data>
          <Data name="İlçe">
            <value>Yenişehir</value>
          </Data>
          <Data name="Marka">
            <value>Trugo</value>
          </Data>
          <Data name="Şarj Tipi">
            <value>DC</value>
          </Data>
          <Data name="AC Soket">
            <value>0.0</value>
          </Data>
          <Data name="DC Soket">
            <value>2.0</value>
          </Data>
          <Data name="Soket Özeti">
            <value>2 × CCS</value>
          </Data>
          <Data name="Maksimum Güç (kW)">
            <value>1800.0</value>
          </Data>
          <Data name="Şarj Ağı İşletmecisi">
            <value>TRUGO AKILLI ŞARJ ÇÖZÜMLERİ SANAYİ VE TİCARET ANONİM ŞİRKETİ</value>
          </Data>
          <Data name="İstasyon No">
            <value>ŞRJ/5868</value>
          </Data>
          <Data name="Adres">
            <value>Akkent Mahallesi Hüseyin Okan Merzeci Sokağı Yenişehir / MERSİN</value>
          </Data>
          <Data name="Açıklama">
            <value>Marka: Trugo
İlçe: Yenişehir
Şarj tipi: DC
Soketler: 2 × CCS
Maksimum güç: 180.0 kW
Şarj ağı işletmecisi: TRUGO AKILLI ŞARJ ÇÖZÜMLERİ SANAYİ VE TİCARET ANONİM ŞİRKETİ
İstasyon no: ŞRJ/5868</value>
          </Data>
        </ExtendedData>
      </Placemark>
      <Placemark>
        <name>Tarsu AVM, Mersin</name>
        <address>82 Evler Mahallesi Adana Sokağı No:57 Tarsus / MERSİN, Mersin, Türkiye</address>
        <description><![CDATA[Konum: 82 Evler Mahallesi Adana Sokağı No:57 Tarsus / MERSİN, Mersin, Türkiye<br>İlçe: Tarsus<br>Marka: eşarj<br>Şarj Tipi: DC<br>AC Soket: 0<br>DC Soket: 4<br>Soket Özeti: 4 × CCS<br>Maksimum Güç (kW): 1800<br>Şarj Ağı İşletmecisi: EŞARJ ELEKTRİKLİ ARAÇLAR ŞARJ SİSTEMLERİ ANONİM ŞİRKETİ<br>İstasyon No: ŞRJ/15236<br>Adres: 82 Evler Mahallesi Adana Sokağı No:57 Tarsus / MERSİN<br>Açıklama: Marka: eşarj<br>İlçe: Tarsus<br>Şarj tipi: DC<br>Soketler: 4 × CCS<br>Maksimum güç: 180.0 kW<br>Şarj ağı işletmecisi: EŞARJ ELEKTRİKLİ ARAÇLAR ŞARJ SİSTEMLERİ ANONİM ŞİRKETİ<br>İstasyon no: ŞRJ/15236]]></description>
        <styleUrl>#icon-1899-0288D1</styleUrl>
        <ExtendedData>
          <Data name="Konum">
            <value>82 Evler Mahallesi Adana Sokağı No:57 Tarsus / MERSİN, Mersin, Türkiye</value>
          </Data>
          <Data name="İlçe">
            <value>Tarsus</value>
          </Data>
          <Data name="Marka">
            <value>eşarj</value>
          </Data>
          <Data name="Şarj Tipi">
            <value>DC</value>
          </Data>
          <Data name="AC Soket">
            <value>0.0</value>
          </Data>
          <Data name="DC Soket">
            <value>4.0</value>
          </Data>
          <Data name="Soket Özeti">
            <value>4 × CCS</value>
          </Data>
          <Data name="Maksimum Güç (kW)">
            <value>1800.0</value>
          </Data>
          <Data name="Şarj Ağı İşletmecisi">
            <value>EŞARJ ELEKTRİKLİ ARAÇLAR ŞARJ SİSTEMLERİ ANONİM ŞİRKETİ</value>
          </Data>
          <Data name="İstasyon No">
            <value>ŞRJ/15236</value>
          </Data>
          <Data name="Adres">
            <value>82 Evler Mahallesi Adana Sokağı No:57 Tarsus / MERSİN</value>
          </Data>
          <Data name="Açıklama">
            <value>Marka: eşarj
İlçe: Tarsus
Şarj tipi: DC
Soketler: 4 × CCS
Maksimum güç: 180.0 kW
Şarj ağı işletmecisi: EŞARJ ELEKTRİKLİ ARAÇLAR ŞARJ SİSTEMLERİ ANONİM ŞİRKETİ
İstasyon no: ŞRJ/15236</value>
          </Data>
        </ExtendedData>
      </Placemark>
      <Placemark>
        <name>TAÇ KOLEJİ</name>
        <address>Limonluk Mahallesi 2472 Sokağı No:2 Yenişehir / MERSİN, Mersin, Türkiye</address>
        <description><![CDATA[Konum: Limonluk Mahallesi 2472 Sokağı No:2 Yenişehir / MERSİN, Mersin, Türkiye<br>İlçe: Yenişehir<br>Marka: volti<br>Şarj Tipi: AC<br>AC Soket: 1<br>DC Soket: 0<br>Soket Özeti: 1 × Type 2<br>Maksimum Güç (kW): 30<br>Şarj Ağı İşletmecisi: VOLNET ENERJİ SİSTEMLERİ SANAYİ TİCARET ANONİM ŞİRKETİ<br>İstasyon No: ŞRJ/15305<br>Adres: Limonluk Mahallesi 2472 Sokağı No:2 Yenişehir / MERSİN<br>Açıklama: Marka: volti<br>İlçe: Yenişehir<br>Şarj tipi: AC<br>Soketler: 1 × Type 2<br>Maksimum güç: 3.0 kW<br>Şarj ağı işletmecisi: VOLNET ENERJİ SİSTEMLERİ SANAYİ TİCARET ANONİM ŞİRKETİ<br>İstasyon no: ŞRJ/15305]]></description>
        <styleUrl>#icon-1899-0288D1</styleUrl>
        <ExtendedData>
          <Data name="Konum">
            <value>Limonluk Mahallesi 2472 Sokağı No:2 Yenişehir / MERSİN, Mersin, Türkiye</value>
          </Data>
          <Data name="İlçe">
            <value>Yenişehir</value>
          </Data>
          <Data name="Marka">
            <value>volti</value>
          </Data>
          <Data name="Şarj Tipi">
            <value>AC</value>
          </Data>
          <Data name="AC Soket">
            <value>1.0</value>
          </Data>
          <Data name="DC Soket">
            <value>0.0</value>
          </Data>
          <Data name="Soket Özeti">
            <value>1 × Type 2</value>
          </Data>
          <Data name="Maksimum Güç (kW)">
            <value>30.0</value>
          </Data>
          <Data name="Şarj Ağı İşletmecisi">
            <value>VOLNET ENERJİ SİSTEMLERİ SANAYİ TİCARET ANONİM ŞİRKETİ</value>
          </Data>
          <Data name="İstasyon No">
            <value>ŞRJ/15305</value>
          </Data>
          <Data name="Adres">
            <value>Limonluk Mahallesi 2472 Sokağı No:2 Yenişehir / MERSİN</value>
          </Data>
          <Data name="Açıklama">
            <value>Marka: volti
İlçe: Yenişehir
Şarj tipi: AC
Soketler: 1 × Type 2
Maksimum güç: 3.0 kW
Şarj ağı işletmecisi: VOLNET ENERJİ SİSTEMLERİ SANAYİ TİCARET ANONİM ŞİRKETİ
İstasyon no: ŞRJ/15305</value>
          </Data>
        </ExtendedData>
      </Placemark>
      <Placemark>
        <name>NUMAN KARADAĞ</name>
        <address>Eğriçam Mahallesi Hüseyin Okan Merzeci Sokağı No:741 Yenişehir / MERSİN, Mersin, Türkiye</address>
        <description><![CDATA[Konum: Eğriçam Mahallesi Hüseyin Okan Merzeci Sokağı No:741 Yenişehir / MERSİN, Mersin, Türkiye<br>İlçe: Yenişehir<br>Marka: ŞarjMatik<br>Şarj Tipi: AC<br>AC Soket: 1<br>DC Soket: 0<br>Soket Özeti: 1 × Type 2<br>Maksimum Güç (kW): 110<br>Şarj Ağı İşletmecisi: ŞARJMATİK ENERJİ BİLİŞİM LİMİTED ŞİRKETİ<br>İstasyon No: ŞRJ/12132<br>Adres: Eğriçam Mahallesi Hüseyin Okan Merzeci Sokağı No:741 Yenişehir / MERSİN<br>Açıklama: Marka: ŞarjMatik<br>İlçe: Yenişehir<br>Şarj tipi: AC<br>Soketler: 1 × Type 2<br>Maksimum güç: 11.0 kW<br>Şarj ağı işletmecisi: ŞARJMATİK ENERJİ BİLİŞİM LİMİTED ŞİRKETİ<br>İstasyon no: ŞRJ/12132]]></description>
        <styleUrl>#icon-1899-0288D1</styleUrl>
        <ExtendedData>
          <Data name="Konum">
            <value>Eğriçam Mahallesi Hüseyin Okan Merzeci Sokağı No:741 Yenişehir / MERSİN, Mersin, Türkiye</value>
          </Data>
          <Data name="İlçe">
            <value>Yenişehir</value>
          </Data>
          <Data name="Marka">
            <value>ŞarjMatik</value>
          </Data>
          <Data name="Şarj Tipi">
            <value>AC</value>
          </Data>
          <Data name="AC Soket">
            <value>1.0</value>
          </Data>
          <Data name="DC Soket">
            <value>0.0</value>
          </Data>
          <Data name="Soket Özeti">
            <value>1 × Type 2</value>
          </Data>
          <Data name="Maksimum Güç (kW)">
            <value>110.0</value>
          </Data>
          <Data name="Şarj Ağı İşletmecisi">
            <value>ŞARJMATİK ENERJİ BİLİŞİM LİMİTED ŞİRKETİ</value>
          </Data>
          <Data name="İstasyon No">
            <value>ŞRJ/12132</value>
          </Data>
          <Data name="Adres">
            <value>Eğriçam Mahallesi Hüseyin Okan Merzeci Sokağı No:741 Yenişehir / MERSİN</value>
          </Data>
          <Data name="Açıklama">
            <value>Marka: ŞarjMatik
İlçe: Yenişehir
Şarj tipi: AC
Soketler: 1 × Type 2
Maksimum güç: 11.0 kW
Şarj ağı işletmecisi: ŞARJMATİK ENERJİ BİLİŞİM LİMİTED ŞİRKETİ
İstasyon no: ŞRJ/12132</value>
          </Data>
        </ExtendedData>
      </Placemark>
      <Placemark>
        <name>DENİZ SİTESİ A Blok</name>
        <address>Batıkent Mahallesi 2699 Sokağı No:15 Yenişehir / MERSİN, Mersin, Türkiye</address>
        <description><![CDATA[Konum: Batıkent Mahallesi 2699 Sokağı No:15 Yenişehir / MERSİN, Mersin, Türkiye<br>İlçe: Yenişehir<br>Marka: volti<br>Şarj Tipi: AC<br>AC Soket: 2<br>DC Soket: 0<br>Soket Özeti: 2 × Type 2<br>Maksimum Güç (kW): 110<br>Şarj Ağı İşletmecisi: VOLNET ENERJİ SİSTEMLERİ SANAYİ TİCARET ANONİM ŞİRKETİ<br>İstasyon No: ŞRJ/14850<br>Adres: Batıkent Mahallesi 2699 Sokağı No:15 Yenişehir / MERSİN<br>Açıklama: Marka: volti<br>İlçe: Yenişehir<br>Şarj tipi: AC<br>Soketler: 2 × Type 2<br>Maksimum güç: 11.0 kW<br>Şarj ağı işletmecisi: VOLNET ENERJİ SİSTEMLERİ SANAYİ TİCARET ANONİM ŞİRKETİ<br>İstasyon no: ŞRJ/14850]]></description>
        <styleUrl>#icon-1899-0288D1</styleUrl>
        <ExtendedData>
          <Data name="Konum">
            <value>Batıkent Mahallesi 2699 Sokağı No:15 Yenişehir / MERSİN, Mersin, Türkiye</value>
          </Data>
          <Data name="İlçe">
            <value>Yenişehir</value>
          </Data>
          <Data name="Marka">
            <value>volti</value>
          </Data>
          <Data name="Şarj Tipi">
            <value>AC</value>
          </Data>
          <Data name="AC Soket">
            <value>2.0</value>
          </Data>
          <Data name="DC Soket">
            <value>0.0</value>
          </Data>
          <Data name="Soket Özeti">
            <value>2 × Type 2</value>
          </Data>
          <Data name="Maksimum Güç (kW)">
            <value>110.0</value>
          </Data>
          <Data name="Şarj Ağı İşletmecisi">
            <value>VOLNET ENERJİ SİSTEMLERİ SANAYİ TİCARET ANONİM ŞİRKETİ</value>
          </Data>
          <Data name="İstasyon No">
            <value>ŞRJ/14850</value>
          </Data>
          <Data name="Adres">
            <value>Batıkent Mahallesi 2699 Sokağı No:15 Yenişehir / MERSİN</value>
          </Data>
          <Data name="Açıklama">
            <value>Marka: volti
İlçe: Yenişehir
Şarj tipi: AC
Soketler: 2 × Type 2
Maksimum güç: 11.0 kW
Şarj ağı işletmecisi: VOLNET ENERJİ SİSTEMLERİ SANAYİ TİCARET ANONİM ŞİRKETİ
İstasyon no: ŞRJ/14850</value>
          </Data>
        </ExtendedData>
      </Placemark>
      <Placemark>
        <name>Shell Damlama Kuzey OHT</name>
        <address>Damlama Mahallesi Damlama Sokağı No:138 Tarsus / MERSİN, Mersin, Türkiye</address>
        <description><![CDATA[Konum: Damlama Mahallesi Damlama Sokağı No:138 Tarsus / MERSİN, Mersin, Türkiye<br>İlçe: Tarsus<br>Marka: Trugo<br>Şarj Tipi: DC<br>AC Soket: 0<br>DC Soket: 2<br>Soket Özeti: 2 × CCS<br>Maksimum Güç (kW): 1800<br>Şarj Ağı İşletmecisi: TRUGO AKILLI ŞARJ ÇÖZÜMLERİ SANAYİ VE TİCARET ANONİM ŞİRKETİ<br>İstasyon No: ŞRJ/15364<br>Adres: Damlama Mahallesi Damlama Sokağı No:138 Tarsus / MERSİN<br>Açıklama: Marka: Trugo<br>İlçe: Tarsus<br>Şarj tipi: DC<br>Soketler: 2 × CCS<br>Maksimum güç: 180.0 kW<br>Şarj ağı işletmecisi: TRUGO AKILLI ŞARJ ÇÖZÜMLERİ SANAYİ VE TİCARET ANONİM ŞİRKETİ<br>İstasyon no: ŞRJ/15364]]></description>
        <styleUrl>#icon-1899-0288D1</styleUrl>
        <ExtendedData>
          <Data name="Konum">
            <value>Damlama Mahallesi Damlama Sokağı No:138 Tarsus / MERSİN, Mersin, Türkiye</value>
          </Data>
          <Data name="İlçe">
            <value>Tarsus</value>
          </Data>
          <Data name="Marka">
            <value>Trugo</value>
          </Data>
          <Data name="Şarj Tipi">
            <value>DC</value>
          </Data>
          <Data name="AC Soket">
            <value>0.0</value>
          </Data>
          <Data name="DC Soket">
            <value>2.0</value>
          </Data>
          <Data name="Soket Özeti">
            <value>2 × CCS</value>
          </Data>
          <Data name="Maksimum Güç (kW)">
            <value>1800.0</value>
          </Data>
          <Data name="Şarj Ağı İşletmecisi">
            <value>TRUGO AKILLI ŞARJ ÇÖZÜMLERİ SANAYİ VE TİCARET ANONİM ŞİRKETİ</value>
          </Data>
          <Data name="İstasyon No">
            <value>ŞRJ/15364</value>
          </Data>
          <Data name="Adres">
            <value>Damlama Mahallesi Damlama Sokağı No:138 Tarsus / MERSİN</value>
          </Data>
          <Data name="Açıklama">
            <value>Marka: Trugo
İlçe: Tarsus
Şarj tipi: DC
Soketler: 2 × CCS
Maksimum güç: 180.0 kW
Şarj ağı işletmecisi: TRUGO AKILLI ŞARJ ÇÖZÜMLERİ SANAYİ VE TİCARET ANONİM ŞİRKETİ
İstasyon no: ŞRJ/15364</value>
          </Data>
        </ExtendedData>
      </Placemark>
      <Placemark>
        <name>YEMEN KAHVESİ MERSİN</name>
        <address>Limonluk Mahallesi İsmet İnönü Sokağı No:155A Yenişehir / MERSİN, Mersin, Türkiye</address>
        <description><![CDATA[Konum: Limonluk Mahallesi İsmet İnönü Sokağı No:155A Yenişehir / MERSİN, Mersin, Türkiye<br>İlçe: Yenişehir<br>Marka: VOLTRUN<br>Şarj Tipi: AC<br>AC Soket: 1<br>DC Soket: 0<br>Soket Özeti: 1 × Type 2<br>Maksimum Güç (kW): 220<br>Şarj Ağı İşletmecisi: VOLTRUN ENERJİ ANONİM ŞİRKETİ<br>İstasyon No: ŞRJ/3742<br>Adres: Limonluk Mahallesi İsmet İnönü Sokağı No:155A Yenişehir / MERSİN<br>Açıklama: Marka: VOLTRUN<br>İlçe: Yenişehir<br>Şarj tipi: AC<br>Soketler: 1 × Type 2<br>Maksimum güç: 22.0 kW<br>Şarj ağı işletmecisi: VOLTRUN ENERJİ ANONİM ŞİRKETİ<br>İstasyon no: ŞRJ/3742]]></description>
        <styleUrl>#icon-1899-0288D1</styleUrl>
        <ExtendedData>
          <Data name="Konum">
            <value>Limonluk Mahallesi İsmet İnönü Sokağı No:155A Yenişehir / MERSİN, Mersin, Türkiye</value>
          </Data>
          <Data name="İlçe">
            <value>Yenişehir</value>
          </Data>
          <Data name="Marka">
            <value>VOLTRUN</value>
          </Data>
          <Data name="Şarj Tipi">
            <value>AC</value>
          </Data>
          <Data name="AC Soket">
            <value>1.0</value>
          </Data>
          <Data name="DC Soket">
            <value>0.0</value>
          </Data>
          <Data name="Soket Özeti">
            <value>1 × Type 2</value>
          </Data>
          <Data name="Maksimum Güç (kW)">
            <value>220.0</value>
          </Data>
          <Data name="Şarj Ağı İşletmecisi">
            <value>VOLTRUN ENERJİ ANONİM ŞİRKETİ</value>
          </Data>
          <Data name="İstasyon No">
            <value>ŞRJ/3742</value>
          </Data>
          <Data name="Adres">
            <value>Limonluk Mahallesi İsmet İnönü Sokağı No:155A Yenişehir / MERSİN</value>
          </Data>
          <Data name="Açıklama">
            <value>Marka: VOLTRUN
İlçe: Yenişehir
Şarj tipi: AC
Soketler: 1 × Type 2
Maksimum güç: 22.0 kW
Şarj ağı işletmecisi: VOLTRUN ENERJİ ANONİM ŞİRKETİ
İstasyon no: ŞRJ/3742</value>
          </Data>
        </ExtendedData>
      </Placemark>
      <Placemark>
        <name>PO Akdeniz (Duman)</name>
        <description><![CDATA[Konum: Gazi Mahallesi İnönü Sokağı No:189 Akdeniz / MERSİN, Mersin, Türkiye<br>İlçe: Akdeniz<br>Marka: 5 şarj<br>Şarj Tipi: DC<br>AC Soket: 0<br>DC Soket: 2<br>Soket Özeti: 2 × CCS<br>Maksimum Güç (kW): 1800<br>Şarj Ağı İşletmecisi: BORENCO ŞARJ TEKNOLOJİ YATIRIMLARI TİCARET ANONİM ŞİRKETİ<br>İstasyon No: ŞRJ/14827<br>Adres: Gazi Mahallesi İnönü Sokağı No:189 Akdeniz / MERSİN<br>Açıklama: Marka: 5 şarj<br>İlçe: Akdeniz<br>Şarj tipi: DC<br>Soketler: 2 × CCS<br>Maksimum güç: 180.0 kW<br>Şarj ağı işletmecisi: BORENCO ŞARJ TEKNOLOJİ YATIRIMLARI TİCARET ANONİM ŞİRKETİ<br>İstasyon no: ŞRJ/14827]]></description>
        <ExtendedData>
          <Data name="Konum">
            <value>Gazi Mahallesi İnönü Sokağı No:189 Akdeniz / MERSİN, Mersin, Türkiye</value>
          </Data>
          <Data name="İlçe">
            <value>Akdeniz</value>
          </Data>
          <Data name="Marka">
            <value>5 şarj</value>
          </Data>
          <Data name="Şarj Tipi">
            <value>DC</value>
          </Data>
          <Data name="AC Soket">
            <value>0.0</value>
          </Data>
          <Data name="DC Soket">
            <value>2.0</value>
          </Data>
          <Data name="Soket Özeti">
            <value>2 × CCS</value>
          </Data>
          <Data name="Maksimum Güç (kW)">
            <value>1800.0</value>
          </Data>
          <Data name="Şarj Ağı İşletmecisi">
            <value>BORENCO ŞARJ TEKNOLOJİ YATIRIMLARI TİCARET ANONİM ŞİRKETİ</value>
          </Data>
          <Data name="İstasyon No">
            <value>ŞRJ/14827</value>
          </Data>
          <Data name="Adres">
            <value>Gazi Mahallesi İnönü Sokağı No:189 Akdeniz / MERSİN</value>
          </Data>
          <Data name="Açıklama">
            <value>Marka: 5 şarj
İlçe: Akdeniz
Şarj tipi: DC
Soketler: 2 × CCS
Maksimum güç: 180.0 kW
Şarj ağı işletmecisi: BORENCO ŞARJ TEKNOLOJİ YATIRIMLARI TİCARET ANONİM ŞİRKETİ
İstasyon no: ŞRJ/14827</value>
          </Data>
        </ExtendedData>
      </Placemark>
      <Placemark>
        <name>Novacity AVM</name>
        <address>Merkez Mahallesi Alparslan Türkeş Sokağı No:78 Erdemli / MERSİN, Mersin, Türkiye</address>
        <description><![CDATA[Konum: Merkez Mahallesi Alparslan Türkeş Sokağı No:78 Erdemli / MERSİN, Mersin, Türkiye<br>İlçe: Erdemli<br>Marka: zes<br>Şarj Tipi: DC<br>AC Soket: 0<br>DC Soket: 2<br>Soket Özeti: 2 × CCS<br>Maksimum Güç (kW): 4000<br>Şarj Ağı İşletmecisi: ZES DİJİTAL TİCARET ANONİM ŞİRKETİ<br>İstasyon No: ŞRJ/16050<br>Adres: Merkez Mahallesi Alparslan Türkeş Sokağı No:78 Erdemli / MERSİN<br>Açıklama: Marka: zes<br>İlçe: Erdemli<br>Şarj tipi: DC<br>Soketler: 2 × CCS<br>Maksimum güç: 400.0 kW<br>Şarj ağı işletmecisi: ZES DİJİTAL TİCARET ANONİM ŞİRKETİ<br>İstasyon no: ŞRJ/16050]]></description>
        <styleUrl>#icon-1899-0288D1</styleUrl>
        <ExtendedData>
          <Data name="Konum">
            <value>Merkez Mahallesi Alparslan Türkeş Sokağı No:78 Erdemli / MERSİN, Mersin, Türkiye</value>
          </Data>
          <Data name="İlçe">
            <value>Erdemli</value>
          </Data>
          <Data name="Marka">
            <value>zes</value>
          </Data>
          <Data name="Şarj Tipi">
            <value>DC</value>
          </Data>
          <Data name="AC Soket">
            <value>0.0</value>
          </Data>
          <Data name="DC Soket">
            <value>2.0</value>
          </Data>
          <Data name="Soket Özeti">
            <value>2 × CCS</value>
          </Data>
          <Data name="Maksimum Güç (kW)">
            <value>4000.0</value>
          </Data>
          <Data name="Şarj Ağı İşletmecisi">
            <value>ZES DİJİTAL TİCARET ANONİM ŞİRKETİ</value>
          </Data>
          <Data name="İstasyon No">
            <value>ŞRJ/16050</value>
          </Data>
          <Data name="Adres">
            <value>Merkez Mahallesi Alparslan Türkeş Sokağı No:78 Erdemli / MERSİN</value>
          </Data>
          <Data name="Açıklama">
            <value>Marka: zes
İlçe: Erdemli
Şarj tipi: DC
Soketler: 2 × CCS
Maksimum güç: 400.0 kW
Şarj ağı işletmecisi: ZES DİJİTAL TİCARET ANONİM ŞİRKETİ
İstasyon no: ŞRJ/16050</value>
          </Data>
        </ExtendedData>
      </Placemark>
      <Placemark>
        <name>GO Sarıoğlu Petrol</name>
        <address>Bozdoğan Mahallesi Bozdoğan Sokağı No:722 Anamur / MERSİN, Mersin, Türkiye</address>
        <description><![CDATA[Konum: Bozdoğan Mahallesi Bozdoğan Sokağı No:722 Anamur / MERSİN, Mersin, Türkiye<br>İlçe: Anamur<br>Marka: wat mobilite<br>Şarj Tipi: AC + DC<br>AC Soket: 2<br>DC Soket: 2<br>Soket Özeti: 2 × CCS, 2 × Type 2<br>Maksimum Güç (kW): 1200<br>Şarj Ağı İşletmecisi: WAT MOBİLİTE ÇÖZÜMLERİ TEKNOLOJİ VE TİCARET ANONİM ŞİRKETİ<br>İstasyon No: ŞRJ/16285<br>Adres: Bozdoğan Mahallesi Bozdoğan Sokağı No:722 Anamur / MERSİN<br>Açıklama: Marka: wat mobilite<br>İlçe: Anamur<br>Şarj tipi: AC + DC<br>Soketler: 2 × CCS, 2 × Type 2<br>Maksimum güç: 120.0 kW<br>Şarj ağı işletmecisi: WAT MOBİLİTE ÇÖZÜMLERİ TEKNOLOJİ VE TİCARET ANONİM ŞİRKETİ<br>İstasyon no: ŞRJ/16285]]></description>
        <styleUrl>#icon-1899-0288D1</styleUrl>
        <ExtendedData>
          <Data name="Konum">
            <value>Bozdoğan Mahallesi Bozdoğan Sokağı No:722 Anamur / MERSİN, Mersin, Türkiye</value>
          </Data>
          <Data name="İlçe">
            <value>Anamur</value>
          </Data>
          <Data name="Marka">
            <value>wat mobilite</value>
          </Data>
          <Data name="Şarj Tipi">
            <value>AC + DC</value>
          </Data>
          <Data name="AC Soket">
            <value>2.0</value>
          </Data>
          <Data name="DC Soket">
            <value>2.0</value>
          </Data>
          <Data name="Soket Özeti">
            <value>2 × CCS, 2 × Type 2</value>
          </Data>
          <Data name="Maksimum Güç (kW)">
            <value>1200.0</value>
          </Data>
          <Data name="Şarj Ağı İşletmecisi">
            <value>WAT MOBİLİTE ÇÖZÜMLERİ TEKNOLOJİ VE TİCARET ANONİM ŞİRKETİ</value>
          </Data>
          <Data name="İstasyon No">
            <value>ŞRJ/16285</value>
          </Data>
          <Data name="Adres">
            <value>Bozdoğan Mahallesi Bozdoğan Sokağı No:722 Anamur / MERSİN</value>
          </Data>
          <Data name="Açıklama">
            <value>Marka: wat mobilite
İlçe: Anamur
Şarj tipi: AC + DC
Soketler: 2 × CCS, 2 × Type 2
Maksimum güç: 120.0 kW
Şarj ağı işletmecisi: WAT MOBİLİTE ÇÖZÜMLERİ TEKNOLOJİ VE TİCARET ANONİM ŞİRKETİ
İstasyon no: ŞRJ/16285</value>
          </Data>
        </ExtendedData>
      </Placemark>
      <Placemark>
        <name>Aslangil A.Ş.</name>
        <address>Saray Mahallesi 203 Sokağı No:4 Anamur / MERSİN, Mersin, Türkiye</address>
        <description><![CDATA[Konum: Saray Mahallesi 203 Sokağı No:4 Anamur / MERSİN, Mersin, Türkiye<br>İlçe: Anamur<br>Marka: Trugo<br>Şarj Tipi: AC<br>AC Soket: 1<br>DC Soket: 0<br>Soket Özeti: 1 × Type 2<br>Maksimum Güç (kW): 220<br>Şarj Ağı İşletmecisi: TRUGO AKILLI ŞARJ ÇÖZÜMLERİ SANAYİ VE TİCARET ANONİM ŞİRKETİ<br>İstasyon No: ŞRJ/16349<br>Adres: Saray Mahallesi 203 Sokağı No:4 Anamur / MERSİN<br>Açıklama: Marka: Trugo<br>İlçe: Anamur<br>Şarj tipi: AC<br>Soketler: 1 × Type 2<br>Maksimum güç: 22.0 kW<br>Şarj ağı işletmecisi: TRUGO AKILLI ŞARJ ÇÖZÜMLERİ SANAYİ VE TİCARET ANONİM ŞİRKETİ<br>İstasyon no: ŞRJ/16349]]></description>
        <styleUrl>#icon-1899-0288D1</styleUrl>
        <ExtendedData>
          <Data name="Konum">
            <value>Saray Mahallesi 203 Sokağı No:4 Anamur / MERSİN, Mersin, Türkiye</value>
          </Data>
          <Data name="İlçe">
            <value>Anamur</value>
          </Data>
          <Data name="Marka">
            <value>Trugo</value>
          </Data>
          <Data name="Şarj Tipi">
            <value>AC</value>
          </Data>
          <Data name="AC Soket">
            <value>1.0</value>
          </Data>
          <Data name="DC Soket">
            <value>0.0</value>
          </Data>
          <Data name="Soket Özeti">
            <value>1 × Type 2</value>
          </Data>
          <Data name="Maksimum Güç (kW)">
            <value>220.0</value>
          </Data>
          <Data name="Şarj Ağı İşletmecisi">
            <value>TRUGO AKILLI ŞARJ ÇÖZÜMLERİ SANAYİ VE TİCARET ANONİM ŞİRKETİ</value>
          </Data>
          <Data name="İstasyon No">
            <value>ŞRJ/16349</value>
          </Data>
          <Data name="Adres">
            <value>Saray Mahallesi 203 Sokağı No:4 Anamur / MERSİN</value>
          </Data>
          <Data name="Açıklama">
            <value>Marka: Trugo
İlçe: Anamur
Şarj tipi: AC
Soketler: 1 × Type 2
Maksimum güç: 22.0 kW
Şarj ağı işletmecisi: TRUGO AKILLI ŞARJ ÇÖZÜMLERİ SANAYİ VE TİCARET ANONİM ŞİRKETİ
İstasyon no: ŞRJ/16349</value>
          </Data>
        </ExtendedData>
      </Placemark>
      <Placemark>
        <name>Kayıkçıoğlu Total Erdemli 2</name>
        <address>Arpaçbahşiş Mahallesi 215 Sokağı No:5/A Erdemli / MERSİN, Mersin, Türkiye</address>
        <description><![CDATA[Konum: Arpaçbahşiş Mahallesi 215 Sokağı No:5/A Erdemli / MERSİN, Mersin, Türkiye<br>İlçe: Erdemli<br>Marka: EN YAKIT<br>Şarj Tipi: DC<br>AC Soket: 0<br>DC Soket: 2<br>Soket Özeti: 2 × CCS<br>Maksimum Güç (kW): 3200<br>Şarj Ağı İşletmecisi: EN YAKIT ANONİM ŞİRKETİ<br>İstasyon No: ŞRJ/16677<br>Adres: Arpaçbahşiş Mahallesi 215 Sokağı No:5/A Erdemli / MERSİN<br>Açıklama: Marka: EN YAKIT<br>İlçe: Erdemli<br>Şarj tipi: DC<br>Soketler: 2 × CCS<br>Maksimum güç: 320.0 kW<br>Şarj ağı işletmecisi: EN YAKIT ANONİM ŞİRKETİ<br>İstasyon no: ŞRJ/16677]]></description>
        <styleUrl>#icon-1899-0288D1</styleUrl>
        <ExtendedData>
          <Data name="Konum">
            <value>Arpaçbahşiş Mahallesi 215 Sokağı No:5/A Erdemli / MERSİN, Mersin, Türkiye</value>
          </Data>
          <Data name="İlçe">
            <value>Erdemli</value>
          </Data>
          <Data name="Marka">
            <value>EN YAKIT</value>
          </Data>
          <Data name="Şarj Tipi">
            <value>DC</value>
          </Data>
          <Data name="AC Soket">
            <value>0.0</value>
          </Data>
          <Data name="DC Soket">
            <value>2.0</value>
          </Data>
          <Data name="Soket Özeti">
            <value>2 × CCS</value>
          </Data>
          <Data name="Maksimum Güç (kW)">
            <value>3200.0</value>
          </Data>
          <Data name="Şarj Ağı İşletmecisi">
            <value>EN YAKIT ANONİM ŞİRKETİ</value>
          </Data>
          <Data name="İstasyon No">
            <value>ŞRJ/16677</value>
          </Data>
          <Data name="Adres">
            <value>Arpaçbahşiş Mahallesi 215 Sokağı No:5/A Erdemli / MERSİN</value>
          </Data>
          <Data name="Açıklama">
            <value>Marka: EN YAKIT
İlçe: Erdemli
Şarj tipi: DC
Soketler: 2 × CCS
Maksimum güç: 320.0 kW
Şarj ağı işletmecisi: EN YAKIT ANONİM ŞİRKETİ
İstasyon no: ŞRJ/16677</value>
          </Data>
        </ExtendedData>
      </Placemark>
      <Placemark>
        <name>Shell Bulvar Mezitli</name>
        <address>Merkez Mahallesi No:828/1 Mezitli / MERSİN, Mersin, Türkiye</address>
        <description><![CDATA[Konum: Merkez Mahallesi No:828/1 Mezitli / MERSİN, Mersin, Türkiye<br>İlçe: Mezitli<br>Marka: Trugo<br>Şarj Tipi: DC<br>AC Soket: 0<br>DC Soket: 2<br>Soket Özeti: 2 × CCS<br>Maksimum Güç (kW): 1800<br>Şarj Ağı İşletmecisi: TRUGO AKILLI ŞARJ ÇÖZÜMLERİ SANAYİ VE TİCARET ANONİM ŞİRKETİ<br>İstasyon No: ŞRJ/16750<br>Adres: Merkez Mahallesi No:828/1 Mezitli / MERSİN<br>Açıklama: Marka: Trugo<br>İlçe: Mezitli<br>Şarj tipi: DC<br>Soketler: 2 × CCS<br>Maksimum güç: 180.0 kW<br>Şarj ağı işletmecisi: TRUGO AKILLI ŞARJ ÇÖZÜMLERİ SANAYİ VE TİCARET ANONİM ŞİRKETİ<br>İstasyon no: ŞRJ/16750]]></description>
        <styleUrl>#icon-1899-0288D1</styleUrl>
        <ExtendedData>
          <Data name="Konum">
            <value>Merkez Mahallesi No:828/1 Mezitli / MERSİN, Mersin, Türkiye</value>
          </Data>
          <Data name="İlçe">
            <value>Mezitli</value>
          </Data>
          <Data name="Marka">
            <value>Trugo</value>
          </Data>
          <Data name="Şarj Tipi">
            <value>DC</value>
          </Data>
          <Data name="AC Soket">
            <value>0.0</value>
          </Data>
          <Data name="DC Soket">
            <value>2.0</value>
          </Data>
          <Data name="Soket Özeti">
            <value>2 × CCS</value>
          </Data>
          <Data name="Maksimum Güç (kW)">
            <value>1800.0</value>
          </Data>
          <Data name="Şarj Ağı İşletmecisi">
            <value>TRUGO AKILLI ŞARJ ÇÖZÜMLERİ SANAYİ VE TİCARET ANONİM ŞİRKETİ</value>
          </Data>
          <Data name="İstasyon No">
            <value>ŞRJ/16750</value>
          </Data>
          <Data name="Adres">
            <value>Merkez Mahallesi No:828/1 Mezitli / MERSİN</value>
          </Data>
          <Data name="Açıklama">
            <value>Marka: Trugo
İlçe: Mezitli
Şarj tipi: DC
Soketler: 2 × CCS
Maksimum güç: 180.0 kW
Şarj ağı işletmecisi: TRUGO AKILLI ŞARJ ÇÖZÜMLERİ SANAYİ VE TİCARET ANONİM ŞİRKETİ
İstasyon no: ŞRJ/16750</value>
          </Data>
        </ExtendedData>
      </Placemark>
      <Placemark>
        <name>İKİZKULE SİTESİ</name>
        <address>Akdeniz Mahallesi 39799 Sokağı No:23 Mezitli / MERSİN, Mersin, Türkiye</address>
        <description><![CDATA[Konum: Akdeniz Mahallesi 39799 Sokağı No:23 Mezitli / MERSİN, Mersin, Türkiye<br>İlçe: Mezitli<br>Marka: volti<br>Şarj Tipi: AC<br>AC Soket: 2<br>DC Soket: 0<br>Soket Özeti: 2 × Type 2<br>Maksimum Güç (kW): 110<br>Şarj Ağı İşletmecisi: VOLNET ENERJİ SİSTEMLERİ SANAYİ TİCARET ANONİM ŞİRKETİ<br>İstasyon No: ŞRJ/16849<br>Adres: Akdeniz Mahallesi 39799 Sokağı No:23 Mezitli / MERSİN<br>Açıklama: Marka: volti<br>İlçe: Mezitli<br>Şarj tipi: AC<br>Soketler: 2 × Type 2<br>Maksimum güç: 11.0 kW<br>Şarj ağı işletmecisi: VOLNET ENERJİ SİSTEMLERİ SANAYİ TİCARET ANONİM ŞİRKETİ<br>İstasyon no: ŞRJ/16849]]></description>
        <styleUrl>#icon-1899-0288D1</styleUrl>
        <ExtendedData>
          <Data name="Konum">
            <value>Akdeniz Mahallesi 39799 Sokağı No:23 Mezitli / MERSİN, Mersin, Türkiye</value>
          </Data>
          <Data name="İlçe">
            <value>Mezitli</value>
          </Data>
          <Data name="Marka">
            <value>volti</value>
          </Data>
          <Data name="Şarj Tipi">
            <value>AC</value>
          </Data>
          <Data name="AC Soket">
            <value>2.0</value>
          </Data>
          <Data name="DC Soket">
            <value>0.0</value>
          </Data>
          <Data name="Soket Özeti">
            <value>2 × Type 2</value>
          </Data>
          <Data name="Maksimum Güç (kW)">
            <value>110.0</value>
          </Data>
          <Data name="Şarj Ağı İşletmecisi">
            <value>VOLNET ENERJİ SİSTEMLERİ SANAYİ TİCARET ANONİM ŞİRKETİ</value>
          </Data>
          <Data name="İstasyon No">
            <value>ŞRJ/16849</value>
          </Data>
          <Data name="Adres">
            <value>Akdeniz Mahallesi 39799 Sokağı No:23 Mezitli / MERSİN</value>
          </Data>
          <Data name="Açıklama">
            <value>Marka: volti
İlçe: Mezitli
Şarj tipi: AC
Soketler: 2 × Type 2
Maksimum güç: 11.0 kW
Şarj ağı işletmecisi: VOLNET ENERJİ SİSTEMLERİ SANAYİ TİCARET ANONİM ŞİRKETİ
İstasyon no: ŞRJ/16849</value>
          </Data>
        </ExtendedData>
      </Placemark>
      <Placemark>
        <name>AROS41 SİTESİŞ</name>
        <address>Akdeniz Mahallesi 39793 Sokağı No:1/A Mezitli / MERSİN, Mersin, Türkiye</address>
        <description><![CDATA[Konum: Akdeniz Mahallesi 39793 Sokağı No:1/A Mezitli / MERSİN, Mersin, Türkiye<br>İlçe: Mezitli<br>Marka: volti<br>Şarj Tipi: AC<br>AC Soket: 3<br>DC Soket: 0<br>Soket Özeti: 3 × Type 2<br>Maksimum Güç (kW): 110<br>Şarj Ağı İşletmecisi: VOLNET ENERJİ SİSTEMLERİ SANAYİ TİCARET ANONİM ŞİRKETİ<br>İstasyon No: ŞRJ/16850<br>Adres: Akdeniz Mahallesi 39793 Sokağı No:1/A Mezitli / MERSİN<br>Açıklama: Marka: volti<br>İlçe: Mezitli<br>Şarj tipi: AC<br>Soketler: 3 × Type 2<br>Maksimum güç: 11.0 kW<br>Şarj ağı işletmecisi: VOLNET ENERJİ SİSTEMLERİ SANAYİ TİCARET ANONİM ŞİRKETİ<br>İstasyon no: ŞRJ/16850]]></description>
        <styleUrl>#icon-1899-0288D1</styleUrl>
        <ExtendedData>
          <Data name="Konum">
            <value>Akdeniz Mahallesi 39793 Sokağı No:1/A Mezitli / MERSİN, Mersin, Türkiye</value>
          </Data>
          <Data name="İlçe">
            <value>Mezitli</value>
          </Data>
          <Data name="Marka">
            <value>volti</value>
          </Data>
          <Data name="Şarj Tipi">
            <value>AC</value>
          </Data>
          <Data name="AC Soket">
            <value>3.0</value>
          </Data>
          <Data name="DC Soket">
            <value>0.0</value>
          </Data>
          <Data name="Soket Özeti">
            <value>3 × Type 2</value>
          </Data>
          <Data name="Maksimum Güç (kW)">
            <value>110.0</value>
          </Data>
          <Data name="Şarj Ağı İşletmecisi">
            <value>VOLNET ENERJİ SİSTEMLERİ SANAYİ TİCARET ANONİM ŞİRKETİ</value>
          </Data>
          <Data name="İstasyon No">
            <value>ŞRJ/16850</value>
          </Data>
          <Data name="Adres">
            <value>Akdeniz Mahallesi 39793 Sokağı No:1/A Mezitli / MERSİN</value>
          </Data>
          <Data name="Açıklama">
            <value>Marka: volti
İlçe: Mezitli
Şarj tipi: AC
Soketler: 3 × Type 2
Maksimum güç: 11.0 kW
Şarj ağı işletmecisi: VOLNET ENERJİ SİSTEMLERİ SANAYİ TİCARET ANONİM ŞİRKETİ
İstasyon no: ŞRJ/16850</value>
          </Data>
        </ExtendedData>
      </Placemark>
      <Placemark>
        <name>ŞAHİN REZİDANS</name>
        <address>Limonluk Mahallesi 24117 Sokağı No:3/B Yenişehir / MERSİN, Mersin, Türkiye</address>
        <description><![CDATA[Konum: Limonluk Mahallesi 24117 Sokağı No:3/B Yenişehir / MERSİN, Mersin, Türkiye<br>İlçe: Yenişehir<br>Marka: volti<br>Şarj Tipi: AC<br>AC Soket: 2<br>DC Soket: 0<br>Soket Özeti: 2 × Type 2<br>Maksimum Güç (kW): 110<br>Şarj Ağı İşletmecisi: VOLNET ENERJİ SİSTEMLERİ SANAYİ TİCARET ANONİM ŞİRKETİ<br>İstasyon No: ŞRJ/16851<br>Adres: Limonluk Mahallesi 24117 Sokağı No:3/B Yenişehir / MERSİN<br>Açıklama: Marka: volti<br>İlçe: Yenişehir<br>Şarj tipi: AC<br>Soketler: 2 × Type 2<br>Maksimum güç: 11.0 kW<br>Şarj ağı işletmecisi: VOLNET ENERJİ SİSTEMLERİ SANAYİ TİCARET ANONİM ŞİRKETİ<br>İstasyon no: ŞRJ/16851]]></description>
        <styleUrl>#icon-1899-0288D1</styleUrl>
        <ExtendedData>
          <Data name="Konum">
            <value>Limonluk Mahallesi 24117 Sokağı No:3/B Yenişehir / MERSİN, Mersin, Türkiye</value>
          </Data>
          <Data name="İlçe">
            <value>Yenişehir</value>
          </Data>
          <Data name="Marka">
            <value>volti</value>
          </Data>
          <Data name="Şarj Tipi">
            <value>AC</value>
          </Data>
          <Data name="AC Soket">
            <value>2.0</value>
          </Data>
          <Data name="DC Soket">
            <value>0.0</value>
          </Data>
          <Data name="Soket Özeti">
            <value>2 × Type 2</value>
          </Data>
          <Data name="Maksimum Güç (kW)">
            <value>110.0</value>
          </Data>
          <Data name="Şarj Ağı İşletmecisi">
            <value>VOLNET ENERJİ SİSTEMLERİ SANAYİ TİCARET ANONİM ŞİRKETİ</value>
          </Data>
          <Data name="İstasyon No">
            <value>ŞRJ/16851</value>
          </Data>
          <Data name="Adres">
            <value>Limonluk Mahallesi 24117 Sokağı No:3/B Yenişehir / MERSİN</value>
          </Data>
          <Data name="Açıklama">
            <value>Marka: volti
İlçe: Yenişehir
Şarj tipi: AC
Soketler: 2 × Type 2
Maksimum güç: 11.0 kW
Şarj ağı işletmecisi: VOLNET ENERJİ SİSTEMLERİ SANAYİ TİCARET ANONİM ŞİRKETİ
İstasyon no: ŞRJ/16851</value>
          </Data>
        </ExtendedData>
      </Placemark>
      <Placemark>
        <name>ARICAN STİLL SİTESİ</name>
        <address>Kuzeykent Mahallesi Mahallesi 31180 Sokağı No:6/C Yenişehir / MERSİN, Mersin, Türkiye</address>
        <description><![CDATA[Konum: Kuzeykent Mahallesi Mahallesi 31180 Sokağı No:6/C Yenişehir / MERSİN, Mersin, Türkiye<br>İlçe: Yenişehir<br>Marka: volti<br>Şarj Tipi: AC<br>AC Soket: 2<br>DC Soket: 0<br>Soket Özeti: 2 × Type 2<br>Maksimum Güç (kW): 110<br>Şarj Ağı İşletmecisi: VOLNET ENERJİ SİSTEMLERİ SANAYİ TİCARET ANONİM ŞİRKETİ<br>İstasyon No: ŞRJ/16852<br>Adres: Kuzeykent Mahallesi Mahallesi 31180 Sokağı No:6/C Yenişehir / MERSİN<br>Açıklama: Marka: volti<br>İlçe: Yenişehir<br>Şarj tipi: AC<br>Soketler: 2 × Type 2<br>Maksimum güç: 11.0 kW<br>Şarj ağı işletmecisi: VOLNET ENERJİ SİSTEMLERİ SANAYİ TİCARET ANONİM ŞİRKETİ<br>İstasyon no: ŞRJ/16852]]></description>
        <styleUrl>#icon-1899-0288D1</styleUrl>
        <ExtendedData>
          <Data name="Konum">
            <value>Kuzeykent Mahallesi Mahallesi 31180 Sokağı No:6/C Yenişehir / MERSİN, Mersin, Türkiye</value>
          </Data>
          <Data name="İlçe">
            <value>Yenişehir</value>
          </Data>
          <Data name="Marka">
            <value>volti</value>
          </Data>
          <Data name="Şarj Tipi">
            <value>AC</value>
          </Data>
          <Data name="AC Soket">
            <value>2.0</value>
          </Data>
          <Data name="DC Soket">
            <value>0.0</value>
          </Data>
          <Data name="Soket Özeti">
            <value>2 × Type 2</value>
          </Data>
          <Data name="Maksimum Güç (kW)">
            <value>110.0</value>
          </Data>
          <Data name="Şarj Ağı İşletmecisi">
            <value>VOLNET ENERJİ SİSTEMLERİ SANAYİ TİCARET ANONİM ŞİRKETİ</value>
          </Data>
          <Data name="İstasyon No">
            <value>ŞRJ/16852</value>
          </Data>
          <Data name="Adres">
            <value>Kuzeykent Mahallesi Mahallesi 31180 Sokağı No:6/C Yenişehir / MERSİN</value>
          </Data>
          <Data name="Açıklama">
            <value>Marka: volti
İlçe: Yenişehir
Şarj tipi: AC
Soketler: 2 × Type 2
Maksimum güç: 11.0 kW
Şarj ağı işletmecisi: VOLNET ENERJİ SİSTEMLERİ SANAYİ TİCARET ANONİM ŞİRKETİ
İstasyon no: ŞRJ/16852</value>
          </Data>
        </ExtendedData>
      </Placemark>
      <Placemark>
        <name>AROS11 PARK PLAZA A BLOK</name>
        <address>Menderes Mahallesi 35421 Sokağı No:7A Mezitli / MERSİN, Mersin, Türkiye</address>
        <description><![CDATA[Konum: Menderes Mahallesi 35421 Sokağı No:7A Mezitli / MERSİN, Mersin, Türkiye<br>İlçe: Mezitli<br>Marka: volti<br>Şarj Tipi: AC<br>AC Soket: 1<br>DC Soket: 0<br>Soket Özeti: 1 × Type 2<br>Maksimum Güç (kW): 110<br>Şarj Ağı İşletmecisi: VOLNET ENERJİ SİSTEMLERİ SANAYİ TİCARET ANONİM ŞİRKETİ<br>İstasyon No: ŞRJ/16853<br>Adres: Menderes Mahallesi 35421 Sokağı No:7A Mezitli / MERSİN<br>Açıklama: Marka: volti<br>İlçe: Mezitli<br>Şarj tipi: AC<br>Soketler: 1 × Type 2<br>Maksimum güç: 11.0 kW<br>Şarj ağı işletmecisi: VOLNET ENERJİ SİSTEMLERİ SANAYİ TİCARET ANONİM ŞİRKETİ<br>İstasyon no: ŞRJ/16853]]></description>
        <styleUrl>#icon-1899-0288D1</styleUrl>
        <ExtendedData>
          <Data name="Konum">
            <value>Menderes Mahallesi 35421 Sokağı No:7A Mezitli / MERSİN, Mersin, Türkiye</value>
          </Data>
          <Data name="İlçe">
            <value>Mezitli</value>
          </Data>
          <Data name="Marka">
            <value>volti</value>
          </Data>
          <Data name="Şarj Tipi">
            <value>AC</value>
          </Data>
          <Data name="AC Soket">
            <value>1.0</value>
          </Data>
          <Data name="DC Soket">
            <value>0.0</value>
          </Data>
          <Data name="Soket Özeti">
            <value>1 × Type 2</value>
          </Data>
          <Data name="Maksimum Güç (kW)">
            <value>110.0</value>
          </Data>
          <Data name="Şarj Ağı İşletmecisi">
            <value>VOLNET ENERJİ SİSTEMLERİ SANAYİ TİCARET ANONİM ŞİRKETİ</value>
          </Data>
          <Data name="İstasyon No">
            <value>ŞRJ/16853</value>
          </Data>
          <Data name="Adres">
            <value>Menderes Mahallesi 35421 Sokağı No:7A Mezitli / MERSİN</value>
          </Data>
          <Data name="Açıklama">
            <value>Marka: volti
İlçe: Mezitli
Şarj tipi: AC
Soketler: 1 × Type 2
Maksimum güç: 11.0 kW
Şarj ağı işletmecisi: VOLNET ENERJİ SİSTEMLERİ SANAYİ TİCARET ANONİM ŞİRKETİ
İstasyon no: ŞRJ/16853</value>
          </Data>
        </ExtendedData>
      </Placemark>
      <Placemark>
        <name>AROS11 PARK PLAZA B BLOK</name>
        <address>Menderes Mahallesi 35421 Sokağı No:7B Mezitli / MERSİN, Mersin, Türkiye</address>
        <description><![CDATA[Konum: Menderes Mahallesi 35421 Sokağı No:7B Mezitli / MERSİN, Mersin, Türkiye<br>İlçe: Mezitli<br>Marka: volti<br>Şarj Tipi: AC<br>AC Soket: 1<br>DC Soket: 0<br>Soket Özeti: 1 × Type 2<br>Maksimum Güç (kW): 110<br>Şarj Ağı İşletmecisi: VOLNET ENERJİ SİSTEMLERİ SANAYİ TİCARET ANONİM ŞİRKETİ<br>İstasyon No: ŞRJ/16854<br>Adres: Menderes Mahallesi 35421 Sokağı No:7B Mezitli / MERSİN<br>Açıklama: Marka: volti<br>İlçe: Mezitli<br>Şarj tipi: AC<br>Soketler: 1 × Type 2<br>Maksimum güç: 11.0 kW<br>Şarj ağı işletmecisi: VOLNET ENERJİ SİSTEMLERİ SANAYİ TİCARET ANONİM ŞİRKETİ<br>İstasyon no: ŞRJ/16854]]></description>
        <styleUrl>#icon-1899-0288D1</styleUrl>
        <ExtendedData>
          <Data name="Konum">
            <value>Menderes Mahallesi 35421 Sokağı No:7B Mezitli / MERSİN, Mersin, Türkiye</value>
          </Data>
          <Data name="İlçe">
            <value>Mezitli</value>
          </Data>
          <Data name="Marka">
            <value>volti</value>
          </Data>
          <Data name="Şarj Tipi">
            <value>AC</value>
          </Data>
          <Data name="AC Soket">
            <value>1.0</value>
          </Data>
          <Data name="DC Soket">
            <value>0.0</value>
          </Data>
          <Data name="Soket Özeti">
            <value>1 × Type 2</value>
          </Data>
          <Data name="Maksimum Güç (kW)">
            <value>110.0</value>
          </Data>
          <Data name="Şarj Ağı İşletmecisi">
            <value>VOLNET ENERJİ SİSTEMLERİ SANAYİ TİCARET ANONİM ŞİRKETİ</value>
          </Data>
          <Data name="İstasyon No">
            <value>ŞRJ/16854</value>
          </Data>
          <Data name="Adres">
            <value>Menderes Mahallesi 35421 Sokağı No:7B Mezitli / MERSİN</value>
          </Data>
          <Data name="Açıklama">
            <value>Marka: volti
İlçe: Mezitli
Şarj tipi: AC
Soketler: 1 × Type 2
Maksimum güç: 11.0 kW
Şarj ağı işletmecisi: VOLNET ENERJİ SİSTEMLERİ SANAYİ TİCARET ANONİM ŞİRKETİ
İstasyon no: ŞRJ/16854</value>
          </Data>
        </ExtendedData>
      </Placemark>
      <Placemark>
        <name>IMC HASTANESİ</name>
        <address>Turgutreis Mahallesi İstiklal Sokağı No:198 Akdeniz / MERSİN, Mersin, Türkiye</address>
        <description><![CDATA[Konum: Turgutreis Mahallesi İstiklal Sokağı No:198 Akdeniz / MERSİN, Mersin, Türkiye<br>İlçe: Akdeniz<br>Marka: volti<br>Şarj Tipi: AC<br>AC Soket: 2<br>DC Soket: 0<br>Soket Özeti: 2 × Type 2<br>Maksimum Güç (kW): 220<br>Şarj Ağı İşletmecisi: VOLNET ENERJİ SİSTEMLERİ SANAYİ TİCARET ANONİM ŞİRKETİ<br>İstasyon No: ŞRJ/16862<br>Adres: Turgutreis Mahallesi İstiklal Sokağı No:198 Akdeniz / MERSİN<br>Açıklama: Marka: volti<br>İlçe: Akdeniz<br>Şarj tipi: AC<br>Soketler: 2 × Type 2<br>Maksimum güç: 22.0 kW<br>Şarj ağı işletmecisi: VOLNET ENERJİ SİSTEMLERİ SANAYİ TİCARET ANONİM ŞİRKETİ<br>İstasyon no: ŞRJ/16862]]></description>
        <styleUrl>#icon-1899-0288D1</styleUrl>
        <ExtendedData>
          <Data name="Konum">
            <value>Turgutreis Mahallesi İstiklal Sokağı No:198 Akdeniz / MERSİN, Mersin, Türkiye</value>
          </Data>
          <Data name="İlçe">
            <value>Akdeniz</value>
          </Data>
          <Data name="Marka">
            <value>volti</value>
          </Data>
          <Data name="Şarj Tipi">
            <value>AC</value>
          </Data>
          <Data name="AC Soket">
            <value>2.0</value>
          </Data>
          <Data name="DC Soket">
            <value>0.0</value>
          </Data>
          <Data name="Soket Özeti">
            <value>2 × Type 2</value>
          </Data>
          <Data name="Maksimum Güç (kW)">
            <value>220.0</value>
          </Data>
          <Data name="Şarj Ağı İşletmecisi">
            <value>VOLNET ENERJİ SİSTEMLERİ SANAYİ TİCARET ANONİM ŞİRKETİ</value>
          </Data>
          <Data name="İstasyon No">
            <value>ŞRJ/16862</value>
          </Data>
          <Data name="Adres">
            <value>Turgutreis Mahallesi İstiklal Sokağı No:198 Akdeniz / MERSİN</value>
          </Data>
          <Data name="Açıklama">
            <value>Marka: volti
İlçe: Akdeniz
Şarj tipi: AC
Soketler: 2 × Type 2
Maksimum güç: 22.0 kW
Şarj ağı işletmecisi: VOLNET ENERJİ SİSTEMLERİ SANAYİ TİCARET ANONİM ŞİRKETİ
İstasyon no: ŞRJ/16862</value>
          </Data>
        </ExtendedData>
      </Placemark>
      <Placemark>
        <name>Opet Sarılar 2</name>
        <address>Ayaş Mahallesi Atatürk (yemişkumu) Sokağı No:520 Erdemli / MERSİN, Mersin, Türkiye</address>
        <description><![CDATA[Konum: Ayaş Mahallesi Atatürk (yemişkumu) Sokağı No:520 Erdemli / MERSİN, Mersin, Türkiye<br>İlçe: Erdemli<br>Marka: wat mobilite<br>Şarj Tipi: DC<br>AC Soket: 0<br>DC Soket: 4<br>Soket Özeti: 4 × CCS<br>Maksimum Güç (kW): 1800<br>Şarj Ağı İşletmecisi: WAT MOBİLİTE ÇÖZÜMLERİ TEKNOLOJİ VE TİCARET ANONİM ŞİRKETİ<br>İstasyon No: ŞRJ/16871<br>Adres: Ayaş Mahallesi Atatürk (yemişkumu) Sokağı No:520 Erdemli / MERSİN<br>Açıklama: Marka: wat mobilite<br>İlçe: Erdemli<br>Şarj tipi: DC<br>Soketler: 4 × CCS<br>Maksimum güç: 180.0 kW<br>Şarj ağı işletmecisi: WAT MOBİLİTE ÇÖZÜMLERİ TEKNOLOJİ VE TİCARET ANONİM ŞİRKETİ<br>İstasyon no: ŞRJ/16871]]></description>
        <styleUrl>#icon-1899-0288D1</styleUrl>
        <ExtendedData>
          <Data name="Konum">
            <value>Ayaş Mahallesi Atatürk (yemişkumu) Sokağı No:520 Erdemli / MERSİN, Mersin, Türkiye</value>
          </Data>
          <Data name="İlçe">
            <value>Erdemli</value>
          </Data>
          <Data name="Marka">
            <value>wat mobilite</value>
          </Data>
          <Data name="Şarj Tipi">
            <value>DC</value>
          </Data>
          <Data name="AC Soket">
            <value>0.0</value>
          </Data>
          <Data name="DC Soket">
            <value>4.0</value>
          </Data>
          <Data name="Soket Özeti">
            <value>4 × CCS</value>
          </Data>
          <Data name="Maksimum Güç (kW)">
            <value>1800.0</value>
          </Data>
          <Data name="Şarj Ağı İşletmecisi">
            <value>WAT MOBİLİTE ÇÖZÜMLERİ TEKNOLOJİ VE TİCARET ANONİM ŞİRKETİ</value>
          </Data>
          <Data name="İstasyon No">
            <value>ŞRJ/16871</value>
          </Data>
          <Data name="Adres">
            <value>Ayaş Mahallesi Atatürk (yemişkumu) Sokağı No:520 Erdemli / MERSİN</value>
          </Data>
          <Data name="Açıklama">
            <value>Marka: wat mobilite
İlçe: Erdemli
Şarj tipi: DC
Soketler: 4 × CCS
Maksimum güç: 180.0 kW
Şarj ağı işletmecisi: WAT MOBİLİTE ÇÖZÜMLERİ TEKNOLOJİ VE TİCARET ANONİM ŞİRKETİ
İstasyon no: ŞRJ/16871</value>
          </Data>
        </ExtendedData>
      </Placemark>
      <Placemark>
        <name>Park Dedeman Mersin Marina Otel 2</name>
        <address>Eğriçam Mahallesi 2206 Sokağı No:503 Yenişehir / MERSİN, Mersin, Türkiye</address>
        <description><![CDATA[Konum: Eğriçam Mahallesi 2206 Sokağı No:503 Yenişehir / MERSİN, Mersin, Türkiye<br>İlçe: Yenişehir<br>Marka: EN YAKIT<br>Şarj Tipi: DC<br>AC Soket: 0<br>DC Soket: 2<br>Soket Özeti: 2 × CCS<br>Maksimum Güç (kW): 3200<br>Şarj Ağı İşletmecisi: EN YAKIT ANONİM ŞİRKETİ<br>İstasyon No: ŞRJ/16904<br>Adres: Eğriçam Mahallesi 2206 Sokağı No:503 Yenişehir / MERSİN<br>Açıklama: Marka: EN YAKIT<br>İlçe: Yenişehir<br>Şarj tipi: DC<br>Soketler: 2 × CCS<br>Maksimum güç: 320.0 kW<br>Şarj ağı işletmecisi: EN YAKIT ANONİM ŞİRKETİ<br>İstasyon no: ŞRJ/16904]]></description>
        <styleUrl>#icon-1899-0288D1</styleUrl>
        <ExtendedData>
          <Data name="Konum">
            <value>Eğriçam Mahallesi 2206 Sokağı No:503 Yenişehir / MERSİN, Mersin, Türkiye</value>
          </Data>
          <Data name="İlçe">
            <value>Yenişehir</value>
          </Data>
          <Data name="Marka">
            <value>EN YAKIT</value>
          </Data>
          <Data name="Şarj Tipi">
            <value>DC</value>
          </Data>
          <Data name="AC Soket">
            <value>0.0</value>
          </Data>
          <Data name="DC Soket">
            <value>2.0</value>
          </Data>
          <Data name="Soket Özeti">
            <value>2 × CCS</value>
          </Data>
          <Data name="Maksimum Güç (kW)">
            <value>3200.0</value>
          </Data>
          <Data name="Şarj Ağı İşletmecisi">
            <value>EN YAKIT ANONİM ŞİRKETİ</value>
          </Data>
          <Data name="İstasyon No">
            <value>ŞRJ/16904</value>
          </Data>
          <Data name="Adres">
            <value>Eğriçam Mahallesi 2206 Sokağı No:503 Yenişehir / MERSİN</value>
          </Data>
          <Data name="Açıklama">
            <value>Marka: EN YAKIT
İlçe: Yenişehir
Şarj tipi: DC
Soketler: 2 × CCS
Maksimum güç: 320.0 kW
Şarj ağı işletmecisi: EN YAKIT ANONİM ŞİRKETİ
İstasyon no: ŞRJ/16904</value>
          </Data>
        </ExtendedData>
      </Placemark>
      <Placemark>
        <name>Sahil Restaurant, Mezitli DC</name>
        <address>Viranşehir Mahallesi 34301 Sokağı No:1 Mezitli / MERSİN, Mersin, Türkiye</address>
        <description><![CDATA[Konum: Viranşehir Mahallesi 34301 Sokağı No:1 Mezitli / MERSİN, Mersin, Türkiye<br>İlçe: Mezitli<br>Marka: Otopriz<br>Şarj Tipi: DC<br>AC Soket: 0<br>DC Soket: 2<br>Soket Özeti: 2 × CCS<br>Maksimum Güç (kW): 1800<br>Şarj Ağı İşletmecisi: DİCLE KÖK ENERJİ YATIRIM ANONİM ŞİRKETİ<br>İstasyon No: ŞRJ/17091<br>Adres: Viranşehir Mahallesi 34301 Sokağı No:1 Mezitli / MERSİN<br>Açıklama: Marka: Otopriz<br>İlçe: Mezitli<br>Şarj tipi: DC<br>Soketler: 2 × CCS<br>Maksimum güç: 180.0 kW<br>Şarj ağı işletmecisi: DİCLE KÖK ENERJİ YATIRIM ANONİM ŞİRKETİ<br>İstasyon no: ŞRJ/17091]]></description>
        <styleUrl>#icon-1899-0288D1</styleUrl>
        <ExtendedData>
          <Data name="Konum">
            <value>Viranşehir Mahallesi 34301 Sokağı No:1 Mezitli / MERSİN, Mersin, Türkiye</value>
          </Data>
          <Data name="İlçe">
            <value>Mezitli</value>
          </Data>
          <Data name="Marka">
            <value>Otopriz</value>
          </Data>
          <Data name="Şarj Tipi">
            <value>DC</value>
          </Data>
          <Data name="AC Soket">
            <value>0.0</value>
          </Data>
          <Data name="DC Soket">
            <value>2.0</value>
          </Data>
          <Data name="Soket Özeti">
            <value>2 × CCS</value>
          </Data>
          <Data name="Maksimum Güç (kW)">
            <value>1800.0</value>
          </Data>
          <Data name="Şarj Ağı İşletmecisi">
            <value>DİCLE KÖK ENERJİ YATIRIM ANONİM ŞİRKETİ</value>
          </Data>
          <Data name="İstasyon No">
            <value>ŞRJ/17091</value>
          </Data>
          <Data name="Adres">
            <value>Viranşehir Mahallesi 34301 Sokağı No:1 Mezitli / MERSİN</value>
          </Data>
          <Data name="Açıklama">
            <value>Marka: Otopriz
İlçe: Mezitli
Şarj tipi: DC
Soketler: 2 × CCS
Maksimum güç: 180.0 kW
Şarj ağı işletmecisi: DİCLE KÖK ENERJİ YATIRIM ANONİM ŞİRKETİ
İstasyon no: ŞRJ/17091</value>
          </Data>
        </ExtendedData>
      </Placemark>
      <Placemark>
        <name>Noax Hotel, Akdeniz DC</name>
        <address>Turgutreis Mahallesi Mustafa Kemal Sokağı No:275 Akdeniz / MERSİN, Mersin, Türkiye</address>
        <description><![CDATA[Konum: Turgutreis Mahallesi Mustafa Kemal Sokağı No:275 Akdeniz / MERSİN, Mersin, Türkiye<br>İlçe: Akdeniz<br>Marka: Otopriz<br>Şarj Tipi: DC<br>AC Soket: 0<br>DC Soket: 2<br>Soket Özeti: 2 × CCS<br>Maksimum Güç (kW): 1800<br>Şarj Ağı İşletmecisi: DİCLE KÖK ENERJİ YATIRIM ANONİM ŞİRKETİ<br>İstasyon No: ŞRJ/17107<br>Adres: Turgutreis Mahallesi Mustafa Kemal Sokağı No:275 Akdeniz / MERSİN<br>Açıklama: Marka: Otopriz<br>İlçe: Akdeniz<br>Şarj tipi: DC<br>Soketler: 2 × CCS<br>Maksimum güç: 180.0 kW<br>Şarj ağı işletmecisi: DİCLE KÖK ENERJİ YATIRIM ANONİM ŞİRKETİ<br>İstasyon no: ŞRJ/17107]]></description>
        <styleUrl>#icon-1899-0288D1</styleUrl>
        <ExtendedData>
          <Data name="Konum">
            <value>Turgutreis Mahallesi Mustafa Kemal Sokağı No:275 Akdeniz / MERSİN, Mersin, Türkiye</value>
          </Data>
          <Data name="İlçe">
            <value>Akdeniz</value>
          </Data>
          <Data name="Marka">
            <value>Otopriz</value>
          </Data>
          <Data name="Şarj Tipi">
            <value>DC</value>
          </Data>
          <Data name="AC Soket">
            <value>0.0</value>
          </Data>
          <Data name="DC Soket">
            <value>2.0</value>
          </Data>
          <Data name="Soket Özeti">
            <value>2 × CCS</value>
          </Data>
          <Data name="Maksimum Güç (kW)">
            <value>1800.0</value>
          </Data>
          <Data name="Şarj Ağı İşletmecisi">
            <value>DİCLE KÖK ENERJİ YATIRIM ANONİM ŞİRKETİ</value>
          </Data>
          <Data name="İstasyon No">
            <value>ŞRJ/17107</value>
          </Data>
          <Data name="Adres">
            <value>Turgutreis Mahallesi Mustafa Kemal Sokağı No:275 Akdeniz / MERSİN</value>
          </Data>
          <Data name="Açıklama">
            <value>Marka: Otopriz
İlçe: Akdeniz
Şarj tipi: DC
Soketler: 2 × CCS
Maksimum güç: 180.0 kW
Şarj ağı işletmecisi: DİCLE KÖK ENERJİ YATIRIM ANONİM ŞİRKETİ
İstasyon no: ŞRJ/17107</value>
          </Data>
        </ExtendedData>
      </Placemark>
      <Placemark>
        <name>Şahin Otomotiv, Tarsus DC</name>
        <description><![CDATA[Konum: Beydeğirmen Mahallesi No:311/B Tarsus / MERSİN, Mersin, Türkiye<br>İlçe: Tarsus<br>Marka: Otopriz<br>Şarj Tipi: DC<br>AC Soket: 0<br>DC Soket: 2<br>Soket Özeti: 2 × CCS<br>Maksimum Güç (kW): 1200<br>Şarj Ağı İşletmecisi: DİCLE KÖK ENERJİ YATIRIM ANONİM ŞİRKETİ<br>İstasyon No: ŞRJ/17112<br>Adres: Beydeğirmen Mahallesi No:311/B Tarsus / MERSİN<br>Açıklama: Marka: Otopriz<br>İlçe: Tarsus<br>Şarj tipi: DC<br>Soketler: 2 × CCS<br>Maksimum güç: 120.0 kW<br>Şarj ağı işletmecisi: DİCLE KÖK ENERJİ YATIRIM ANONİM ŞİRKETİ<br>İstasyon no: ŞRJ/17112]]></description>
        <ExtendedData>
          <Data name="Konum">
            <value>Beydeğirmen Mahallesi No:311/B Tarsus / MERSİN, Mersin, Türkiye</value>
          </Data>
          <Data name="İlçe">
            <value>Tarsus</value>
          </Data>
          <Data name="Marka">
            <value>Otopriz</value>
          </Data>
          <Data name="Şarj Tipi">
            <value>DC</value>
          </Data>
          <Data name="AC Soket">
            <value>0.0</value>
          </Data>
          <Data name="DC Soket">
            <value>2.0</value>
          </Data>
          <Data name="Soket Özeti">
            <value>2 × CCS</value>
          </Data>
          <Data name="Maksimum Güç (kW)">
            <value>1200.0</value>
          </Data>
          <Data name="Şarj Ağı İşletmecisi">
            <value>DİCLE KÖK ENERJİ YATIRIM ANONİM ŞİRKETİ</value>
          </Data>
          <Data name="İstasyon No">
            <value>ŞRJ/17112</value>
          </Data>
          <Data name="Adres">
            <value>Beydeğirmen Mahallesi No:311/B Tarsus / MERSİN</value>
          </Data>
          <Data name="Açıklama">
            <value>Marka: Otopriz
İlçe: Tarsus
Şarj tipi: DC
Soketler: 2 × CCS
Maksimum güç: 120.0 kW
Şarj ağı işletmecisi: DİCLE KÖK ENERJİ YATIRIM ANONİM ŞİRKETİ
İstasyon no: ŞRJ/17112</value>
          </Data>
        </ExtendedData>
      </Placemark>
      <Placemark>
        <name>Soulmate Coffee Altaylılar, Tarsus-DC</name>
        <address>Altaylılar Mahallesi 0299 Sokağı No:6B Tarsus / MERSİN, Mersin, Türkiye</address>
        <description><![CDATA[Konum: Altaylılar Mahallesi 0299 Sokağı No:6B Tarsus / MERSİN, Mersin, Türkiye<br>İlçe: Tarsus<br>Marka: Otopriz<br>Şarj Tipi: DC<br>AC Soket: 0<br>DC Soket: 2<br>Soket Özeti: 2 × CCS<br>Maksimum Güç (kW): 1200<br>Şarj Ağı İşletmecisi: DİCLE KÖK ENERJİ YATIRIM ANONİM ŞİRKETİ<br>İstasyon No: ŞRJ/17134<br>Adres: Altaylılar Mahallesi 0299 Sokağı No:6B Tarsus / MERSİN<br>Açıklama: Marka: Otopriz<br>İlçe: Tarsus<br>Şarj tipi: DC<br>Soketler: 2 × CCS<br>Maksimum güç: 120.0 kW<br>Şarj ağı işletmecisi: DİCLE KÖK ENERJİ YATIRIM ANONİM ŞİRKETİ<br>İstasyon no: ŞRJ/17134]]></description>
        <styleUrl>#icon-1899-0288D1</styleUrl>
        <ExtendedData>
          <Data name="Konum">
            <value>Altaylılar Mahallesi 0299 Sokağı No:6B Tarsus / MERSİN, Mersin, Türkiye</value>
          </Data>
          <Data name="İlçe">
            <value>Tarsus</value>
          </Data>
          <Data name="Marka">
            <value>Otopriz</value>
          </Data>
          <Data name="Şarj Tipi">
            <value>DC</value>
          </Data>
          <Data name="AC Soket">
            <value>0.0</value>
          </Data>
          <Data name="DC Soket">
            <value>2.0</value>
          </Data>
          <Data name="Soket Özeti">
            <value>2 × CCS</value>
          </Data>
          <Data name="Maksimum Güç (kW)">
            <value>1200.0</value>
          </Data>
          <Data name="Şarj Ağı İşletmecisi">
            <value>DİCLE KÖK ENERJİ YATIRIM ANONİM ŞİRKETİ</value>
          </Data>
          <Data name="İstasyon No">
            <value>ŞRJ/17134</value>
          </Data>
          <Data name="Adres">
            <value>Altaylılar Mahallesi 0299 Sokağı No:6B Tarsus / MERSİN</value>
          </Data>
          <Data name="Açıklama">
            <value>Marka: Otopriz
İlçe: Tarsus
Şarj tipi: DC
Soketler: 2 × CCS
Maksimum güç: 120.0 kW
Şarj ağı işletmecisi: DİCLE KÖK ENERJİ YATIRIM ANONİM ŞİRKETİ
İstasyon no: ŞRJ/17134</value>
          </Data>
        </ExtendedData>
      </Placemark>
      <Placemark>
        <name>NÜVE CAR TURİZM OTELCİLİK ARAÇ KİRALAMA TARIM SANAYİ VE TİCARET ANONİM ŞİRKETİ</name>
        <address>Atatürk Mahallesi 31089 Sokağı No:1 Mezitli / MERSİN, Mersin, Türkiye</address>
        <description><![CDATA[Konum: Atatürk Mahallesi 31089 Sokağı No:1 Mezitli / MERSİN, Mersin, Türkiye<br>İlçe: Mezitli<br>Marka: B-FORCE<br>Şarj Tipi: AC<br>AC Soket: 2<br>DC Soket: 0<br>Soket Özeti: 2 × Type 2<br>Maksimum Güç (kW): 220<br>Şarj Ağı İşletmecisi: ŞARJMATİK ENERJİ BİLİŞİM LİMİTED ŞİRKETİ<br>İstasyon No: ŞRJ/12122<br>Adres: Atatürk Mahallesi 31089 Sokağı No:1 Mezitli / MERSİN<br>Açıklama: Marka: B-FORCE<br>İlçe: Mezitli<br>Şarj tipi: AC<br>Soketler: 2 × Type 2<br>Maksimum güç: 22.0 kW<br>Şarj ağı işletmecisi: ŞARJMATİK ENERJİ BİLİŞİM LİMİTED ŞİRKETİ<br>İstasyon no: ŞRJ/12122]]></description>
        <styleUrl>#icon-1899-0288D1</styleUrl>
        <ExtendedData>
          <Data name="Konum">
            <value>Atatürk Mahallesi 31089 Sokağı No:1 Mezitli / MERSİN, Mersin, Türkiye</value>
          </Data>
          <Data name="İlçe">
            <value>Mezitli</value>
          </Data>
          <Data name="Marka">
            <value>B-FORCE</value>
          </Data>
          <Data name="Şarj Tipi">
            <value>AC</value>
          </Data>
          <Data name="AC Soket">
            <value>2.0</value>
          </Data>
          <Data name="DC Soket">
            <value>0.0</value>
          </Data>
          <Data name="Soket Özeti">
            <value>2 × Type 2</value>
          </Data>
          <Data name="Maksimum Güç (kW)">
            <value>220.0</value>
          </Data>
          <Data name="Şarj Ağı İşletmecisi">
            <value>ŞARJMATİK ENERJİ BİLİŞİM LİMİTED ŞİRKETİ</value>
          </Data>
          <Data name="İstasyon No">
            <value>ŞRJ/12122</value>
          </Data>
          <Data name="Adres">
            <value>Atatürk Mahallesi 31089 Sokağı No:1 Mezitli / MERSİN</value>
          </Data>
          <Data name="Açıklama">
            <value>Marka: B-FORCE
İlçe: Mezitli
Şarj tipi: AC
Soketler: 2 × Type 2
Maksimum güç: 22.0 kW
Şarj ağı işletmecisi: ŞARJMATİK ENERJİ BİLİŞİM LİMİTED ŞİRKETİ
İstasyon no: ŞRJ/12122</value>
          </Data>
        </ExtendedData>
      </Placemark>
      <Placemark>
        <name>Opet Mut Petrol</name>
        <address>Palantepe Mahallesi Mahallesi Palantepe Sokağı No:10/A Mut / MERSİN, Mersin, Türkiye</address>
        <description><![CDATA[Konum: Palantepe Mahallesi Mahallesi Palantepe Sokağı No:10/A Mut / MERSİN, Mersin, Türkiye<br>İlçe: Mut<br>Marka: wat mobilite<br>Şarj Tipi: DC<br>AC Soket: 0<br>DC Soket: 2<br>Soket Özeti: 2 × CCS<br>Maksimum Güç (kW): 1800<br>Şarj Ağı İşletmecisi: WAT MOBİLİTE ÇÖZÜMLERİ TEKNOLOJİ VE TİCARET ANONİM ŞİRKETİ<br>İstasyon No: ŞRJ/17313<br>Adres: Palantepe Mahallesi Mahallesi Palantepe Sokağı No:10/A Mut / MERSİN<br>Açıklama: Marka: wat mobilite<br>İlçe: Mut<br>Şarj tipi: DC<br>Soketler: 2 × CCS<br>Maksimum güç: 180.0 kW<br>Şarj ağı işletmecisi: WAT MOBİLİTE ÇÖZÜMLERİ TEKNOLOJİ VE TİCARET ANONİM ŞİRKETİ<br>İstasyon no: ŞRJ/17313]]></description>
        <styleUrl>#icon-1899-0288D1</styleUrl>
        <ExtendedData>
          <Data name="Konum">
            <value>Palantepe Mahallesi Mahallesi Palantepe Sokağı No:10/A Mut / MERSİN, Mersin, Türkiye</value>
          </Data>
          <Data name="İlçe">
            <value>Mut</value>
          </Data>
          <Data name="Marka">
            <value>wat mobilite</value>
          </Data>
          <Data name="Şarj Tipi">
            <value>DC</value>
          </Data>
          <Data name="AC Soket">
            <value>0.0</value>
          </Data>
          <Data name="DC Soket">
            <value>2.0</value>
          </Data>
          <Data name="Soket Özeti">
            <value>2 × CCS</value>
          </Data>
          <Data name="Maksimum Güç (kW)">
            <value>1800.0</value>
          </Data>
          <Data name="Şarj Ağı İşletmecisi">
            <value>WAT MOBİLİTE ÇÖZÜMLERİ TEKNOLOJİ VE TİCARET ANONİM ŞİRKETİ</value>
          </Data>
          <Data name="İstasyon No">
            <value>ŞRJ/17313</value>
          </Data>
          <Data name="Adres">
            <value>Palantepe Mahallesi Mahallesi Palantepe Sokağı No:10/A Mut / MERSİN</value>
          </Data>
          <Data name="Açıklama">
            <value>Marka: wat mobilite
İlçe: Mut
Şarj tipi: DC
Soketler: 2 × CCS
Maksimum güç: 180.0 kW
Şarj ağı işletmecisi: WAT MOBİLİTE ÇÖZÜMLERİ TEKNOLOJİ VE TİCARET ANONİM ŞİRKETİ
İstasyon no: ŞRJ/17313</value>
          </Data>
        </ExtendedData>
      </Placemark>
      <Placemark>
        <name>Opet Sarılar</name>
        <address>Barbaros Mahallesi Mersin Cad. Caddesi Çeşmeli Köyü Sokağı Erdemli / MERSİN, Mersin, Türkiye</address>
        <description><![CDATA[Konum: Barbaros Mahallesi Mersin Cad. Caddesi Çeşmeli Köyü Sokağı Erdemli / MERSİN, Mersin, Türkiye<br>İlçe: Erdemli<br>Marka: wat mobilite<br>Şarj Tipi: DC<br>AC Soket: 0<br>DC Soket: 4<br>Soket Özeti: 4 × CCS<br>Maksimum Güç (kW): 1800<br>Şarj Ağı İşletmecisi: WAT MOBİLİTE ÇÖZÜMLERİ TEKNOLOJİ VE TİCARET ANONİM ŞİRKETİ<br>İstasyon No: ŞRJ/17322<br>Adres: Barbaros Mahallesi Mersin Cad. Caddesi Çeşmeli Köyü Sokağı Erdemli / MERSİN<br>Açıklama: Marka: wat mobilite<br>İlçe: Erdemli<br>Şarj tipi: DC<br>Soketler: 4 × CCS<br>Maksimum güç: 180.0 kW<br>Şarj ağı işletmecisi: WAT MOBİLİTE ÇÖZÜMLERİ TEKNOLOJİ VE TİCARET ANONİM ŞİRKETİ<br>İstasyon no: ŞRJ/17322]]></description>
        <styleUrl>#icon-1899-0288D1</styleUrl>
        <ExtendedData>
          <Data name="Konum">
            <value>Barbaros Mahallesi Mersin Cad. Caddesi Çeşmeli Köyü Sokağı Erdemli / MERSİN, Mersin, Türkiye</value>
          </Data>
          <Data name="İlçe">
            <value>Erdemli</value>
          </Data>
          <Data name="Marka">
            <value>wat mobilite</value>
          </Data>
          <Data name="Şarj Tipi">
            <value>DC</value>
          </Data>
          <Data name="AC Soket">
            <value>0.0</value>
          </Data>
          <Data name="DC Soket">
            <value>4.0</value>
          </Data>
          <Data name="Soket Özeti">
            <value>4 × CCS</value>
          </Data>
          <Data name="Maksimum Güç (kW)">
            <value>1800.0</value>
          </Data>
          <Data name="Şarj Ağı İşletmecisi">
            <value>WAT MOBİLİTE ÇÖZÜMLERİ TEKNOLOJİ VE TİCARET ANONİM ŞİRKETİ</value>
          </Data>
          <Data name="İstasyon No">
            <value>ŞRJ/17322</value>
          </Data>
          <Data name="Adres">
            <value>Barbaros Mahallesi Mersin Cad. Caddesi Çeşmeli Köyü Sokağı Erdemli / MERSİN</value>
          </Data>
          <Data name="Açıklama">
            <value>Marka: wat mobilite
İlçe: Erdemli
Şarj tipi: DC
Soketler: 4 × CCS
Maksimum güç: 180.0 kW
Şarj ağı işletmecisi: WAT MOBİLİTE ÇÖZÜMLERİ TEKNOLOJİ VE TİCARET ANONİM ŞİRKETİ
İstasyon no: ŞRJ/17322</value>
          </Data>
        </ExtendedData>
      </Placemark>
      <Placemark>
        <name>SARILAR OPET</name>
        <address>Çeşmeli Mahallesi Mersin (merkez) Sokağı No:164 Erdemli / MERSİN, Mersin, Türkiye</address>
        <description><![CDATA[Konum: Çeşmeli Mahallesi Mersin (merkez) Sokağı No:164 Erdemli / MERSİN, Mersin, Türkiye<br>İlçe: Erdemli<br>Marka: ovolt<br>Şarj Tipi: DC<br>AC Soket: 0<br>DC Soket: 4<br>Soket Özeti: 4 × CCS<br>Maksimum Güç (kW): 1800<br>Şarj Ağı İşletmecisi: OVOLT ŞARJ TEKNOLOJİLERİ SANAYİ VE TİCARET ANONİM ŞİRKETİ<br>İstasyon No: ŞRJ/17381<br>Adres: Çeşmeli Mahallesi Mersin (merkez) Sokağı No:164 Erdemli / MERSİN<br>Açıklama: Marka: ovolt<br>İlçe: Erdemli<br>Şarj tipi: DC<br>Soketler: 4 × CCS<br>Maksimum güç: 180.0 kW<br>Şarj ağı işletmecisi: OVOLT ŞARJ TEKNOLOJİLERİ SANAYİ VE TİCARET ANONİM ŞİRKETİ<br>İstasyon no: ŞRJ/17381]]></description>
        <styleUrl>#icon-1899-0288D1</styleUrl>
        <ExtendedData>
          <Data name="Konum">
            <value>Çeşmeli Mahallesi Mersin (merkez) Sokağı No:164 Erdemli / MERSİN, Mersin, Türkiye</value>
          </Data>
          <Data name="İlçe">
            <value>Erdemli</value>
          </Data>
          <Data name="Marka">
            <value>ovolt</value>
          </Data>
          <Data name="Şarj Tipi">
            <value>DC</value>
          </Data>
          <Data name="AC Soket">
            <value>0.0</value>
          </Data>
          <Data name="DC Soket">
            <value>4.0</value>
          </Data>
          <Data name="Soket Özeti">
            <value>4 × CCS</value>
          </Data>
          <Data name="Maksimum Güç (kW)">
            <value>1800.0</value>
          </Data>
          <Data name="Şarj Ağı İşletmecisi">
            <value>OVOLT ŞARJ TEKNOLOJİLERİ SANAYİ VE TİCARET ANONİM ŞİRKETİ</value>
          </Data>
          <Data name="İstasyon No">
            <value>ŞRJ/17381</value>
          </Data>
          <Data name="Adres">
            <value>Çeşmeli Mahallesi Mersin (merkez) Sokağı No:164 Erdemli / MERSİN</value>
          </Data>
          <Data name="Açıklama">
            <value>Marka: ovolt
İlçe: Erdemli
Şarj tipi: DC
Soketler: 4 × CCS
Maksimum güç: 180.0 kW
Şarj ağı işletmecisi: OVOLT ŞARJ TEKNOLOJİLERİ SANAYİ VE TİCARET ANONİM ŞİRKETİ
İstasyon no: ŞRJ/17381</value>
          </Data>
        </ExtendedData>
      </Placemark>
      <Placemark>
        <name>Örs Plaza</name>
        <address>Eğriçam Mahallesi 2224 Sokağı No:1 Yenişehir / MERSİN, Mersin, Türkiye</address>
        <description><![CDATA[Konum: Eğriçam Mahallesi 2224 Sokağı No:1 Yenişehir / MERSİN, Mersin, Türkiye<br>İlçe: Yenişehir<br>Marka: zes<br>Şarj Tipi: DC<br>AC Soket: 0<br>DC Soket: 2<br>Soket Özeti: 2 × CCS<br>Maksimum Güç (kW): 600<br>Şarj Ağı İşletmecisi: ZES DİJİTAL TİCARET ANONİM ŞİRKETİ<br>İstasyon No: ŞRJ/17476<br>Adres: Eğriçam Mahallesi 2224 Sokağı No:1 Yenişehir / MERSİN<br>Açıklama: Marka: zes<br>İlçe: Yenişehir<br>Şarj tipi: DC<br>Soketler: 2 × CCS<br>Maksimum güç: 60.0 kW<br>Şarj ağı işletmecisi: ZES DİJİTAL TİCARET ANONİM ŞİRKETİ<br>İstasyon no: ŞRJ/17476]]></description>
        <styleUrl>#icon-1899-0288D1</styleUrl>
        <ExtendedData>
          <Data name="Konum">
            <value>Eğriçam Mahallesi 2224 Sokağı No:1 Yenişehir / MERSİN, Mersin, Türkiye</value>
          </Data>
          <Data name="İlçe">
            <value>Yenişehir</value>
          </Data>
          <Data name="Marka">
            <value>zes</value>
          </Data>
          <Data name="Şarj Tipi">
            <value>DC</value>
          </Data>
          <Data name="AC Soket">
            <value>0.0</value>
          </Data>
          <Data name="DC Soket">
            <value>2.0</value>
          </Data>
          <Data name="Soket Özeti">
            <value>2 × CCS</value>
          </Data>
          <Data name="Maksimum Güç (kW)">
            <value>600.0</value>
          </Data>
          <Data name="Şarj Ağı İşletmecisi">
            <value>ZES DİJİTAL TİCARET ANONİM ŞİRKETİ</value>
          </Data>
          <Data name="İstasyon No">
            <value>ŞRJ/17476</value>
          </Data>
          <Data name="Adres">
            <value>Eğriçam Mahallesi 2224 Sokağı No:1 Yenişehir / MERSİN</value>
          </Data>
          <Data name="Açıklama">
            <value>Marka: zes
İlçe: Yenişehir
Şarj tipi: DC
Soketler: 2 × CCS
Maksimum güç: 60.0 kW
Şarj ağı işletmecisi: ZES DİJİTAL TİCARET ANONİM ŞİRKETİ
İstasyon no: ŞRJ/17476</value>
          </Data>
        </ExtendedData>
      </Placemark>
      <Placemark>
        <name>Tezcanlar Anamur</name>
        <address>Bahçe Mahallesi Mersin Yolu Altı Sokağı No:1 Anamur / MERSİN, Mersin, Türkiye</address>
        <description><![CDATA[Konum: Bahçe Mahallesi Mersin Yolu Altı Sokağı No:1 Anamur / MERSİN, Mersin, Türkiye<br>İlçe: Anamur<br>Marka: zes<br>Şarj Tipi: DC<br>AC Soket: 0<br>DC Soket: 2<br>Soket Özeti: 2 × CCS<br>Maksimum Güç (kW): 4000<br>Şarj Ağı İşletmecisi: ZES DİJİTAL TİCARET ANONİM ŞİRKETİ<br>İstasyon No: ŞRJ/17487<br>Adres: Bahçe Mahallesi Mersin Yolu Altı Sokağı No:1 Anamur / MERSİN<br>Açıklama: Marka: zes<br>İlçe: Anamur<br>Şarj tipi: DC<br>Soketler: 2 × CCS<br>Maksimum güç: 400.0 kW<br>Şarj ağı işletmecisi: ZES DİJİTAL TİCARET ANONİM ŞİRKETİ<br>İstasyon no: ŞRJ/17487]]></description>
        <styleUrl>#icon-1899-0288D1</styleUrl>
        <ExtendedData>
          <Data name="Konum">
            <value>Bahçe Mahallesi Mersin Yolu Altı Sokağı No:1 Anamur / MERSİN, Mersin, Türkiye</value>
          </Data>
          <Data name="İlçe">
            <value>Anamur</value>
          </Data>
          <Data name="Marka">
            <value>zes</value>
          </Data>
          <Data name="Şarj Tipi">
            <value>DC</value>
          </Data>
          <Data name="AC Soket">
            <value>0.0</value>
          </Data>
          <Data name="DC Soket">
            <value>2.0</value>
          </Data>
          <Data name="Soket Özeti">
            <value>2 × CCS</value>
          </Data>
          <Data name="Maksimum Güç (kW)">
            <value>4000.0</value>
          </Data>
          <Data name="Şarj Ağı İşletmecisi">
            <value>ZES DİJİTAL TİCARET ANONİM ŞİRKETİ</value>
          </Data>
          <Data name="İstasyon No">
            <value>ŞRJ/17487</value>
          </Data>
          <Data name="Adres">
            <value>Bahçe Mahallesi Mersin Yolu Altı Sokağı No:1 Anamur / MERSİN</value>
          </Data>
          <Data name="Açıklama">
            <value>Marka: zes
İlçe: Anamur
Şarj tipi: DC
Soketler: 2 × CCS
Maksimum güç: 400.0 kW
Şarj ağı işletmecisi: ZES DİJİTAL TİCARET ANONİM ŞİRKETİ
İstasyon no: ŞRJ/17487</value>
          </Data>
        </ExtendedData>
      </Placemark>
      <Placemark>
        <name>Çiğdem Market, Erdemli - DC</name>
        <address>Kızkalesi Mahallesi No:8C Erdemli / MERSİN, Mersin, Türkiye</address>
        <description><![CDATA[Konum: Kızkalesi Mahallesi No:8C Erdemli / MERSİN, Mersin, Türkiye<br>İlçe: Erdemli<br>Marka: Otopriz<br>Şarj Tipi: DC<br>AC Soket: 0<br>DC Soket: 2<br>Soket Özeti: 2 × CCS<br>Maksimum Güç (kW): 1800<br>Şarj Ağı İşletmecisi: DİCLE KÖK ENERJİ YATIRIM ANONİM ŞİRKETİ<br>İstasyon No: ŞRJ/17488<br>Adres: Kızkalesi Mahallesi No:8C Erdemli / MERSİN<br>Açıklama: Marka: Otopriz<br>İlçe: Erdemli<br>Şarj tipi: DC<br>Soketler: 2 × CCS<br>Maksimum güç: 180.0 kW<br>Şarj ağı işletmecisi: DİCLE KÖK ENERJİ YATIRIM ANONİM ŞİRKETİ<br>İstasyon no: ŞRJ/17488]]></description>
        <styleUrl>#icon-1899-0288D1</styleUrl>
        <ExtendedData>
          <Data name="Konum">
            <value>Kızkalesi Mahallesi No:8C Erdemli / MERSİN, Mersin, Türkiye</value>
          </Data>
          <Data name="İlçe">
            <value>Erdemli</value>
          </Data>
          <Data name="Marka">
            <value>Otopriz</value>
          </Data>
          <Data name="Şarj Tipi">
            <value>DC</value>
          </Data>
          <Data name="AC Soket">
            <value>0.0</value>
          </Data>
          <Data name="DC Soket">
            <value>2.0</value>
          </Data>
          <Data name="Soket Özeti">
            <value>2 × CCS</value>
          </Data>
          <Data name="Maksimum Güç (kW)">
            <value>1800.0</value>
          </Data>
          <Data name="Şarj Ağı İşletmecisi">
            <value>DİCLE KÖK ENERJİ YATIRIM ANONİM ŞİRKETİ</value>
          </Data>
          <Data name="İstasyon No">
            <value>ŞRJ/17488</value>
          </Data>
          <Data name="Adres">
            <value>Kızkalesi Mahallesi No:8C Erdemli / MERSİN</value>
          </Data>
          <Data name="Açıklama">
            <value>Marka: Otopriz
İlçe: Erdemli
Şarj tipi: DC
Soketler: 2 × CCS
Maksimum güç: 180.0 kW
Şarj ağı işletmecisi: DİCLE KÖK ENERJİ YATIRIM ANONİM ŞİRKETİ
İstasyon no: ŞRJ/17488</value>
          </Data>
        </ExtendedData>
      </Placemark>
      <Placemark>
        <name>Naia Restoran, Toroslar - DC</name>
        <address>Çopurlu Mahallesi 119 Sokağı Merkez Toroslar / MERSİN, Mersin, Türkiye</address>
        <description><![CDATA[Konum: Çopurlu Mahallesi 119 Sokağı Merkez Toroslar / MERSİN, Mersin, Türkiye<br>İlçe: Toroslar<br>Marka: Otopriz<br>Şarj Tipi: DC<br>AC Soket: 0<br>DC Soket: 2<br>Soket Özeti: 2 × CCS<br>Maksimum Güç (kW): 1200<br>Şarj Ağı İşletmecisi: DİCLE KÖK ENERJİ YATIRIM ANONİM ŞİRKETİ<br>İstasyon No: ŞRJ/17517<br>Adres: Çopurlu Mahallesi 119 Sokağı Merkez Toroslar / MERSİN<br>Açıklama: Marka: Otopriz<br>İlçe: Toroslar<br>Şarj tipi: DC<br>Soketler: 2 × CCS<br>Maksimum güç: 120.0 kW<br>Şarj ağı işletmecisi: DİCLE KÖK ENERJİ YATIRIM ANONİM ŞİRKETİ<br>İstasyon no: ŞRJ/17517]]></description>
        <styleUrl>#icon-1899-0288D1</styleUrl>
        <ExtendedData>
          <Data name="Konum">
            <value>Çopurlu Mahallesi 119 Sokağı Merkez Toroslar / MERSİN, Mersin, Türkiye</value>
          </Data>
          <Data name="İlçe">
            <value>Toroslar</value>
          </Data>
          <Data name="Marka">
            <value>Otopriz</value>
          </Data>
          <Data name="Şarj Tipi">
            <value>DC</value>
          </Data>
          <Data name="AC Soket">
            <value>0.0</value>
          </Data>
          <Data name="DC Soket">
            <value>2.0</value>
          </Data>
          <Data name="Soket Özeti">
            <value>2 × CCS</value>
          </Data>
          <Data name="Maksimum Güç (kW)">
            <value>1200.0</value>
          </Data>
          <Data name="Şarj Ağı İşletmecisi">
            <value>DİCLE KÖK ENERJİ YATIRIM ANONİM ŞİRKETİ</value>
          </Data>
          <Data name="İstasyon No">
            <value>ŞRJ/17517</value>
          </Data>
          <Data name="Adres">
            <value>Çopurlu Mahallesi 119 Sokağı Merkez Toroslar / MERSİN</value>
          </Data>
          <Data name="Açıklama">
            <value>Marka: Otopriz
İlçe: Toroslar
Şarj tipi: DC
Soketler: 2 × CCS
Maksimum güç: 120.0 kW
Şarj ağı işletmecisi: DİCLE KÖK ENERJİ YATIRIM ANONİM ŞİRKETİ
İstasyon no: ŞRJ/17517</value>
          </Data>
        </ExtendedData>
      </Placemark>
      <Placemark>
        <name>Mersu Hastanesi Elektrikli Araç Şarj Hastanesi DC 120 KW+AC 22 KW</name>
        <address>İhsaniye Mahallesi Havuzlar Caddesi No:63 Akdeniz / MERSİN, Mersin, Türkiye</address>
        <description><![CDATA[Konum: İhsaniye Mahallesi Havuzlar Caddesi No:63 Akdeniz / MERSİN, Mersin, Türkiye<br>İlçe: Akdeniz<br>Marka: CHARGING VEHICLES CV<br>Şarj Tipi: AC + DC<br>AC Soket: 1<br>DC Soket: 2<br>Soket Özeti: 2 × CCS, 1 × Type 2<br>Maksimum Güç (kW): 1200<br>Şarj Ağı İşletmecisi: CW ENERJİ MÜHENDİSLİK TİCARET VE SANAYİ ANONİM ŞİRKETİ<br>İstasyon No: ŞRJ/3033<br>Adres: İhsaniye Mahallesi Havuzlar Caddesi No:63 Akdeniz / MERSİN<br>Açıklama: Marka: CHARGING VEHICLES CV<br>İlçe: Akdeniz<br>Şarj tipi: AC + DC<br>Soketler: 2 × CCS, 1 × Type 2<br>Maksimum güç: 120.0 kW<br>Şarj ağı işletmecisi: CW ENERJİ MÜHENDİSLİK TİCARET VE SANAYİ ANONİM ŞİRKETİ<br>İstasyon no: ŞRJ/3033]]></description>
        <styleUrl>#icon-1899-0288D1</styleUrl>
        <ExtendedData>
          <Data name="Konum">
            <value>İhsaniye Mahallesi Havuzlar Caddesi No:63 Akdeniz / MERSİN, Mersin, Türkiye</value>
          </Data>
          <Data name="İlçe">
            <value>Akdeniz</value>
          </Data>
          <Data name="Marka">
            <value>CHARGING VEHICLES CV</value>
          </Data>
          <Data name="Şarj Tipi">
            <value>AC + DC</value>
          </Data>
          <Data name="AC Soket">
            <value>1.0</value>
          </Data>
          <Data name="DC Soket">
            <value>2.0</value>
          </Data>
          <Data name="Soket Özeti">
            <value>2 × CCS, 1 × Type 2</value>
          </Data>
          <Data name="Maksimum Güç (kW)">
            <value>1200.0</value>
          </Data>
          <Data name="Şarj Ağı İşletmecisi">
            <value>CW ENERJİ MÜHENDİSLİK TİCARET VE SANAYİ ANONİM ŞİRKETİ</value>
          </Data>
          <Data name="İstasyon No">
            <value>ŞRJ/3033</value>
          </Data>
          <Data name="Adres">
            <value>İhsaniye Mahallesi Havuzlar Caddesi No:63 Akdeniz / MERSİN</value>
          </Data>
          <Data name="Açıklama">
            <value>Marka: CHARGING VEHICLES CV
İlçe: Akdeniz
Şarj tipi: AC + DC
Soketler: 2 × CCS, 1 × Type 2
Maksimum güç: 120.0 kW
Şarj ağı işletmecisi: CW ENERJİ MÜHENDİSLİK TİCARET VE SANAYİ ANONİM ŞİRKETİ
İstasyon no: ŞRJ/3033</value>
          </Data>
        </ExtendedData>
      </Placemark>
      <Placemark>
        <name>CV Charging- Sena Restaurant</name>
        <address>Yenice Mahallesi Yağmur Sokağı No:7 Tarsus / MERSİN, Mersin, Türkiye</address>
        <description><![CDATA[Konum: Yenice Mahallesi Yağmur Sokağı No:7 Tarsus / MERSİN, Mersin, Türkiye<br>İlçe: Tarsus<br>Marka: CHARGING VEHICLES CV<br>Şarj Tipi: AC<br>AC Soket: 1<br>DC Soket: 0<br>Soket Özeti: 1 × Type 2<br>Maksimum Güç (kW): 220<br>Şarj Ağı İşletmecisi: CW ENERJİ MÜHENDİSLİK TİCARET VE SANAYİ ANONİM ŞİRKETİ<br>İstasyon No: ŞRJ/12578<br>Adres: Yenice Mahallesi Yağmur Sokağı No:7 Tarsus / MERSİN<br>Açıklama: Marka: CHARGING VEHICLES CV<br>İlçe: Tarsus<br>Şarj tipi: AC<br>Soketler: 1 × Type 2<br>Maksimum güç: 22.0 kW<br>Şarj ağı işletmecisi: CW ENERJİ MÜHENDİSLİK TİCARET VE SANAYİ ANONİM ŞİRKETİ<br>İstasyon no: ŞRJ/12578]]></description>
        <styleUrl>#icon-1899-0288D1</styleUrl>
        <ExtendedData>
          <Data name="Konum">
            <value>Yenice Mahallesi Yağmur Sokağı No:7 Tarsus / MERSİN, Mersin, Türkiye</value>
          </Data>
          <Data name="İlçe">
            <value>Tarsus</value>
          </Data>
          <Data name="Marka">
            <value>CHARGING VEHICLES CV</value>
          </Data>
          <Data name="Şarj Tipi">
            <value>AC</value>
          </Data>
          <Data name="AC Soket">
            <value>1.0</value>
          </Data>
          <Data name="DC Soket">
            <value>0.0</value>
          </Data>
          <Data name="Soket Özeti">
            <value>1 × Type 2</value>
          </Data>
          <Data name="Maksimum Güç (kW)">
            <value>220.0</value>
          </Data>
          <Data name="Şarj Ağı İşletmecisi">
            <value>CW ENERJİ MÜHENDİSLİK TİCARET VE SANAYİ ANONİM ŞİRKETİ</value>
          </Data>
          <Data name="İstasyon No">
            <value>ŞRJ/12578</value>
          </Data>
          <Data name="Adres">
            <value>Yenice Mahallesi Yağmur Sokağı No:7 Tarsus / MERSİN</value>
          </Data>
          <Data name="Açıklama">
            <value>Marka: CHARGING VEHICLES CV
İlçe: Tarsus
Şarj tipi: AC
Soketler: 1 × Type 2
Maksimum güç: 22.0 kW
Şarj ağı işletmecisi: CW ENERJİ MÜHENDİSLİK TİCARET VE SANAYİ ANONİM ŞİRKETİ
İstasyon no: ŞRJ/12578</value>
          </Data>
        </ExtendedData>
      </Placemark>
      <Placemark>
        <name>Erdemli Dedeman Otel</name>
        <address>Alata Mah Mahallesi No:316 Erdemli / MERSİN, Mersin, Türkiye</address>
        <description><![CDATA[Konum: Alata Mah Mahallesi No:316 Erdemli / MERSİN, Mersin, Türkiye<br>İlçe: Erdemli<br>Marka: POWERŞARJ<br>Şarj Tipi: DC<br>AC Soket: 0<br>DC Soket: 2<br>Soket Özeti: 2 × CCS<br>Maksimum Güç (kW): 1800<br>Şarj Ağı İşletmecisi: WHITE ROSE MOTOR SANAYİ VE OTOMASYON TİCARET LİMİTED ŞİRKETİ<br>İstasyon No: ŞRJ/8048<br>Adres: Alata Mah Mahallesi No:316 Erdemli / MERSİN<br>Açıklama: Marka: POWERŞARJ<br>İlçe: Erdemli<br>Şarj tipi: DC<br>Soketler: 2 × CCS<br>Maksimum güç: 180.0 kW<br>Şarj ağı işletmecisi: WHITE ROSE MOTOR SANAYİ VE OTOMASYON TİCARET LİMİTED ŞİRKETİ<br>İstasyon no: ŞRJ/8048]]></description>
        <styleUrl>#icon-1899-0288D1</styleUrl>
        <ExtendedData>
          <Data name="Konum">
            <value>Alata Mah Mahallesi No:316 Erdemli / MERSİN, Mersin, Türkiye</value>
          </Data>
          <Data name="İlçe">
            <value>Erdemli</value>
          </Data>
          <Data name="Marka">
            <value>POWERŞARJ</value>
          </Data>
          <Data name="Şarj Tipi">
            <value>DC</value>
          </Data>
          <Data name="AC Soket">
            <value>0.0</value>
          </Data>
          <Data name="DC Soket">
            <value>2.0</value>
          </Data>
          <Data name="Soket Özeti">
            <value>2 × CCS</value>
          </Data>
          <Data name="Maksimum Güç (kW)">
            <value>1800.0</value>
          </Data>
          <Data name="Şarj Ağı İşletmecisi">
            <value>WHITE ROSE MOTOR SANAYİ VE OTOMASYON TİCARET LİMİTED ŞİRKETİ</value>
          </Data>
          <Data name="İstasyon No">
            <value>ŞRJ/8048</value>
          </Data>
          <Data name="Adres">
            <value>Alata Mah Mahallesi No:316 Erdemli / MERSİN</value>
          </Data>
          <Data name="Açıklama">
            <value>Marka: POWERŞARJ
İlçe: Erdemli
Şarj tipi: DC
Soketler: 2 × CCS
Maksimum güç: 180.0 kW
Şarj ağı işletmecisi: WHITE ROSE MOTOR SANAYİ VE OTOMASYON TİCARET LİMİTED ŞİRKETİ
İstasyon no: ŞRJ/8048</value>
          </Data>
        </ExtendedData>
      </Placemark>
      <Placemark>
        <name>MUTUNA ZEYTİNYAĞI</name>
        <address>Yapıntı Mahallesi Yapıntı Sokağı No:1 Mut / MERSİN, Mersin, Türkiye</address>
        <description><![CDATA[Konum: Yapıntı Mahallesi Yapıntı Sokağı No:1 Mut / MERSİN, Mersin, Türkiye<br>İlçe: Mut<br>Marka: POWERŞARJ<br>Şarj Tipi: DC<br>AC Soket: 0<br>DC Soket: 2<br>Soket Özeti: 2 × CCS<br>Maksimum Güç (kW): 1800<br>Şarj Ağı İşletmecisi: WHITE ROSE MOTOR SANAYİ VE OTOMASYON TİCARET LİMİTED ŞİRKETİ<br>İstasyon No: ŞRJ/4312<br>Adres: Yapıntı Mahallesi Yapıntı Sokağı No:1 Mut / MERSİN<br>Açıklama: Marka: POWERŞARJ<br>İlçe: Mut<br>Şarj tipi: DC<br>Soketler: 2 × CCS<br>Maksimum güç: 180.0 kW<br>Şarj ağı işletmecisi: WHITE ROSE MOTOR SANAYİ VE OTOMASYON TİCARET LİMİTED ŞİRKETİ<br>İstasyon no: ŞRJ/4312]]></description>
        <styleUrl>#icon-1899-0288D1</styleUrl>
        <ExtendedData>
          <Data name="Konum">
            <value>Yapıntı Mahallesi Yapıntı Sokağı No:1 Mut / MERSİN, Mersin, Türkiye</value>
          </Data>
          <Data name="İlçe">
            <value>Mut</value>
          </Data>
          <Data name="Marka">
            <value>POWERŞARJ</value>
          </Data>
          <Data name="Şarj Tipi">
            <value>DC</value>
          </Data>
          <Data name="AC Soket">
            <value>0.0</value>
          </Data>
          <Data name="DC Soket">
            <value>2.0</value>
          </Data>
          <Data name="Soket Özeti">
            <value>2 × CCS</value>
          </Data>
          <Data name="Maksimum Güç (kW)">
            <value>1800.0</value>
          </Data>
          <Data name="Şarj Ağı İşletmecisi">
            <value>WHITE ROSE MOTOR SANAYİ VE OTOMASYON TİCARET LİMİTED ŞİRKETİ</value>
          </Data>
          <Data name="İstasyon No">
            <value>ŞRJ/4312</value>
          </Data>
          <Data name="Adres">
            <value>Yapıntı Mahallesi Yapıntı Sokağı No:1 Mut / MERSİN</value>
          </Data>
          <Data name="Açıklama">
            <value>Marka: POWERŞARJ
İlçe: Mut
Şarj tipi: DC
Soketler: 2 × CCS
Maksimum güç: 180.0 kW
Şarj ağı işletmecisi: WHITE ROSE MOTOR SANAYİ VE OTOMASYON TİCARET LİMİTED ŞİRKETİ
İstasyon no: ŞRJ/4312</value>
          </Data>
        </ExtendedData>
      </Placemark>
      <Placemark>
        <name>Zirve Turistik Dinlenme Tesisleri</name>
        <address>Tırtar Mahallesi Silifke Yolu Caddesi No:358 Erdemli / MERSİN, Mersin, Türkiye</address>
        <description><![CDATA[Konum: Tırtar Mahallesi Silifke Yolu Caddesi No:358 Erdemli / MERSİN, Mersin, Türkiye<br>İlçe: Erdemli<br>Marka: POWERŞARJ<br>Şarj Tipi: DC<br>AC Soket: 0<br>DC Soket: 2<br>Soket Özeti: 2 × CCS<br>Maksimum Güç (kW): 1800<br>Şarj Ağı İşletmecisi: WHITE ROSE MOTOR SANAYİ VE OTOMASYON TİCARET LİMİTED ŞİRKETİ<br>İstasyon No: ŞRJ/10720<br>Adres: Tırtar Mahallesi Silifke Yolu Caddesi No:358 Erdemli / MERSİN<br>Açıklama: Marka: POWERŞARJ<br>İlçe: Erdemli<br>Şarj tipi: DC<br>Soketler: 2 × CCS<br>Maksimum güç: 180.0 kW<br>Şarj ağı işletmecisi: WHITE ROSE MOTOR SANAYİ VE OTOMASYON TİCARET LİMİTED ŞİRKETİ<br>İstasyon no: ŞRJ/10720]]></description>
        <styleUrl>#icon-1899-0288D1</styleUrl>
        <ExtendedData>
          <Data name="Konum">
            <value>Tırtar Mahallesi Silifke Yolu Caddesi No:358 Erdemli / MERSİN, Mersin, Türkiye</value>
          </Data>
          <Data name="İlçe">
            <value>Erdemli</value>
          </Data>
          <Data name="Marka">
            <value>POWERŞARJ</value>
          </Data>
          <Data name="Şarj Tipi">
            <value>DC</value>
          </Data>
          <Data name="AC Soket">
            <value>0.0</value>
          </Data>
          <Data name="DC Soket">
            <value>2.0</value>
          </Data>
          <Data name="Soket Özeti">
            <value>2 × CCS</value>
          </Data>
          <Data name="Maksimum Güç (kW)">
            <value>1800.0</value>
          </Data>
          <Data name="Şarj Ağı İşletmecisi">
            <value>WHITE ROSE MOTOR SANAYİ VE OTOMASYON TİCARET LİMİTED ŞİRKETİ</value>
          </Data>
          <Data name="İstasyon No">
            <value>ŞRJ/10720</value>
          </Data>
          <Data name="Adres">
            <value>Tırtar Mahallesi Silifke Yolu Caddesi No:358 Erdemli / MERSİN</value>
          </Data>
          <Data name="Açıklama">
            <value>Marka: POWERŞARJ
İlçe: Erdemli
Şarj tipi: DC
Soketler: 2 × CCS
Maksimum güç: 180.0 kW
Şarj ağı işletmecisi: WHITE ROSE MOTOR SANAYİ VE OTOMASYON TİCARET LİMİTED ŞİRKETİ
İstasyon no: ŞRJ/10720</value>
          </Data>
        </ExtendedData>
      </Placemark>
      <Placemark>
        <name>SsangYong Şahsuvaroğlu Tesisleri Mersin</name>
        <address>Menderes Mahallesi No:789/A Mezitli / MERSİN, Mersin, Türkiye</address>
        <description><![CDATA[Konum: Menderes Mahallesi No:789/A Mezitli / MERSİN, Mersin, Türkiye<br>İlçe: Mezitli<br>Marka: POWERŞARJ<br>Şarj Tipi: DC<br>AC Soket: 0<br>DC Soket: 1<br>Soket Özeti: 1 × CCS<br>Maksimum Güç (kW): 850<br>Şarj Ağı İşletmecisi: WHITE ROSE MOTOR SANAYİ VE OTOMASYON TİCARET LİMİTED ŞİRKETİ<br>İstasyon No: ŞRJ/13816<br>Adres: Menderes Mahallesi No:789/A Mezitli / MERSİN<br>Açıklama: Marka: POWERŞARJ<br>İlçe: Mezitli<br>Şarj tipi: DC<br>Soketler: 1 × CCS<br>Maksimum güç: 85.0 kW<br>Şarj ağı işletmecisi: WHITE ROSE MOTOR SANAYİ VE OTOMASYON TİCARET LİMİTED ŞİRKETİ<br>İstasyon no: ŞRJ/13816]]></description>
        <styleUrl>#icon-1899-0288D1</styleUrl>
        <ExtendedData>
          <Data name="Konum">
            <value>Menderes Mahallesi No:789/A Mezitli / MERSİN, Mersin, Türkiye</value>
          </Data>
          <Data name="İlçe">
            <value>Mezitli</value>
          </Data>
          <Data name="Marka">
            <value>POWERŞARJ</value>
          </Data>
          <Data name="Şarj Tipi">
            <value>DC</value>
          </Data>
          <Data name="AC Soket">
            <value>0.0</value>
          </Data>
          <Data name="DC Soket">
            <value>1.0</value>
          </Data>
          <Data name="Soket Özeti">
            <value>1 × CCS</value>
          </Data>
          <Data name="Maksimum Güç (kW)">
            <value>850.0</value>
          </Data>
          <Data name="Şarj Ağı İşletmecisi">
            <value>WHITE ROSE MOTOR SANAYİ VE OTOMASYON TİCARET LİMİTED ŞİRKETİ</value>
          </Data>
          <Data name="İstasyon No">
            <value>ŞRJ/13816</value>
          </Data>
          <Data name="Adres">
            <value>Menderes Mahallesi No:789/A Mezitli / MERSİN</value>
          </Data>
          <Data name="Açıklama">
            <value>Marka: POWERŞARJ
İlçe: Mezitli
Şarj tipi: DC
Soketler: 1 × CCS
Maksimum güç: 85.0 kW
Şarj ağı işletmecisi: WHITE ROSE MOTOR SANAYİ VE OTOMASYON TİCARET LİMİTED ŞİRKETİ
İstasyon no: ŞRJ/13816</value>
          </Data>
        </ExtendedData>
      </Placemark>
      <Placemark>
        <name>INTERMOT BOĞSAK MOTEL</name>
        <address>İmamuşağı Mahallesi Boğsak Sokağı No:74 Silifke / MERSİN, Mersin, Türkiye</address>
        <description><![CDATA[Konum: İmamuşağı Mahallesi Boğsak Sokağı No:74 Silifke / MERSİN, Mersin, Türkiye<br>İlçe: Silifke<br>Marka: VOLTRUN<br>Şarj Tipi: AC<br>AC Soket: 1<br>DC Soket: 0<br>Soket Özeti: 1 × Type 2<br>Maksimum Güç (kW): 220<br>Şarj Ağı İşletmecisi: VOLTRUN ENERJİ ANONİM ŞİRKETİ<br>İstasyon No: ŞRJ/13660<br>Adres: İmamuşağı Mahallesi Boğsak Sokağı No:74 Silifke / MERSİN<br>Açıklama: Marka: VOLTRUN<br>İlçe: Silifke<br>Şarj tipi: AC<br>Soketler: 1 × Type 2<br>Maksimum güç: 22.0 kW<br>Şarj ağı işletmecisi: VOLTRUN ENERJİ ANONİM ŞİRKETİ<br>İstasyon no: ŞRJ/13660]]></description>
        <styleUrl>#icon-1899-0288D1</styleUrl>
        <ExtendedData>
          <Data name="Konum">
            <value>İmamuşağı Mahallesi Boğsak Sokağı No:74 Silifke / MERSİN, Mersin, Türkiye</value>
          </Data>
          <Data name="İlçe">
            <value>Silifke</value>
          </Data>
          <Data name="Marka">
            <value>VOLTRUN</value>
          </Data>
          <Data name="Şarj Tipi">
            <value>AC</value>
          </Data>
          <Data name="AC Soket">
            <value>1.0</value>
          </Data>
          <Data name="DC Soket">
            <value>0.0</value>
          </Data>
          <Data name="Soket Özeti">
            <value>1 × Type 2</value>
          </Data>
          <Data name="Maksimum Güç (kW)">
            <value>220.0</value>
          </Data>
          <Data name="Şarj Ağı İşletmecisi">
            <value>VOLTRUN ENERJİ ANONİM ŞİRKETİ</value>
          </Data>
          <Data name="İstasyon No">
            <value>ŞRJ/13660</value>
          </Data>
          <Data name="Adres">
            <value>İmamuşağı Mahallesi Boğsak Sokağı No:74 Silifke / MERSİN</value>
          </Data>
          <Data name="Açıklama">
            <value>Marka: VOLTRUN
İlçe: Silifke
Şarj tipi: AC
Soketler: 1 × Type 2
Maksimum güç: 22.0 kW
Şarj ağı işletmecisi: VOLTRUN ENERJİ ANONİM ŞİRKETİ
İstasyon no: ŞRJ/13660</value>
          </Data>
        </ExtendedData>
      </Placemark>
      <Placemark>
        <name>DC ULU RESORT OTEL</name>
        <address>Merkez Mahallesi Yanışlı Gülnar / MERSİN, Mersin, Türkiye</address>
        <description><![CDATA[Konum: Merkez Mahallesi Yanışlı Gülnar / MERSİN, Mersin, Türkiye<br>İlçe: Gülnar<br>Marka: MYCHARGE<br>Şarj Tipi: DC<br>AC Soket: 0<br>DC Soket: 2<br>Soket Özeti: 2 × CCS<br>Maksimum Güç (kW): 1200<br>Şarj Ağı İşletmecisi: MANAS İPLİK SANAYİ VE TİCARET ANONİM ŞİRKETİ<br>İstasyon No: ŞRJ/17656<br>Adres: Merkez Mahallesi Yanışlı Gülnar / MERSİN<br>Açıklama: Marka: MYCHARGE<br>İlçe: Gülnar<br>Şarj tipi: DC<br>Soketler: 2 × CCS<br>Maksimum güç: 120.0 kW<br>Şarj ağı işletmecisi: MANAS İPLİK SANAYİ VE TİCARET ANONİM ŞİRKETİ<br>İstasyon no: ŞRJ/17656]]></description>
        <styleUrl>#icon-1899-0288D1</styleUrl>
        <ExtendedData>
          <Data name="Konum">
            <value>Merkez Mahallesi Yanışlı Gülnar / MERSİN, Mersin, Türkiye</value>
          </Data>
          <Data name="İlçe">
            <value>Gülnar</value>
          </Data>
          <Data name="Marka">
            <value>MYCHARGE</value>
          </Data>
          <Data name="Şarj Tipi">
            <value>DC</value>
          </Data>
          <Data name="AC Soket">
            <value>0.0</value>
          </Data>
          <Data name="DC Soket">
            <value>2.0</value>
          </Data>
          <Data name="Soket Özeti">
            <value>2 × CCS</value>
          </Data>
          <Data name="Maksimum Güç (kW)">
            <value>1200.0</value>
          </Data>
          <Data name="Şarj Ağı İşletmecisi">
            <value>MANAS İPLİK SANAYİ VE TİCARET ANONİM ŞİRKETİ</value>
          </Data>
          <Data name="İstasyon No">
            <value>ŞRJ/17656</value>
          </Data>
          <Data name="Adres">
            <value>Merkez Mahallesi Yanışlı Gülnar / MERSİN</value>
          </Data>
          <Data name="Açıklama">
            <value>Marka: MYCHARGE
İlçe: Gülnar
Şarj tipi: DC
Soketler: 2 × CCS
Maksimum güç: 120.0 kW
Şarj ağı işletmecisi: MANAS İPLİK SANAYİ VE TİCARET ANONİM ŞİRKETİ
İstasyon no: ŞRJ/17656</value>
          </Data>
        </ExtendedData>
      </Placemark>
      <Placemark>
        <name>DC QUEENEBA 1/2 - AC QUEENEBA 1/2/3/4/5</name>
        <address>Kargıpınar Mahallesi Atsız Sokağı Erdemli / MERSİN, Mersin, Türkiye</address>
        <description><![CDATA[Konum: Kargıpınar Mahallesi Atsız Sokağı Erdemli / MERSİN, Mersin, Türkiye<br>İlçe: Erdemli<br>Marka: MYCHARGE<br>Şarj Tipi: AC + DC<br>AC Soket: 5<br>DC Soket: 2<br>Soket Özeti: 2 × CCS, 5 × Type 2<br>Maksimum Güç (kW): 900<br>Şarj Ağı İşletmecisi: MANAS İPLİK SANAYİ VE TİCARET ANONİM ŞİRKETİ<br>İstasyon No: ŞRJ/12155<br>Adres: Kargıpınar Mahallesi Atsız Sokağı Erdemli / MERSİN<br>Açıklama: Marka: MYCHARGE<br>İlçe: Erdemli<br>Şarj tipi: AC + DC<br>Soketler: 2 × CCS, 5 × Type 2<br>Maksimum güç: 90.0 kW<br>Şarj ağı işletmecisi: MANAS İPLİK SANAYİ VE TİCARET ANONİM ŞİRKETİ<br>İstasyon no: ŞRJ/12155]]></description>
        <styleUrl>#icon-1899-0288D1</styleUrl>
        <ExtendedData>
          <Data name="Konum">
            <value>Kargıpınar Mahallesi Atsız Sokağı Erdemli / MERSİN, Mersin, Türkiye</value>
          </Data>
          <Data name="İlçe">
            <value>Erdemli</value>
          </Data>
          <Data name="Marka">
            <value>MYCHARGE</value>
          </Data>
          <Data name="Şarj Tipi">
            <value>AC + DC</value>
          </Data>
          <Data name="AC Soket">
            <value>5.0</value>
          </Data>
          <Data name="DC Soket">
            <value>2.0</value>
          </Data>
          <Data name="Soket Özeti">
            <value>2 × CCS, 5 × Type 2</value>
          </Data>
          <Data name="Maksimum Güç (kW)">
            <value>900.0</value>
          </Data>
          <Data name="Şarj Ağı İşletmecisi">
            <value>MANAS İPLİK SANAYİ VE TİCARET ANONİM ŞİRKETİ</value>
          </Data>
          <Data name="İstasyon No">
            <value>ŞRJ/12155</value>
          </Data>
          <Data name="Adres">
            <value>Kargıpınar Mahallesi Atsız Sokağı Erdemli / MERSİN</value>
          </Data>
          <Data name="Açıklama">
            <value>Marka: MYCHARGE
İlçe: Erdemli
Şarj tipi: AC + DC
Soketler: 2 × CCS, 5 × Type 2
Maksimum güç: 90.0 kW
Şarj ağı işletmecisi: MANAS İPLİK SANAYİ VE TİCARET ANONİM ŞİRKETİ
İstasyon no: ŞRJ/12155</value>
          </Data>
        </ExtendedData>
      </Placemark>
      <Placemark>
        <name>Öztürkler Petrol Mersin Yönü</name>
        <description><![CDATA[Konum: Sayköy Mahallesi Sayköy Sokağı No:202 Tarsus / MERSİN, Mersin, Türkiye<br>İlçe: Tarsus<br>Marka: zes<br>Şarj Tipi: DC<br>AC Soket: 0<br>DC Soket: 2<br>Soket Özeti: 2 × CCS<br>Maksimum Güç (kW): 4000<br>Şarj Ağı İşletmecisi: ZES DİJİTAL TİCARET ANONİM ŞİRKETİ<br>İstasyon No: ŞRJ/17702<br>Adres: Sayköy Mahallesi Sayköy Sokağı No:202 Tarsus / MERSİN<br>Açıklama: Marka: zes<br>İlçe: Tarsus<br>Şarj tipi: DC<br>Soketler: 2 × CCS<br>Maksimum güç: 400.0 kW<br>Şarj ağı işletmecisi: ZES DİJİTAL TİCARET ANONİM ŞİRKETİ<br>İstasyon no: ŞRJ/17702]]></description>
        <ExtendedData>
          <Data name="Konum">
            <value>Sayköy Mahallesi Sayköy Sokağı No:202 Tarsus / MERSİN, Mersin, Türkiye</value>
          </Data>
          <Data name="İlçe">
            <value>Tarsus</value>
          </Data>
          <Data name="Marka">
            <value>zes</value>
          </Data>
          <Data name="Şarj Tipi">
            <value>DC</value>
          </Data>
          <Data name="AC Soket">
            <value>0.0</value>
          </Data>
          <Data name="DC Soket">
            <value>2.0</value>
          </Data>
          <Data name="Soket Özeti">
            <value>2 × CCS</value>
          </Data>
          <Data name="Maksimum Güç (kW)">
            <value>4000.0</value>
          </Data>
          <Data name="Şarj Ağı İşletmecisi">
            <value>ZES DİJİTAL TİCARET ANONİM ŞİRKETİ</value>
          </Data>
          <Data name="İstasyon No">
            <value>ŞRJ/17702</value>
          </Data>
          <Data name="Adres">
            <value>Sayköy Mahallesi Sayköy Sokağı No:202 Tarsus / MERSİN</value>
          </Data>
          <Data name="Açıklama">
            <value>Marka: zes
İlçe: Tarsus
Şarj tipi: DC
Soketler: 2 × CCS
Maksimum güç: 400.0 kW
Şarj ağı işletmecisi: ZES DİJİTAL TİCARET ANONİM ŞİRKETİ
İstasyon no: ŞRJ/17702</value>
          </Data>
        </ExtendedData>
      </Placemark>
      <Placemark>
        <name>Divan Hotel Mersin</name>
        <address>Akkent Mahallesi Gazi Mustafa Kemal Sokağı No:612 Yenişehir / MERSİN, Mersin, Türkiye</address>
        <description><![CDATA[Konum: Akkent Mahallesi Gazi Mustafa Kemal Sokağı No:612 Yenişehir / MERSİN, Mersin, Türkiye<br>İlçe: Yenişehir<br>Marka: zes<br>Şarj Tipi: DC<br>AC Soket: 0<br>DC Soket: 2<br>Soket Özeti: 2 × CCS<br>Maksimum Güç (kW): 600<br>Şarj Ağı İşletmecisi: ZES DİJİTAL TİCARET ANONİM ŞİRKETİ<br>İstasyon No: ŞRJ/9895<br>Adres: Akkent Mahallesi Gazi Mustafa Kemal Sokağı No:612 Yenişehir / MERSİN<br>Açıklama: Marka: zes<br>İlçe: Yenişehir<br>Şarj tipi: DC<br>Soketler: 2 × CCS<br>Maksimum güç: 60.0 kW<br>Şarj ağı işletmecisi: ZES DİJİTAL TİCARET ANONİM ŞİRKETİ<br>İstasyon no: ŞRJ/9895]]></description>
        <styleUrl>#icon-1899-0288D1</styleUrl>
        <ExtendedData>
          <Data name="Konum">
            <value>Akkent Mahallesi Gazi Mustafa Kemal Sokağı No:612 Yenişehir / MERSİN, Mersin, Türkiye</value>
          </Data>
          <Data name="İlçe">
            <value>Yenişehir</value>
          </Data>
          <Data name="Marka">
            <value>zes</value>
          </Data>
          <Data name="Şarj Tipi">
            <value>DC</value>
          </Data>
          <Data name="AC Soket">
            <value>0.0</value>
          </Data>
          <Data name="DC Soket">
            <value>2.0</value>
          </Data>
          <Data name="Soket Özeti">
            <value>2 × CCS</value>
          </Data>
          <Data name="Maksimum Güç (kW)">
            <value>600.0</value>
          </Data>
          <Data name="Şarj Ağı İşletmecisi">
            <value>ZES DİJİTAL TİCARET ANONİM ŞİRKETİ</value>
          </Data>
          <Data name="İstasyon No">
            <value>ŞRJ/9895</value>
          </Data>
          <Data name="Adres">
            <value>Akkent Mahallesi Gazi Mustafa Kemal Sokağı No:612 Yenişehir / MERSİN</value>
          </Data>
          <Data name="Açıklama">
            <value>Marka: zes
İlçe: Yenişehir
Şarj tipi: DC
Soketler: 2 × CCS
Maksimum güç: 60.0 kW
Şarj ağı işletmecisi: ZES DİJİTAL TİCARET ANONİM ŞİRKETİ
İstasyon no: ŞRJ/9895</value>
          </Data>
        </ExtendedData>
      </Placemark>
      <Placemark>
        <name>ÖZTÜRKLER PETROL ZİYARETTEPE (G)</name>
        <address>Sayköy Mahallesi Sayköy Caddesi No:202 / 1/C Tarsus / MERSİN, Mersin, Türkiye</address>
        <description><![CDATA[Konum: Sayköy Mahallesi Sayköy Caddesi No:202 / 1/C Tarsus / MERSİN, Mersin, Türkiye<br>İlçe: Tarsus<br>Marka: ovolt<br>Şarj Tipi: DC<br>AC Soket: 0<br>DC Soket: 2<br>Soket Özeti: 2 × CCS<br>Maksimum Güç (kW): 2000<br>Şarj Ağı İşletmecisi: OVOLT ŞARJ TEKNOLOJİLERİ SANAYİ VE TİCARET ANONİM ŞİRKETİ<br>İstasyon No: ŞRJ/17781<br>Adres: Sayköy Mahallesi Sayköy Caddesi No:202 / 1/C Tarsus / MERSİN<br>Açıklama: Marka: ovolt<br>İlçe: Tarsus<br>Şarj tipi: DC<br>Soketler: 2 × CCS<br>Maksimum güç: 200.0 kW<br>Şarj ağı işletmecisi: OVOLT ŞARJ TEKNOLOJİLERİ SANAYİ VE TİCARET ANONİM ŞİRKETİ<br>İstasyon no: ŞRJ/17781]]></description>
        <styleUrl>#icon-1899-0288D1</styleUrl>
        <ExtendedData>
          <Data name="Konum">
            <value>Sayköy Mahallesi Sayköy Caddesi No:202 / 1/C Tarsus / MERSİN, Mersin, Türkiye</value>
          </Data>
          <Data name="İlçe">
            <value>Tarsus</value>
          </Data>
          <Data name="Marka">
            <value>ovolt</value>
          </Data>
          <Data name="Şarj Tipi">
            <value>DC</value>
          </Data>
          <Data name="AC Soket">
            <value>0.0</value>
          </Data>
          <Data name="DC Soket">
            <value>2.0</value>
          </Data>
          <Data name="Soket Özeti">
            <value>2 × CCS</value>
          </Data>
          <Data name="Maksimum Güç (kW)">
            <value>2000.0</value>
          </Data>
          <Data name="Şarj Ağı İşletmecisi">
            <value>OVOLT ŞARJ TEKNOLOJİLERİ SANAYİ VE TİCARET ANONİM ŞİRKETİ</value>
          </Data>
          <Data name="İstasyon No">
            <value>ŞRJ/17781</value>
          </Data>
          <Data name="Adres">
            <value>Sayköy Mahallesi Sayköy Caddesi No:202 / 1/C Tarsus / MERSİN</value>
          </Data>
          <Data name="Açıklama">
            <value>Marka: ovolt
İlçe: Tarsus
Şarj tipi: DC
Soketler: 2 × CCS
Maksimum güç: 200.0 kW
Şarj ağı işletmecisi: OVOLT ŞARJ TEKNOLOJİLERİ SANAYİ VE TİCARET ANONİM ŞİRKETİ
İstasyon no: ŞRJ/17781</value>
          </Data>
        </ExtendedData>
      </Placemark>
      <Placemark>
        <name>Fuar Alanı</name>
        <address>Akkent Mahallesi 34. Sokağı No:4 Merkez Yenişehir / MERSİN, Mersin, Türkiye</address>
        <description><![CDATA[Konum: Akkent Mahallesi 34. Sokağı No:4 Merkez Yenişehir / MERSİN, Mersin, Türkiye<br>İlçe: Yenişehir<br>Marka: Electrise<br>Şarj Tipi: DC<br>AC Soket: 0<br>DC Soket: 6<br>Soket Özeti: 6 × CCS<br>Maksimum Güç (kW): 1200<br>Şarj Ağı İşletmecisi: CHARGE TEKNOLOJİ SANAYİ VE TİCARET ANONİM ŞİRKETİ<br>İstasyon No: ŞRJ/10089<br>Adres: Akkent Mahallesi 34. Sokağı No:4 Merkez Yenişehir / MERSİN<br>Açıklama: Marka: Electrise<br>İlçe: Yenişehir<br>Şarj tipi: DC<br>Soketler: 6 × CCS<br>Maksimum güç: 120.0 kW<br>Şarj ağı işletmecisi: CHARGE TEKNOLOJİ SANAYİ VE TİCARET ANONİM ŞİRKETİ<br>İstasyon no: ŞRJ/10089]]></description>
        <styleUrl>#icon-1899-0288D1</styleUrl>
        <ExtendedData>
          <Data name="Konum">
            <value>Akkent Mahallesi 34. Sokağı No:4 Merkez Yenişehir / MERSİN, Mersin, Türkiye</value>
          </Data>
          <Data name="İlçe">
            <value>Yenişehir</value>
          </Data>
          <Data name="Marka">
            <value>Electrise</value>
          </Data>
          <Data name="Şarj Tipi">
            <value>DC</value>
          </Data>
          <Data name="AC Soket">
            <value>0.0</value>
          </Data>
          <Data name="DC Soket">
            <value>6.0</value>
          </Data>
          <Data name="Soket Özeti">
            <value>6 × CCS</value>
          </Data>
          <Data name="Maksimum Güç (kW)">
            <value>1200.0</value>
          </Data>
          <Data name="Şarj Ağı İşletmecisi">
            <value>CHARGE TEKNOLOJİ SANAYİ VE TİCARET ANONİM ŞİRKETİ</value>
          </Data>
          <Data name="İstasyon No">
            <value>ŞRJ/10089</value>
          </Data>
          <Data name="Adres">
            <value>Akkent Mahallesi 34. Sokağı No:4 Merkez Yenişehir / MERSİN</value>
          </Data>
          <Data name="Açıklama">
            <value>Marka: Electrise
İlçe: Yenişehir
Şarj tipi: DC
Soketler: 6 × CCS
Maksimum güç: 120.0 kW
Şarj ağı işletmecisi: CHARGE TEKNOLOJİ SANAYİ VE TİCARET ANONİM ŞİRKETİ
İstasyon no: ŞRJ/10089</value>
          </Data>
        </ExtendedData>
      </Placemark>
      <Placemark>
        <name>Loba Caffee Fuat Morel</name>
        <address>50. Yıl Mahallesi 2767 Sokağı No:1 Yenişehir / MERSİN, Mersin, Türkiye</address>
        <description><![CDATA[Konum: 50. Yıl Mahallesi 2767 Sokağı No:1 Yenişehir / MERSİN, Mersin, Türkiye<br>İlçe: Yenişehir<br>Marka: AUTOVOLT<br>Şarj Tipi: AC<br>AC Soket: 1<br>DC Soket: 0<br>Soket Özeti: 1 × Type 2<br>Maksimum Güç (kW): 220<br>Şarj Ağı İşletmecisi: AUTOVOLT ENERJİ TEKNOLOJİ SİSTEMLERİ İTHALAT İHRACAT SANAYİ VE TİCARET LİMİTED ŞİRKETİ<br>İstasyon No: ŞRJ/17827<br>Adres: 50. Yıl Mahallesi 2767 Sokağı No:1 Yenişehir / MERSİN<br>Açıklama: Marka: AUTOVOLT<br>İlçe: Yenişehir<br>Şarj tipi: AC<br>Soketler: 1 × Type 2<br>Maksimum güç: 22.0 kW<br>Şarj ağı işletmecisi: AUTOVOLT ENERJİ TEKNOLOJİ SİSTEMLERİ İTHALAT İHRACAT SANAYİ VE TİCARET LİMİTED ŞİRKETİ<br>İstasyon no: ŞRJ/17827]]></description>
        <styleUrl>#icon-1899-0288D1</styleUrl>
        <ExtendedData>
          <Data name="Konum">
            <value>50. Yıl Mahallesi 2767 Sokağı No:1 Yenişehir / MERSİN, Mersin, Türkiye</value>
          </Data>
          <Data name="İlçe">
            <value>Yenişehir</value>
          </Data>
          <Data name="Marka">
            <value>AUTOVOLT</value>
          </Data>
          <Data name="Şarj Tipi">
            <value>AC</value>
          </Data>
          <Data name="AC Soket">
            <value>1.0</value>
          </Data>
          <Data name="DC Soket">
            <value>0.0</value>
          </Data>
          <Data name="Soket Özeti">
            <value>1 × Type 2</value>
          </Data>
          <Data name="Maksimum Güç (kW)">
            <value>220.0</value>
          </Data>
          <Data name="Şarj Ağı İşletmecisi">
            <value>AUTOVOLT ENERJİ TEKNOLOJİ SİSTEMLERİ İTHALAT İHRACAT SANAYİ VE TİCARET LİMİTED ŞİRKETİ</value>
          </Data>
          <Data name="İstasyon No">
            <value>ŞRJ/17827</value>
          </Data>
          <Data name="Adres">
            <value>50. Yıl Mahallesi 2767 Sokağı No:1 Yenişehir / MERSİN</value>
          </Data>
          <Data name="Açıklama">
            <value>Marka: AUTOVOLT
İlçe: Yenişehir
Şarj tipi: AC
Soketler: 1 × Type 2
Maksimum güç: 22.0 kW
Şarj ağı işletmecisi: AUTOVOLT ENERJİ TEKNOLOJİ SİSTEMLERİ İTHALAT İHRACAT SANAYİ VE TİCARET LİMİTED ŞİRKETİ
İstasyon no: ŞRJ/17827</value>
          </Data>
        </ExtendedData>
      </Placemark>
      <Placemark>
        <name>İstikbal Öztopraklar</name>
        <address>Yeni Mahallesi 33180 Sokağı No:39 Mezitli / MERSİN, Mersin, Türkiye</address>
        <description><![CDATA[Konum: Yeni Mahallesi 33180 Sokağı No:39 Mezitli / MERSİN, Mersin, Türkiye<br>İlçe: Mezitli<br>Marka: AUTOVOLT<br>Şarj Tipi: AC + DC<br>AC Soket: 1<br>DC Soket: 1<br>Soket Özeti: 1 × CCS, 1 × Type 2<br>Maksimum Güç (kW): 600<br>Şarj Ağı İşletmecisi: AUTOVOLT ENERJİ TEKNOLOJİ SİSTEMLERİ İTHALAT İHRACAT SANAYİ VE TİCARET LİMİTED ŞİRKETİ<br>İstasyon No: ŞRJ/17833<br>Adres: Yeni Mahallesi 33180 Sokağı No:39 Mezitli / MERSİN<br>Açıklama: Marka: AUTOVOLT<br>İlçe: Mezitli<br>Şarj tipi: AC + DC<br>Soketler: 1 × CCS, 1 × Type 2<br>Maksimum güç: 60.0 kW<br>Şarj ağı işletmecisi: AUTOVOLT ENERJİ TEKNOLOJİ SİSTEMLERİ İTHALAT İHRACAT SANAYİ VE TİCARET LİMİTED ŞİRKETİ<br>İstasyon no: ŞRJ/17833]]></description>
        <styleUrl>#icon-1899-0288D1</styleUrl>
        <ExtendedData>
          <Data name="Konum">
            <value>Yeni Mahallesi 33180 Sokağı No:39 Mezitli / MERSİN, Mersin, Türkiye</value>
          </Data>
          <Data name="İlçe">
            <value>Mezitli</value>
          </Data>
          <Data name="Marka">
            <value>AUTOVOLT</value>
          </Data>
          <Data name="Şarj Tipi">
            <value>AC + DC</value>
          </Data>
          <Data name="AC Soket">
            <value>1.0</value>
          </Data>
          <Data name="DC Soket">
            <value>1.0</value>
          </Data>
          <Data name="Soket Özeti">
            <value>1 × CCS, 1 × Type 2</value>
          </Data>
          <Data name="Maksimum Güç (kW)">
            <value>600.0</value>
          </Data>
          <Data name="Şarj Ağı İşletmecisi">
            <value>AUTOVOLT ENERJİ TEKNOLOJİ SİSTEMLERİ İTHALAT İHRACAT SANAYİ VE TİCARET LİMİTED ŞİRKETİ</value>
          </Data>
          <Data name="İstasyon No">
            <value>ŞRJ/17833</value>
          </Data>
          <Data name="Adres">
            <value>Yeni Mahallesi 33180 Sokağı No:39 Mezitli / MERSİN</value>
          </Data>
          <Data name="Açıklama">
            <value>Marka: AUTOVOLT
İlçe: Mezitli
Şarj tipi: AC + DC
Soketler: 1 × CCS, 1 × Type 2
Maksimum güç: 60.0 kW
Şarj ağı işletmecisi: AUTOVOLT ENERJİ TEKNOLOJİ SİSTEMLERİ İTHALAT İHRACAT SANAYİ VE TİCARET LİMİTED ŞİRKETİ
İstasyon no: ŞRJ/17833</value>
          </Data>
        </ExtendedData>
      </Placemark>
      <Placemark>
        <name>Semt Yeni Köy Ofis 2</name>
        <address>Limonluk Mahallesi 2415 Sokağı No:1A Yenişehir / MERSİN, Mersin, Türkiye</address>
        <description><![CDATA[Konum: Limonluk Mahallesi 2415 Sokağı No:1A Yenişehir / MERSİN, Mersin, Türkiye<br>İlçe: Yenişehir<br>Marka: AUTOVOLT<br>Şarj Tipi: AC<br>AC Soket: 2<br>DC Soket: 0<br>Soket Özeti: 2 × Type 2<br>Maksimum Güç (kW): 220<br>Şarj Ağı İşletmecisi: AUTOVOLT ENERJİ TEKNOLOJİ SİSTEMLERİ İTHALAT İHRACAT SANAYİ VE TİCARET LİMİTED ŞİRKETİ<br>İstasyon No: ŞRJ/17838<br>Adres: Limonluk Mahallesi 2415 Sokağı No:1A Yenişehir / MERSİN<br>Açıklama: Marka: AUTOVOLT<br>İlçe: Yenişehir<br>Şarj tipi: AC<br>Soketler: 2 × Type 2<br>Maksimum güç: 22.0 kW<br>Şarj ağı işletmecisi: AUTOVOLT ENERJİ TEKNOLOJİ SİSTEMLERİ İTHALAT İHRACAT SANAYİ VE TİCARET LİMİTED ŞİRKETİ<br>İstasyon no: ŞRJ/17838]]></description>
        <styleUrl>#icon-1899-0288D1</styleUrl>
        <ExtendedData>
          <Data name="Konum">
            <value>Limonluk Mahallesi 2415 Sokağı No:1A Yenişehir / MERSİN, Mersin, Türkiye</value>
          </Data>
          <Data name="İlçe">
            <value>Yenişehir</value>
          </Data>
          <Data name="Marka">
            <value>AUTOVOLT</value>
          </Data>
          <Data name="Şarj Tipi">
            <value>AC</value>
          </Data>
          <Data name="AC Soket">
            <value>2.0</value>
          </Data>
          <Data name="DC Soket">
            <value>0.0</value>
          </Data>
          <Data name="Soket Özeti">
            <value>2 × Type 2</value>
          </Data>
          <Data name="Maksimum Güç (kW)">
            <value>220.0</value>
          </Data>
          <Data name="Şarj Ağı İşletmecisi">
            <value>AUTOVOLT ENERJİ TEKNOLOJİ SİSTEMLERİ İTHALAT İHRACAT SANAYİ VE TİCARET LİMİTED ŞİRKETİ</value>
          </Data>
          <Data name="İstasyon No">
            <value>ŞRJ/17838</value>
          </Data>
          <Data name="Adres">
            <value>Limonluk Mahallesi 2415 Sokağı No:1A Yenişehir / MERSİN</value>
          </Data>
          <Data name="Açıklama">
            <value>Marka: AUTOVOLT
İlçe: Yenişehir
Şarj tipi: AC
Soketler: 2 × Type 2
Maksimum güç: 22.0 kW
Şarj ağı işletmecisi: AUTOVOLT ENERJİ TEKNOLOJİ SİSTEMLERİ İTHALAT İHRACAT SANAYİ VE TİCARET LİMİTED ŞİRKETİ
İstasyon no: ŞRJ/17838</value>
          </Data>
        </ExtendedData>
      </Placemark>
      <Placemark>
        <name>MTM Konaklama</name>
        <address>Çiftlikköy Mahallesi 3204 Sokağı No:1A Yenişehir / MERSİN, Mersin, Türkiye</address>
        <description><![CDATA[Konum: Çiftlikköy Mahallesi 3204 Sokağı No:1A Yenişehir / MERSİN, Mersin, Türkiye<br>İlçe: Yenişehir<br>Marka: AUTOVOLT<br>Şarj Tipi: AC<br>AC Soket: 2<br>DC Soket: 0<br>Soket Özeti: 2 × Type 2<br>Maksimum Güç (kW): 220<br>Şarj Ağı İşletmecisi: AUTOVOLT ENERJİ TEKNOLOJİ SİSTEMLERİ İTHALAT İHRACAT SANAYİ VE TİCARET LİMİTED ŞİRKETİ<br>İstasyon No: ŞRJ/17854<br>Adres: Çiftlikköy Mahallesi 3204 Sokağı No:1A Yenişehir / MERSİN<br>Açıklama: Marka: AUTOVOLT<br>İlçe: Yenişehir<br>Şarj tipi: AC<br>Soketler: 2 × Type 2<br>Maksimum güç: 22.0 kW<br>Şarj ağı işletmecisi: AUTOVOLT ENERJİ TEKNOLOJİ SİSTEMLERİ İTHALAT İHRACAT SANAYİ VE TİCARET LİMİTED ŞİRKETİ<br>İstasyon no: ŞRJ/17854]]></description>
        <styleUrl>#icon-1899-0288D1</styleUrl>
        <ExtendedData>
          <Data name="Konum">
            <value>Çiftlikköy Mahallesi 3204 Sokağı No:1A Yenişehir / MERSİN, Mersin, Türkiye</value>
          </Data>
          <Data name="İlçe">
            <value>Yenişehir</value>
          </Data>
          <Data name="Marka">
            <value>AUTOVOLT</value>
          </Data>
          <Data name="Şarj Tipi">
            <value>AC</value>
          </Data>
          <Data name="AC Soket">
            <value>2.0</value>
          </Data>
          <Data name="DC Soket">
            <value>0.0</value>
          </Data>
          <Data name="Soket Özeti">
            <value>2 × Type 2</value>
          </Data>
          <Data name="Maksimum Güç (kW)">
            <value>220.0</value>
          </Data>
          <Data name="Şarj Ağı İşletmecisi">
            <value>AUTOVOLT ENERJİ TEKNOLOJİ SİSTEMLERİ İTHALAT İHRACAT SANAYİ VE TİCARET LİMİTED ŞİRKETİ</value>
          </Data>
          <Data name="İstasyon No">
            <value>ŞRJ/17854</value>
          </Data>
          <Data name="Adres">
            <value>Çiftlikköy Mahallesi 3204 Sokağı No:1A Yenişehir / MERSİN</value>
          </Data>
          <Data name="Açıklama">
            <value>Marka: AUTOVOLT
İlçe: Yenişehir
Şarj tipi: AC
Soketler: 2 × Type 2
Maksimum güç: 22.0 kW
Şarj ağı işletmecisi: AUTOVOLT ENERJİ TEKNOLOJİ SİSTEMLERİ İTHALAT İHRACAT SANAYİ VE TİCARET LİMİTED ŞİRKETİ
İstasyon no: ŞRJ/17854</value>
          </Data>
        </ExtendedData>
      </Placemark>
      <Placemark>
        <name>Akcanlar Shell Karacailyas</name>
        <address>Karacailyas Emek Mahallesi No:1/2A Akdeniz / MERSİN, Mersin, Türkiye</address>
        <description><![CDATA[Konum: Karacailyas Emek Mahallesi No:1/2A Akdeniz / MERSİN, Mersin, Türkiye<br>İlçe: Akdeniz<br>Marka: EN YAKIT<br>Şarj Tipi: DC<br>AC Soket: 0<br>DC Soket: 2<br>Soket Özeti: 2 × CCS<br>Maksimum Güç (kW): 1800<br>Şarj Ağı İşletmecisi: EN YAKIT ANONİM ŞİRKETİ<br>İstasyon No: ŞRJ/17958<br>Adres: Karacailyas Emek Mahallesi No:1/2A Akdeniz / MERSİN<br>Açıklama: Marka: EN YAKIT<br>İlçe: Akdeniz<br>Şarj tipi: DC<br>Soketler: 2 × CCS<br>Maksimum güç: 180.0 kW<br>Şarj ağı işletmecisi: EN YAKIT ANONİM ŞİRKETİ<br>İstasyon no: ŞRJ/17958]]></description>
        <styleUrl>#icon-1899-0288D1</styleUrl>
        <ExtendedData>
          <Data name="Konum">
            <value>Karacailyas Emek Mahallesi No:1/2A Akdeniz / MERSİN, Mersin, Türkiye</value>
          </Data>
          <Data name="İlçe">
            <value>Akdeniz</value>
          </Data>
          <Data name="Marka">
            <value>EN YAKIT</value>
          </Data>
          <Data name="Şarj Tipi">
            <value>DC</value>
          </Data>
          <Data name="AC Soket">
            <value>0.0</value>
          </Data>
          <Data name="DC Soket">
            <value>2.0</value>
          </Data>
          <Data name="Soket Özeti">
            <value>2 × CCS</value>
          </Data>
          <Data name="Maksimum Güç (kW)">
            <value>1800.0</value>
          </Data>
          <Data name="Şarj Ağı İşletmecisi">
            <value>EN YAKIT ANONİM ŞİRKETİ</value>
          </Data>
          <Data name="İstasyon No">
            <value>ŞRJ/17958</value>
          </Data>
          <Data name="Adres">
            <value>Karacailyas Emek Mahallesi No:1/2A Akdeniz / MERSİN</value>
          </Data>
          <Data name="Açıklama">
            <value>Marka: EN YAKIT
İlçe: Akdeniz
Şarj tipi: DC
Soketler: 2 × CCS
Maksimum güç: 180.0 kW
Şarj ağı işletmecisi: EN YAKIT ANONİM ŞİRKETİ
İstasyon no: ŞRJ/17958</value>
          </Data>
        </ExtendedData>
      </Placemark>
      <Placemark>
        <name>ASTORŞARJ MUT ÖZŞAHİNLER</name>
        <description><![CDATA[Konum: Ortaköy Mahallesi 123 Sokağı Mut / MERSİN, Mersin, Türkiye<br>İlçe: Mut<br>Marka: ASTOR<br>Şarj Tipi: DC<br>AC Soket: 0<br>DC Soket: 2<br>Soket Özeti: 2 × CCS<br>Maksimum Güç (kW): 1800<br>Şarj Ağı İşletmecisi: ASTOR ENERJİ ANONİM ŞİRKETİ<br>İstasyon No: ŞRJ/17998<br>Adres: Ortaköy Mahallesi 123 Sokağı Mut / MERSİN<br>Açıklama: Marka: ASTOR<br>İlçe: Mut<br>Şarj tipi: DC<br>Soketler: 2 × CCS<br>Maksimum güç: 180.0 kW<br>Şarj ağı işletmecisi: ASTOR ENERJİ ANONİM ŞİRKETİ<br>İstasyon no: ŞRJ/17998]]></description>
        <ExtendedData>
          <Data name="Konum">
            <value>Ortaköy Mahallesi 123 Sokağı Mut / MERSİN, Mersin, Türkiye</value>
          </Data>
          <Data name="İlçe">
            <value>Mut</value>
          </Data>
          <Data name="Marka">
            <value>ASTOR</value>
          </Data>
          <Data name="Şarj Tipi">
            <value>DC</value>
          </Data>
          <Data name="AC Soket">
            <value>0.0</value>
          </Data>
          <Data name="DC Soket">
            <value>2.0</value>
          </Data>
          <Data name="Soket Özeti">
            <value>2 × CCS</value>
          </Data>
          <Data name="Maksimum Güç (kW)">
            <value>1800.0</value>
          </Data>
          <Data name="Şarj Ağı İşletmecisi">
            <value>ASTOR ENERJİ ANONİM ŞİRKETİ</value>
          </Data>
          <Data name="İstasyon No">
            <value>ŞRJ/17998</value>
          </Data>
          <Data name="Adres">
            <value>Ortaköy Mahallesi 123 Sokağı Mut / MERSİN</value>
          </Data>
          <Data name="Açıklama">
            <value>Marka: ASTOR
İlçe: Mut
Şarj tipi: DC
Soketler: 2 × CCS
Maksimum güç: 180.0 kW
Şarj ağı işletmecisi: ASTOR ENERJİ ANONİM ŞİRKETİ
İstasyon no: ŞRJ/17998</value>
          </Data>
        </ExtendedData>
      </Placemark>
      <Placemark>
        <name>Öztürkler Petrol Adana Yönü</name>
        <description><![CDATA[Konum: Sayköy Mahallesi Sayköy Sokağı No:202 Tarsus / MERSİN, Mersin, Türkiye<br>İlçe: Tarsus<br>Marka: zes<br>Şarj Tipi: DC<br>AC Soket: 0<br>DC Soket: 4<br>Soket Özeti: 4 × CCS<br>Maksimum Güç (kW): 4000<br>Şarj Ağı İşletmecisi: ZES DİJİTAL TİCARET ANONİM ŞİRKETİ<br>İstasyon No: ŞRJ/18091<br>Adres: Sayköy Mahallesi Sayköy Sokağı No:202 Tarsus / MERSİN<br>Açıklama: Marka: zes<br>İlçe: Tarsus<br>Şarj tipi: DC<br>Soketler: 4 × CCS<br>Maksimum güç: 400.0 kW<br>Şarj ağı işletmecisi: ZES DİJİTAL TİCARET ANONİM ŞİRKETİ<br>İstasyon no: ŞRJ/18091]]></description>
        <ExtendedData>
          <Data name="Konum">
            <value>Sayköy Mahallesi Sayköy Sokağı No:202 Tarsus / MERSİN, Mersin, Türkiye</value>
          </Data>
          <Data name="İlçe">
            <value>Tarsus</value>
          </Data>
          <Data name="Marka">
            <value>zes</value>
          </Data>
          <Data name="Şarj Tipi">
            <value>DC</value>
          </Data>
          <Data name="AC Soket">
            <value>0.0</value>
          </Data>
          <Data name="DC Soket">
            <value>4.0</value>
          </Data>
          <Data name="Soket Özeti">
            <value>4 × CCS</value>
          </Data>
          <Data name="Maksimum Güç (kW)">
            <value>4000.0</value>
          </Data>
          <Data name="Şarj Ağı İşletmecisi">
            <value>ZES DİJİTAL TİCARET ANONİM ŞİRKETİ</value>
          </Data>
          <Data name="İstasyon No">
            <value>ŞRJ/18091</value>
          </Data>
          <Data name="Adres">
            <value>Sayköy Mahallesi Sayköy Sokağı No:202 Tarsus / MERSİN</value>
          </Data>
          <Data name="Açıklama">
            <value>Marka: zes
İlçe: Tarsus
Şarj tipi: DC
Soketler: 4 × CCS
Maksimum güç: 400.0 kW
Şarj ağı işletmecisi: ZES DİJİTAL TİCARET ANONİM ŞİRKETİ
İstasyon no: ŞRJ/18091</value>
          </Data>
        </ExtendedData>
      </Placemark>
      <Placemark>
        <name>Aydoğdu Opet Mezitli</name>
        <description><![CDATA[Konum: Yeni Mahallesi No:730/A Mezitli / MERSİN, Mersin, Türkiye<br>İlçe: Mezitli<br>Marka: zes<br>Şarj Tipi: DC<br>AC Soket: 0<br>DC Soket: 2<br>Soket Özeti: 2 × CCS<br>Maksimum Güç (kW): 600<br>Şarj Ağı İşletmecisi: ZES DİJİTAL TİCARET ANONİM ŞİRKETİ<br>İstasyon No: ŞRJ/18154<br>Adres: Yeni Mahallesi No:730/A Mezitli / MERSİN<br>Açıklama: Marka: zes<br>İlçe: Mezitli<br>Şarj tipi: DC<br>Soketler: 2 × CCS<br>Maksimum güç: 60.0 kW<br>Şarj ağı işletmecisi: ZES DİJİTAL TİCARET ANONİM ŞİRKETİ<br>İstasyon no: ŞRJ/18154]]></description>
        <ExtendedData>
          <Data name="Konum">
            <value>Yeni Mahallesi No:730/A Mezitli / MERSİN, Mersin, Türkiye</value>
          </Data>
          <Data name="İlçe">
            <value>Mezitli</value>
          </Data>
          <Data name="Marka">
            <value>zes</value>
          </Data>
          <Data name="Şarj Tipi">
            <value>DC</value>
          </Data>
          <Data name="AC Soket">
            <value>0.0</value>
          </Data>
          <Data name="DC Soket">
            <value>2.0</value>
          </Data>
          <Data name="Soket Özeti">
            <value>2 × CCS</value>
          </Data>
          <Data name="Maksimum Güç (kW)">
            <value>600.0</value>
          </Data>
          <Data name="Şarj Ağı İşletmecisi">
            <value>ZES DİJİTAL TİCARET ANONİM ŞİRKETİ</value>
          </Data>
          <Data name="İstasyon No">
            <value>ŞRJ/18154</value>
          </Data>
          <Data name="Adres">
            <value>Yeni Mahallesi No:730/A Mezitli / MERSİN</value>
          </Data>
          <Data name="Açıklama">
            <value>Marka: zes
İlçe: Mezitli
Şarj tipi: DC
Soketler: 2 × CCS
Maksimum güç: 60.0 kW
Şarj ağı işletmecisi: ZES DİJİTAL TİCARET ANONİM ŞİRKETİ
İstasyon no: ŞRJ/18154</value>
          </Data>
        </ExtendedData>
      </Placemark>
      <Placemark>
        <name>Sarnıç Gıda, Mersin</name>
        <address>Darısekisi Mahallesi 113 Sokağı No:145 Toroslar / MERSİN, Mersin, Türkiye</address>
        <description><![CDATA[Konum: Darısekisi Mahallesi 113 Sokağı No:145 Toroslar / MERSİN, Mersin, Türkiye<br>İlçe: Toroslar<br>Marka: eşarj<br>Şarj Tipi: AC<br>AC Soket: 2<br>DC Soket: 0<br>Soket Özeti: 2 × Type 2<br>Maksimum Güç (kW): 220<br>Şarj Ağı İşletmecisi: EŞARJ ELEKTRİKLİ ARAÇLAR ŞARJ SİSTEMLERİ ANONİM ŞİRKETİ<br>İstasyon No: ŞRJ/18199<br>Adres: Darısekisi Mahallesi 113 Sokağı No:145 Toroslar / MERSİN<br>Açıklama: Marka: eşarj<br>İlçe: Toroslar<br>Şarj tipi: AC<br>Soketler: 2 × Type 2<br>Maksimum güç: 22.0 kW<br>Şarj ağı işletmecisi: EŞARJ ELEKTRİKLİ ARAÇLAR ŞARJ SİSTEMLERİ ANONİM ŞİRKETİ<br>İstasyon no: ŞRJ/18199]]></description>
        <styleUrl>#icon-1899-0288D1</styleUrl>
        <ExtendedData>
          <Data name="Konum">
            <value>Darısekisi Mahallesi 113 Sokağı No:145 Toroslar / MERSİN, Mersin, Türkiye</value>
          </Data>
          <Data name="İlçe">
            <value>Toroslar</value>
          </Data>
          <Data name="Marka">
            <value>eşarj</value>
          </Data>
          <Data name="Şarj Tipi">
            <value>AC</value>
          </Data>
          <Data name="AC Soket">
            <value>2.0</value>
          </Data>
          <Data name="DC Soket">
            <value>0.0</value>
          </Data>
          <Data name="Soket Özeti">
            <value>2 × Type 2</value>
          </Data>
          <Data name="Maksimum Güç (kW)">
            <value>220.0</value>
          </Data>
          <Data name="Şarj Ağı İşletmecisi">
            <value>EŞARJ ELEKTRİKLİ ARAÇLAR ŞARJ SİSTEMLERİ ANONİM ŞİRKETİ</value>
          </Data>
          <Data name="İstasyon No">
            <value>ŞRJ/18199</value>
          </Data>
          <Data name="Adres">
            <value>Darısekisi Mahallesi 113 Sokağı No:145 Toroslar / MERSİN</value>
          </Data>
          <Data name="Açıklama">
            <value>Marka: eşarj
İlçe: Toroslar
Şarj tipi: AC
Soketler: 2 × Type 2
Maksimum güç: 22.0 kW
Şarj ağı işletmecisi: EŞARJ ELEKTRİKLİ ARAÇLAR ŞARJ SİSTEMLERİ ANONİM ŞİRKETİ
İstasyon no: ŞRJ/18199</value>
          </Data>
        </ExtendedData>
      </Placemark>
      <Placemark>
        <name>ASTORŞARJ ANAMUR TEZCANLAR PETROL</name>
        <address>Bahçelievler Mahallesi Antalya Yolu Sokağı Anamur / MERSİN, Mersin, Türkiye</address>
        <description><![CDATA[Konum: Bahçelievler Mahallesi Antalya Yolu Sokağı Anamur / MERSİN, Mersin, Türkiye<br>İlçe: Anamur<br>Marka: ASTOR<br>Şarj Tipi: DC<br>AC Soket: 0<br>DC Soket: 2<br>Soket Özeti: 2 × CCS<br>Maksimum Güç (kW): 4000<br>Şarj Ağı İşletmecisi: ASTOR ENERJİ ANONİM ŞİRKETİ<br>İstasyon No: ŞRJ/18277<br>Adres: Bahçelievler Mahallesi Antalya Yolu Sokağı Anamur / MERSİN<br>Açıklama: Marka: ASTOR<br>İlçe: Anamur<br>Şarj tipi: DC<br>Soketler: 2 × CCS<br>Maksimum güç: 400.0 kW<br>Şarj ağı işletmecisi: ASTOR ENERJİ ANONİM ŞİRKETİ<br>İstasyon no: ŞRJ/18277]]></description>
        <styleUrl>#icon-1899-0288D1</styleUrl>
        <ExtendedData>
          <Data name="Konum">
            <value>Bahçelievler Mahallesi Antalya Yolu Sokağı Anamur / MERSİN, Mersin, Türkiye</value>
          </Data>
          <Data name="İlçe">
            <value>Anamur</value>
          </Data>
          <Data name="Marka">
            <value>ASTOR</value>
          </Data>
          <Data name="Şarj Tipi">
            <value>DC</value>
          </Data>
          <Data name="AC Soket">
            <value>0.0</value>
          </Data>
          <Data name="DC Soket">
            <value>2.0</value>
          </Data>
          <Data name="Soket Özeti">
            <value>2 × CCS</value>
          </Data>
          <Data name="Maksimum Güç (kW)">
            <value>4000.0</value>
          </Data>
          <Data name="Şarj Ağı İşletmecisi">
            <value>ASTOR ENERJİ ANONİM ŞİRKETİ</value>
          </Data>
          <Data name="İstasyon No">
            <value>ŞRJ/18277</value>
          </Data>
          <Data name="Adres">
            <value>Bahçelievler Mahallesi Antalya Yolu Sokağı Anamur / MERSİN</value>
          </Data>
          <Data name="Açıklama">
            <value>Marka: ASTOR
İlçe: Anamur
Şarj tipi: DC
Soketler: 2 × CCS
Maksimum güç: 400.0 kW
Şarj ağı işletmecisi: ASTOR ENERJİ ANONİM ŞİRKETİ
İstasyon no: ŞRJ/18277</value>
          </Data>
        </ExtendedData>
      </Placemark>
      <Placemark>
        <name>FN Tarım, Seyhan - DC</name>
        <address>Akdere Mahallesi (cumhuriyet)/11 Sokağı No:6/1 Merkez Silifke / MERSİN, Mersin, Türkiye</address>
        <description><![CDATA[Konum: Akdere Mahallesi (cumhuriyet)/11 Sokağı No:6/1 Merkez Silifke / MERSİN, Mersin, Türkiye<br>İlçe: Silifke<br>Marka: Otopriz<br>Şarj Tipi: DC<br>AC Soket: 0<br>DC Soket: 2<br>Soket Özeti: 2 × CCS<br>Maksimum Güç (kW): 1200<br>Şarj Ağı İşletmecisi: DİCLE KÖK ENERJİ YATIRIM ANONİM ŞİRKETİ<br>İstasyon No: ŞRJ/18306<br>Adres: Akdere Mahallesi (cumhuriyet)/11 Sokağı No:6/1 Merkez Silifke / MERSİN<br>Açıklama: Marka: Otopriz<br>İlçe: Silifke<br>Şarj tipi: DC<br>Soketler: 2 × CCS<br>Maksimum güç: 120.0 kW<br>Şarj ağı işletmecisi: DİCLE KÖK ENERJİ YATIRIM ANONİM ŞİRKETİ<br>İstasyon no: ŞRJ/18306]]></description>
        <styleUrl>#icon-1899-0288D1</styleUrl>
        <ExtendedData>
          <Data name="Konum">
            <value>Akdere Mahallesi (cumhuriyet)/11 Sokağı No:6/1 Merkez Silifke / MERSİN, Mersin, Türkiye</value>
          </Data>
          <Data name="İlçe">
            <value>Silifke</value>
          </Data>
          <Data name="Marka">
            <value>Otopriz</value>
          </Data>
          <Data name="Şarj Tipi">
            <value>DC</value>
          </Data>
          <Data name="AC Soket">
            <value>0.0</value>
          </Data>
          <Data name="DC Soket">
            <value>2.0</value>
          </Data>
          <Data name="Soket Özeti">
            <value>2 × CCS</value>
          </Data>
          <Data name="Maksimum Güç (kW)">
            <value>1200.0</value>
          </Data>
          <Data name="Şarj Ağı İşletmecisi">
            <value>DİCLE KÖK ENERJİ YATIRIM ANONİM ŞİRKETİ</value>
          </Data>
          <Data name="İstasyon No">
            <value>ŞRJ/18306</value>
          </Data>
          <Data name="Adres">
            <value>Akdere Mahallesi (cumhuriyet)/11 Sokağı No:6/1 Merkez Silifke / MERSİN</value>
          </Data>
          <Data name="Açıklama">
            <value>Marka: Otopriz
İlçe: Silifke
Şarj tipi: DC
Soketler: 2 × CCS
Maksimum güç: 120.0 kW
Şarj ağı işletmecisi: DİCLE KÖK ENERJİ YATIRIM ANONİM ŞİRKETİ
İstasyon no: ŞRJ/18306</value>
          </Data>
        </ExtendedData>
      </Placemark>
      <Placemark>
        <name>ÖZTÜRKLER PETROL ZİYARETTEPE (K)</name>
        <address>Sayköy Mahallesi Sayköy Sokağı No:202/C Tarsus / MERSİN, Mersin, Türkiye</address>
        <description><![CDATA[Konum: Sayköy Mahallesi Sayköy Sokağı No:202/C Tarsus / MERSİN, Mersin, Türkiye<br>İlçe: Tarsus<br>Marka: ovolt<br>Şarj Tipi: DC<br>AC Soket: 0<br>DC Soket: 2<br>Soket Özeti: 2 × CCS<br>Maksimum Güç (kW): 2000<br>Şarj Ağı İşletmecisi: OVOLT ŞARJ TEKNOLOJİLERİ SANAYİ VE TİCARET ANONİM ŞİRKETİ<br>İstasyon No: ŞRJ/18340<br>Adres: Sayköy Mahallesi Sayköy Sokağı No:202/C Tarsus / MERSİN<br>Açıklama: Marka: ovolt<br>İlçe: Tarsus<br>Şarj tipi: DC<br>Soketler: 2 × CCS<br>Maksimum güç: 200.0 kW<br>Şarj ağı işletmecisi: OVOLT ŞARJ TEKNOLOJİLERİ SANAYİ VE TİCARET ANONİM ŞİRKETİ<br>İstasyon no: ŞRJ/18340]]></description>
        <styleUrl>#icon-1899-0288D1</styleUrl>
        <ExtendedData>
          <Data name="Konum">
            <value>Sayköy Mahallesi Sayköy Sokağı No:202/C Tarsus / MERSİN, Mersin, Türkiye</value>
          </Data>
          <Data name="İlçe">
            <value>Tarsus</value>
          </Data>
          <Data name="Marka">
            <value>ovolt</value>
          </Data>
          <Data name="Şarj Tipi">
            <value>DC</value>
          </Data>
          <Data name="AC Soket">
            <value>0.0</value>
          </Data>
          <Data name="DC Soket">
            <value>2.0</value>
          </Data>
          <Data name="Soket Özeti">
            <value>2 × CCS</value>
          </Data>
          <Data name="Maksimum Güç (kW)">
            <value>2000.0</value>
          </Data>
          <Data name="Şarj Ağı İşletmecisi">
            <value>OVOLT ŞARJ TEKNOLOJİLERİ SANAYİ VE TİCARET ANONİM ŞİRKETİ</value>
          </Data>
          <Data name="İstasyon No">
            <value>ŞRJ/18340</value>
          </Data>
          <Data name="Adres">
            <value>Sayköy Mahallesi Sayköy Sokağı No:202/C Tarsus / MERSİN</value>
          </Data>
          <Data name="Açıklama">
            <value>Marka: ovolt
İlçe: Tarsus
Şarj tipi: DC
Soketler: 2 × CCS
Maksimum güç: 200.0 kW
Şarj ağı işletmecisi: OVOLT ŞARJ TEKNOLOJİLERİ SANAYİ VE TİCARET ANONİM ŞİRKETİ
İstasyon no: ŞRJ/18340</value>
          </Data>
        </ExtendedData>
      </Placemark>
      <Placemark>
        <name>Aldo Mersin - Audi</name>
        <description><![CDATA[Konum: 75.yıl Mahallesi No:899b Mezitli / MERSİN, Mersin, Türkiye<br>İlçe: Mezitli<br>Marka: D-Charge<br>Şarj Tipi: AC + DC<br>AC Soket: 2<br>DC Soket: 2<br>Soket Özeti: 2 × CCS, 2 × Type 2<br>Maksimum Güç (kW): 1200<br>Şarj Ağı İşletmecisi: DOĞUŞ ŞARJ SİSTEMLERİ PAZARLAMA VE TİCARET ANONİM ŞİRKETİ<br>İstasyon No: ŞRJ/10370<br>Adres: 75.yıl Mahallesi No:899b Mezitli / MERSİN<br>Açıklama: Marka: D-Charge<br>İlçe: Mezitli<br>Şarj tipi: AC + DC<br>Soketler: 2 × CCS, 2 × Type 2<br>Maksimum güç: 120.0 kW<br>Şarj ağı işletmecisi: DOĞUŞ ŞARJ SİSTEMLERİ PAZARLAMA VE TİCARET ANONİM ŞİRKETİ<br>İstasyon no: ŞRJ/10370]]></description>
        <ExtendedData>
          <Data name="Konum">
            <value>75.yıl Mahallesi No:899b Mezitli / MERSİN, Mersin, Türkiye</value>
          </Data>
          <Data name="İlçe">
            <value>Mezitli</value>
          </Data>
          <Data name="Marka">
            <value>D-Charge</value>
          </Data>
          <Data name="Şarj Tipi">
            <value>AC + DC</value>
          </Data>
          <Data name="AC Soket">
            <value>2.0</value>
          </Data>
          <Data name="DC Soket">
            <value>2.0</value>
          </Data>
          <Data name="Soket Özeti">
            <value>2 × CCS, 2 × Type 2</value>
          </Data>
          <Data name="Maksimum Güç (kW)">
            <value>1200.0</value>
          </Data>
          <Data name="Şarj Ağı İşletmecisi">
            <value>DOĞUŞ ŞARJ SİSTEMLERİ PAZARLAMA VE TİCARET ANONİM ŞİRKETİ</value>
          </Data>
          <Data name="İstasyon No">
            <value>ŞRJ/10370</value>
          </Data>
          <Data name="Adres">
            <value>75.yıl Mahallesi No:899b Mezitli / MERSİN</value>
          </Data>
          <Data name="Açıklama">
            <value>Marka: D-Charge
İlçe: Mezitli
Şarj tipi: AC + DC
Soketler: 2 × CCS, 2 × Type 2
Maksimum güç: 120.0 kW
Şarj ağı işletmecisi: DOĞUŞ ŞARJ SİSTEMLERİ PAZARLAMA VE TİCARET ANONİM ŞİRKETİ
İstasyon no: ŞRJ/10370</value>
          </Data>
        </ExtendedData>
      </Placemark>
      <Placemark>
        <name>Opat Tarsus - Volkswagen</name>
        <address>Fevzi Çakmak Mahallesi Sait Emin Polat Caddesi No:317 Tarsus / MERSİN, Mersin, Türkiye</address>
        <description><![CDATA[Konum: Fevzi Çakmak Mahallesi Sait Emin Polat Caddesi No:317 Tarsus / MERSİN, Mersin, Türkiye<br>İlçe: Tarsus<br>Marka: D-Charge<br>Şarj Tipi: AC + DC<br>AC Soket: 1<br>DC Soket: 2<br>Soket Özeti: 2 × CCS, 1 × Type 2<br>Maksimum Güç (kW): 1800<br>Şarj Ağı İşletmecisi: DOĞUŞ ŞARJ SİSTEMLERİ PAZARLAMA VE TİCARET ANONİM ŞİRKETİ<br>İstasyon No: ŞRJ/14989<br>Adres: Fevzi Çakmak Mahallesi Sait Emin Polat Caddesi No:317 Tarsus / MERSİN<br>Açıklama: Marka: D-Charge<br>İlçe: Tarsus<br>Şarj tipi: AC + DC<br>Soketler: 2 × CCS, 1 × Type 2<br>Maksimum güç: 180.0 kW<br>Şarj ağı işletmecisi: DOĞUŞ ŞARJ SİSTEMLERİ PAZARLAMA VE TİCARET ANONİM ŞİRKETİ<br>İstasyon no: ŞRJ/14989]]></description>
        <styleUrl>#icon-1899-0288D1</styleUrl>
        <ExtendedData>
          <Data name="Konum">
            <value>Fevzi Çakmak Mahallesi Sait Emin Polat Caddesi No:317 Tarsus / MERSİN, Mersin, Türkiye</value>
          </Data>
          <Data name="İlçe">
            <value>Tarsus</value>
          </Data>
          <Data name="Marka">
            <value>D-Charge</value>
          </Data>
          <Data name="Şarj Tipi">
            <value>AC + DC</value>
          </Data>
          <Data name="AC Soket">
            <value>1.0</value>
          </Data>
          <Data name="DC Soket">
            <value>2.0</value>
          </Data>
          <Data name="Soket Özeti">
            <value>2 × CCS, 1 × Type 2</value>
          </Data>
          <Data name="Maksimum Güç (kW)">
            <value>1800.0</value>
          </Data>
          <Data name="Şarj Ağı İşletmecisi">
            <value>DOĞUŞ ŞARJ SİSTEMLERİ PAZARLAMA VE TİCARET ANONİM ŞİRKETİ</value>
          </Data>
          <Data name="İstasyon No">
            <value>ŞRJ/14989</value>
          </Data>
          <Data name="Adres">
            <value>Fevzi Çakmak Mahallesi Sait Emin Polat Caddesi No:317 Tarsus / MERSİN</value>
          </Data>
          <Data name="Açıklama">
            <value>Marka: D-Charge
İlçe: Tarsus
Şarj tipi: AC + DC
Soketler: 2 × CCS, 1 × Type 2
Maksimum güç: 180.0 kW
Şarj ağı işletmecisi: DOĞUŞ ŞARJ SİSTEMLERİ PAZARLAMA VE TİCARET ANONİM ŞİRKETİ
İstasyon no: ŞRJ/14989</value>
          </Data>
        </ExtendedData>
      </Placemark>
      <Placemark>
        <name>Ata Tenis Kompleksi</name>
        <address>Limonluk Mahallesi İstemihan Talay Sokağı No:11/a Yenişehir / MERSİN, Mersin, Türkiye</address>
        <description><![CDATA[Konum: Limonluk Mahallesi İstemihan Talay Sokağı No:11/a Yenişehir / MERSİN, Mersin, Türkiye<br>İlçe: Yenişehir<br>Marka: Electrise<br>Şarj Tipi: DC<br>AC Soket: 0<br>DC Soket: 1<br>Soket Özeti: 1 × CCS<br>Maksimum Güç (kW): 300<br>Şarj Ağı İşletmecisi: CHARGE TEKNOLOJİ SANAYİ VE TİCARET ANONİM ŞİRKETİ<br>İstasyon No: ŞRJ/18421<br>Adres: Limonluk Mahallesi İstemihan Talay Sokağı No:11/a Yenişehir / MERSİN<br>Açıklama: Marka: Electrise<br>İlçe: Yenişehir<br>Şarj tipi: DC<br>Soketler: 1 × CCS<br>Maksimum güç: 30.0 kW<br>Şarj ağı işletmecisi: CHARGE TEKNOLOJİ SANAYİ VE TİCARET ANONİM ŞİRKETİ<br>İstasyon no: ŞRJ/18421]]></description>
        <styleUrl>#icon-1899-0288D1</styleUrl>
        <ExtendedData>
          <Data name="Konum">
            <value>Limonluk Mahallesi İstemihan Talay Sokağı No:11/a Yenişehir / MERSİN, Mersin, Türkiye</value>
          </Data>
          <Data name="İlçe">
            <value>Yenişehir</value>
          </Data>
          <Data name="Marka">
            <value>Electrise</value>
          </Data>
          <Data name="Şarj Tipi">
            <value>DC</value>
          </Data>
          <Data name="AC Soket">
            <value>0.0</value>
          </Data>
          <Data name="DC Soket">
            <value>1.0</value>
          </Data>
          <Data name="Soket Özeti">
            <value>1 × CCS</value>
          </Data>
          <Data name="Maksimum Güç (kW)">
            <value>300.0</value>
          </Data>
          <Data name="Şarj Ağı İşletmecisi">
            <value>CHARGE TEKNOLOJİ SANAYİ VE TİCARET ANONİM ŞİRKETİ</value>
          </Data>
          <Data name="İstasyon No">
            <value>ŞRJ/18421</value>
          </Data>
          <Data name="Adres">
            <value>Limonluk Mahallesi İstemihan Talay Sokağı No:11/a Yenişehir / MERSİN</value>
          </Data>
          <Data name="Açıklama">
            <value>Marka: Electrise
İlçe: Yenişehir
Şarj tipi: DC
Soketler: 1 × CCS
Maksimum güç: 30.0 kW
Şarj ağı işletmecisi: CHARGE TEKNOLOJİ SANAYİ VE TİCARET ANONİM ŞİRKETİ
İstasyon no: ŞRJ/18421</value>
          </Data>
        </ExtendedData>
      </Placemark>
      <Placemark>
        <name>Medicana Modern Bilimler Akademisi</name>
        <address>Hürriyet Mahallesi 1731 Sokağı No:10/A Yenişehir / MERSİN, Mersin, Türkiye</address>
        <description><![CDATA[Konum: Hürriyet Mahallesi 1731 Sokağı No:10/A Yenişehir / MERSİN, Mersin, Türkiye<br>İlçe: Yenişehir<br>Marka: EN YAKIT<br>Şarj Tipi: DC<br>AC Soket: 0<br>DC Soket: 2<br>Soket Özeti: 2 × CCS<br>Maksimum Güç (kW): 1800<br>Şarj Ağı İşletmecisi: EN YAKIT ANONİM ŞİRKETİ<br>İstasyon No: ŞRJ/16068<br>Adres: Hürriyet Mahallesi 1731 Sokağı No:10/A Yenişehir / MERSİN<br>Açıklama: Marka: EN YAKIT<br>İlçe: Yenişehir<br>Şarj tipi: DC<br>Soketler: 2 × CCS<br>Maksimum güç: 180.0 kW<br>Şarj ağı işletmecisi: EN YAKIT ANONİM ŞİRKETİ<br>İstasyon no: ŞRJ/16068]]></description>
        <styleUrl>#icon-1899-0288D1</styleUrl>
        <ExtendedData>
          <Data name="Konum">
            <value>Hürriyet Mahallesi 1731 Sokağı No:10/A Yenişehir / MERSİN, Mersin, Türkiye</value>
          </Data>
          <Data name="İlçe">
            <value>Yenişehir</value>
          </Data>
          <Data name="Marka">
            <value>EN YAKIT</value>
          </Data>
          <Data name="Şarj Tipi">
            <value>DC</value>
          </Data>
          <Data name="AC Soket">
            <value>0.0</value>
          </Data>
          <Data name="DC Soket">
            <value>2.0</value>
          </Data>
          <Data name="Soket Özeti">
            <value>2 × CCS</value>
          </Data>
          <Data name="Maksimum Güç (kW)">
            <value>1800.0</value>
          </Data>
          <Data name="Şarj Ağı İşletmecisi">
            <value>EN YAKIT ANONİM ŞİRKETİ</value>
          </Data>
          <Data name="İstasyon No">
            <value>ŞRJ/16068</value>
          </Data>
          <Data name="Adres">
            <value>Hürriyet Mahallesi 1731 Sokağı No:10/A Yenişehir / MERSİN</value>
          </Data>
          <Data name="Açıklama">
            <value>Marka: EN YAKIT
İlçe: Yenişehir
Şarj tipi: DC
Soketler: 2 × CCS
Maksimum güç: 180.0 kW
Şarj ağı işletmecisi: EN YAKIT ANONİM ŞİRKETİ
İstasyon no: ŞRJ/16068</value>
          </Data>
        </ExtendedData>
      </Placemark>
      <Placemark>
        <name>Opat Mersin - Volkswagen</name>
        <address>Akdeniz Mahallesi No:990A Mezitli / MERSİN, Mersin, Türkiye</address>
        <description><![CDATA[Konum: Akdeniz Mahallesi No:990A Mezitli / MERSİN, Mersin, Türkiye<br>İlçe: Mezitli<br>Marka: D-Charge<br>Şarj Tipi: AC + DC<br>AC Soket: 1<br>DC Soket: 2<br>Soket Özeti: 2 × CCS, 1 × Type 2<br>Maksimum Güç (kW): 1800<br>Şarj Ağı İşletmecisi: DOĞUŞ ŞARJ SİSTEMLERİ PAZARLAMA VE TİCARET ANONİM ŞİRKETİ<br>İstasyon No: ŞRJ/13572<br>Adres: Akdeniz Mahallesi No:990A Mezitli / MERSİN<br>Açıklama: Marka: D-Charge<br>İlçe: Mezitli<br>Şarj tipi: AC + DC<br>Soketler: 2 × CCS, 1 × Type 2<br>Maksimum güç: 180.0 kW<br>Şarj ağı işletmecisi: DOĞUŞ ŞARJ SİSTEMLERİ PAZARLAMA VE TİCARET ANONİM ŞİRKETİ<br>İstasyon no: ŞRJ/13572]]></description>
        <styleUrl>#icon-1899-0288D1</styleUrl>
        <ExtendedData>
          <Data name="Konum">
            <value>Akdeniz Mahallesi No:990A Mezitli / MERSİN, Mersin, Türkiye</value>
          </Data>
          <Data name="İlçe">
            <value>Mezitli</value>
          </Data>
          <Data name="Marka">
            <value>D-Charge</value>
          </Data>
          <Data name="Şarj Tipi">
            <value>AC + DC</value>
          </Data>
          <Data name="AC Soket">
            <value>1.0</value>
          </Data>
          <Data name="DC Soket">
            <value>2.0</value>
          </Data>
          <Data name="Soket Özeti">
            <value>2 × CCS, 1 × Type 2</value>
          </Data>
          <Data name="Maksimum Güç (kW)">
            <value>1800.0</value>
          </Data>
          <Data name="Şarj Ağı İşletmecisi">
            <value>DOĞUŞ ŞARJ SİSTEMLERİ PAZARLAMA VE TİCARET ANONİM ŞİRKETİ</value>
          </Data>
          <Data name="İstasyon No">
            <value>ŞRJ/13572</value>
          </Data>
          <Data name="Adres">
            <value>Akdeniz Mahallesi No:990A Mezitli / MERSİN</value>
          </Data>
          <Data name="Açıklama">
            <value>Marka: D-Charge
İlçe: Mezitli
Şarj tipi: AC + DC
Soketler: 2 × CCS, 1 × Type 2
Maksimum güç: 180.0 kW
Şarj ağı işletmecisi: DOĞUŞ ŞARJ SİSTEMLERİ PAZARLAMA VE TİCARET ANONİM ŞİRKETİ
İstasyon no: ŞRJ/13572</value>
          </Data>
        </ExtendedData>
      </Placemark>
      <Placemark>
        <name>Opet Öztürkler Mersin Yönü</name>
        <address>Sayköy Mahallesi Sayköy Sokağı No:21 Tarsus / MERSİN, Mersin, Türkiye</address>
        <description><![CDATA[Konum: Sayköy Mahallesi Sayköy Sokağı No:21 Tarsus / MERSİN, Mersin, Türkiye<br>İlçe: Tarsus<br>Marka: wat mobilite<br>Şarj Tipi: DC<br>AC Soket: 0<br>DC Soket: 4<br>Soket Özeti: 4 × CCS<br>Maksimum Güç (kW): 1800<br>Şarj Ağı İşletmecisi: WAT MOBİLİTE ÇÖZÜMLERİ TEKNOLOJİ VE TİCARET ANONİM ŞİRKETİ<br>İstasyon No: ŞRJ/18804<br>Adres: Sayköy Mahallesi Sayköy Sokağı No:21 Tarsus / MERSİN<br>Açıklama: Marka: wat mobilite<br>İlçe: Tarsus<br>Şarj tipi: DC<br>Soketler: 4 × CCS<br>Maksimum güç: 180.0 kW<br>Şarj ağı işletmecisi: WAT MOBİLİTE ÇÖZÜMLERİ TEKNOLOJİ VE TİCARET ANONİM ŞİRKETİ<br>İstasyon no: ŞRJ/18804]]></description>
        <styleUrl>#icon-1899-0288D1</styleUrl>
        <ExtendedData>
          <Data name="Konum">
            <value>Sayköy Mahallesi Sayköy Sokağı No:21 Tarsus / MERSİN, Mersin, Türkiye</value>
          </Data>
          <Data name="İlçe">
            <value>Tarsus</value>
          </Data>
          <Data name="Marka">
            <value>wat mobilite</value>
          </Data>
          <Data name="Şarj Tipi">
            <value>DC</value>
          </Data>
          <Data name="AC Soket">
            <value>0.0</value>
          </Data>
          <Data name="DC Soket">
            <value>4.0</value>
          </Data>
          <Data name="Soket Özeti">
            <value>4 × CCS</value>
          </Data>
          <Data name="Maksimum Güç (kW)">
            <value>1800.0</value>
          </Data>
          <Data name="Şarj Ağı İşletmecisi">
            <value>WAT MOBİLİTE ÇÖZÜMLERİ TEKNOLOJİ VE TİCARET ANONİM ŞİRKETİ</value>
          </Data>
          <Data name="İstasyon No">
            <value>ŞRJ/18804</value>
          </Data>
          <Data name="Adres">
            <value>Sayköy Mahallesi Sayköy Sokağı No:21 Tarsus / MERSİN</value>
          </Data>
          <Data name="Açıklama">
            <value>Marka: wat mobilite
İlçe: Tarsus
Şarj tipi: DC
Soketler: 4 × CCS
Maksimum güç: 180.0 kW
Şarj ağı işletmecisi: WAT MOBİLİTE ÇÖZÜMLERİ TEKNOLOJİ VE TİCARET ANONİM ŞİRKETİ
İstasyon no: ŞRJ/18804</value>
          </Data>
        </ExtendedData>
      </Placemark>
      <Placemark>
        <name>Opet Öztürkler Adana Yönü</name>
        <address>Sayköy Mahallesi Sayköy Sokağı Tarsus / MERSİN, Mersin, Türkiye</address>
        <description><![CDATA[Konum: Sayköy Mahallesi Sayköy Sokağı Tarsus / MERSİN, Mersin, Türkiye<br>İlçe: Tarsus<br>Marka: wat mobilite<br>Şarj Tipi: DC<br>AC Soket: 0<br>DC Soket: 4<br>Soket Özeti: 4 × CCS<br>Maksimum Güç (kW): 1800<br>Şarj Ağı İşletmecisi: WAT MOBİLİTE ÇÖZÜMLERİ TEKNOLOJİ VE TİCARET ANONİM ŞİRKETİ<br>İstasyon No: ŞRJ/18805<br>Adres: Sayköy Mahallesi Sayköy Sokağı Tarsus / MERSİN<br>Açıklama: Marka: wat mobilite<br>İlçe: Tarsus<br>Şarj tipi: DC<br>Soketler: 4 × CCS<br>Maksimum güç: 180.0 kW<br>Şarj ağı işletmecisi: WAT MOBİLİTE ÇÖZÜMLERİ TEKNOLOJİ VE TİCARET ANONİM ŞİRKETİ<br>İstasyon no: ŞRJ/18805]]></description>
        <styleUrl>#icon-1899-0288D1</styleUrl>
        <ExtendedData>
          <Data name="Konum">
            <value>Sayköy Mahallesi Sayköy Sokağı Tarsus / MERSİN, Mersin, Türkiye</value>
          </Data>
          <Data name="İlçe">
            <value>Tarsus</value>
          </Data>
          <Data name="Marka">
            <value>wat mobilite</value>
          </Data>
          <Data name="Şarj Tipi">
            <value>DC</value>
          </Data>
          <Data name="AC Soket">
            <value>0.0</value>
          </Data>
          <Data name="DC Soket">
            <value>4.0</value>
          </Data>
          <Data name="Soket Özeti">
            <value>4 × CCS</value>
          </Data>
          <Data name="Maksimum Güç (kW)">
            <value>1800.0</value>
          </Data>
          <Data name="Şarj Ağı İşletmecisi">
            <value>WAT MOBİLİTE ÇÖZÜMLERİ TEKNOLOJİ VE TİCARET ANONİM ŞİRKETİ</value>
          </Data>
          <Data name="İstasyon No">
            <value>ŞRJ/18805</value>
          </Data>
          <Data name="Adres">
            <value>Sayköy Mahallesi Sayköy Sokağı Tarsus / MERSİN</value>
          </Data>
          <Data name="Açıklama">
            <value>Marka: wat mobilite
İlçe: Tarsus
Şarj tipi: DC
Soketler: 4 × CCS
Maksimum güç: 180.0 kW
Şarj ağı işletmecisi: WAT MOBİLİTE ÇÖZÜMLERİ TEKNOLOJİ VE TİCARET ANONİM ŞİRKETİ
İstasyon no: ŞRJ/18805</value>
          </Data>
        </ExtendedData>
      </Placemark>
      <Placemark>
        <name>Marina Prestige Otel</name>
        <address>Taşucu Mahallesi Palmiye Sokağı Silifke / MERSİN, Mersin, Türkiye</address>
        <description><![CDATA[Konum: Taşucu Mahallesi Palmiye Sokağı Silifke / MERSİN, Mersin, Türkiye<br>İlçe: Silifke<br>Marka: Trugo<br>Şarj Tipi: DC<br>AC Soket: 0<br>DC Soket: 2<br>Soket Özeti: 2 × CCS<br>Maksimum Güç (kW): 2400<br>Şarj Ağı İşletmecisi: TRUGO AKILLI ŞARJ ÇÖZÜMLERİ SANAYİ VE TİCARET ANONİM ŞİRKETİ<br>İstasyon No: ŞRJ/18892<br>Adres: Taşucu Mahallesi Palmiye Sokağı Silifke / MERSİN<br>Açıklama: Marka: Trugo<br>İlçe: Silifke<br>Şarj tipi: DC<br>Soketler: 2 × CCS<br>Maksimum güç: 240.0 kW<br>Şarj ağı işletmecisi: TRUGO AKILLI ŞARJ ÇÖZÜMLERİ SANAYİ VE TİCARET ANONİM ŞİRKETİ<br>İstasyon no: ŞRJ/18892]]></description>
        <styleUrl>#icon-1899-0288D1</styleUrl>
        <ExtendedData>
          <Data name="Konum">
            <value>Taşucu Mahallesi Palmiye Sokağı Silifke / MERSİN, Mersin, Türkiye</value>
          </Data>
          <Data name="İlçe">
            <value>Silifke</value>
          </Data>
          <Data name="Marka">
            <value>Trugo</value>
          </Data>
          <Data name="Şarj Tipi">
            <value>DC</value>
          </Data>
          <Data name="AC Soket">
            <value>0.0</value>
          </Data>
          <Data name="DC Soket">
            <value>2.0</value>
          </Data>
          <Data name="Soket Özeti">
            <value>2 × CCS</value>
          </Data>
          <Data name="Maksimum Güç (kW)">
            <value>2400.0</value>
          </Data>
          <Data name="Şarj Ağı İşletmecisi">
            <value>TRUGO AKILLI ŞARJ ÇÖZÜMLERİ SANAYİ VE TİCARET ANONİM ŞİRKETİ</value>
          </Data>
          <Data name="İstasyon No">
            <value>ŞRJ/18892</value>
          </Data>
          <Data name="Adres">
            <value>Taşucu Mahallesi Palmiye Sokağı Silifke / MERSİN</value>
          </Data>
          <Data name="Açıklama">
            <value>Marka: Trugo
İlçe: Silifke
Şarj tipi: DC
Soketler: 2 × CCS
Maksimum güç: 240.0 kW
Şarj ağı işletmecisi: TRUGO AKILLI ŞARJ ÇÖZÜMLERİ SANAYİ VE TİCARET ANONİM ŞİRKETİ
İstasyon no: ŞRJ/18892</value>
          </Data>
        </ExtendedData>
      </Placemark>
      <Placemark>
        <name>Sunpet Ufuk Petrol</name>
        <description><![CDATA[Konum: Ortaköy Mahallesi Mersin Karaman Yolu Sokağı No:0 Merkez / MERSİN, Mersin, Türkiye<br>İlçe: <br>Marka: wat mobilite<br>Şarj Tipi: DC<br>AC Soket: 0<br>DC Soket: 2<br>Soket Özeti: 2 × CCS<br>Maksimum Güç (kW): 1800<br>Şarj Ağı İşletmecisi: WAT MOBİLİTE ÇÖZÜMLERİ TEKNOLOJİ VE TİCARET ANONİM ŞİRKETİ<br>İstasyon No: ŞRJ/16293<br>Adres: Ortaköy Mahallesi Mersin Karaman Yolu Sokağı No:0 Merkez / MERSİN<br>Açıklama: Marka: wat mobilite<br>İlçe: Belirsiz<br>Şarj tipi: DC<br>Soketler: 2 × CCS<br>Maksimum güç: 180.0 kW<br>Şarj ağı işletmecisi: WAT MOBİLİTE ÇÖZÜMLERİ TEKNOLOJİ VE TİCARET ANONİM ŞİRKETİ<br>İstasyon no: ŞRJ/16293]]></description>
        <ExtendedData>
          <Data name="Konum">
            <value>Ortaköy Mahallesi Mersin Karaman Yolu Sokağı No:0 Merkez / MERSİN, Mersin, Türkiye</value>
          </Data>
          <Data name="İlçe">
            <value/>
          </Data>
          <Data name="Marka">
            <value>wat mobilite</value>
          </Data>
          <Data name="Şarj Tipi">
            <value>DC</value>
          </Data>
          <Data name="AC Soket">
            <value>0.0</value>
          </Data>
          <Data name="DC Soket">
            <value>2.0</value>
          </Data>
          <Data name="Soket Özeti">
            <value>2 × CCS</value>
          </Data>
          <Data name="Maksimum Güç (kW)">
            <value>1800.0</value>
          </Data>
          <Data name="Şarj Ağı İşletmecisi">
            <value>WAT MOBİLİTE ÇÖZÜMLERİ TEKNOLOJİ VE TİCARET ANONİM ŞİRKETİ</value>
          </Data>
          <Data name="İstasyon No">
            <value>ŞRJ/16293</value>
          </Data>
          <Data name="Adres">
            <value>Ortaköy Mahallesi Mersin Karaman Yolu Sokağı No:0 Merkez / MERSİN</value>
          </Data>
          <Data name="Açıklama">
            <value>Marka: wat mobilite
İlçe: Belirsiz
Şarj tipi: DC
Soketler: 2 × CCS
Maksimum güç: 180.0 kW
Şarj ağı işletmecisi: WAT MOBİLİTE ÇÖZÜMLERİ TEKNOLOJİ VE TİCARET ANONİM ŞİRKETİ
İstasyon no: ŞRJ/16293</value>
          </Data>
        </ExtendedData>
      </Placemark>
      <Placemark>
        <name>Suphi Öner Öğretmenevi</name>
        <address>Dumlupınar Mahallesi 1524 Sokağı No:1 Yenişehir / MERSİN, Mersin, Türkiye</address>
        <description><![CDATA[Konum: Dumlupınar Mahallesi 1524 Sokağı No:1 Yenişehir / MERSİN, Mersin, Türkiye<br>İlçe: Yenişehir<br>Marka: Trugo<br>Şarj Tipi: DC<br>AC Soket: 0<br>DC Soket: 2<br>Soket Özeti: 2 × CCS<br>Maksimum Güç (kW): 1800<br>Şarj Ağı İşletmecisi: TRUGO AKILLI ŞARJ ÇÖZÜMLERİ SANAYİ VE TİCARET ANONİM ŞİRKETİ<br>İstasyon No: ŞRJ/19048<br>Adres: Dumlupınar Mahallesi 1524 Sokağı No:1 Yenişehir / MERSİN<br>Açıklama: Marka: Trugo<br>İlçe: Yenişehir<br>Şarj tipi: DC<br>Soketler: 2 × CCS<br>Maksimum güç: 180.0 kW<br>Şarj ağı işletmecisi: TRUGO AKILLI ŞARJ ÇÖZÜMLERİ SANAYİ VE TİCARET ANONİM ŞİRKETİ<br>İstasyon no: ŞRJ/19048]]></description>
        <styleUrl>#icon-1899-0288D1</styleUrl>
        <ExtendedData>
          <Data name="Konum">
            <value>Dumlupınar Mahallesi 1524 Sokağı No:1 Yenişehir / MERSİN, Mersin, Türkiye</value>
          </Data>
          <Data name="İlçe">
            <value>Yenişehir</value>
          </Data>
          <Data name="Marka">
            <value>Trugo</value>
          </Data>
          <Data name="Şarj Tipi">
            <value>DC</value>
          </Data>
          <Data name="AC Soket">
            <value>0.0</value>
          </Data>
          <Data name="DC Soket">
            <value>2.0</value>
          </Data>
          <Data name="Soket Özeti">
            <value>2 × CCS</value>
          </Data>
          <Data name="Maksimum Güç (kW)">
            <value>1800.0</value>
          </Data>
          <Data name="Şarj Ağı İşletmecisi">
            <value>TRUGO AKILLI ŞARJ ÇÖZÜMLERİ SANAYİ VE TİCARET ANONİM ŞİRKETİ</value>
          </Data>
          <Data name="İstasyon No">
            <value>ŞRJ/19048</value>
          </Data>
          <Data name="Adres">
            <value>Dumlupınar Mahallesi 1524 Sokağı No:1 Yenişehir / MERSİN</value>
          </Data>
          <Data name="Açıklama">
            <value>Marka: Trugo
İlçe: Yenişehir
Şarj tipi: DC
Soketler: 2 × CCS
Maksimum güç: 180.0 kW
Şarj ağı işletmecisi: TRUGO AKILLI ŞARJ ÇÖZÜMLERİ SANAYİ VE TİCARET ANONİM ŞİRKETİ
İstasyon no: ŞRJ/19048</value>
          </Data>
        </ExtendedData>
      </Placemark>
      <Placemark>
        <name>KAYIKÇIOĞLU TOTAL</name>
        <address>Arpaçbahşiş Mahallesi 215/1 Sokağı No:5/A Erdemli / MERSİN, Mersin, Türkiye</address>
        <description><![CDATA[Konum: Arpaçbahşiş Mahallesi 215/1 Sokağı No:5/A Erdemli / MERSİN, Mersin, Türkiye<br>İlçe: Erdemli<br>Marka: EN YAKIT<br>Şarj Tipi: DC<br>AC Soket: 0<br>DC Soket: 2<br>Soket Özeti: 2 × CCS<br>Maksimum Güç (kW): 1800<br>Şarj Ağı İşletmecisi: EN YAKIT ANONİM ŞİRKETİ<br>İstasyon No: ŞRJ/11334<br>Adres: Arpaçbahşiş Mahallesi 215/1 Sokağı No:5/A Erdemli / MERSİN<br>Açıklama: Marka: EN YAKIT<br>İlçe: Erdemli<br>Şarj tipi: DC<br>Soketler: 2 × CCS<br>Maksimum güç: 180.0 kW<br>Şarj ağı işletmecisi: EN YAKIT ANONİM ŞİRKETİ<br>İstasyon no: ŞRJ/11334]]></description>
        <styleUrl>#icon-1899-0288D1</styleUrl>
        <ExtendedData>
          <Data name="Konum">
            <value>Arpaçbahşiş Mahallesi 215/1 Sokağı No:5/A Erdemli / MERSİN, Mersin, Türkiye</value>
          </Data>
          <Data name="İlçe">
            <value>Erdemli</value>
          </Data>
          <Data name="Marka">
            <value>EN YAKIT</value>
          </Data>
          <Data name="Şarj Tipi">
            <value>DC</value>
          </Data>
          <Data name="AC Soket">
            <value>0.0</value>
          </Data>
          <Data name="DC Soket">
            <value>2.0</value>
          </Data>
          <Data name="Soket Özeti">
            <value>2 × CCS</value>
          </Data>
          <Data name="Maksimum Güç (kW)">
            <value>1800.0</value>
          </Data>
          <Data name="Şarj Ağı İşletmecisi">
            <value>EN YAKIT ANONİM ŞİRKETİ</value>
          </Data>
          <Data name="İstasyon No">
            <value>ŞRJ/11334</value>
          </Data>
          <Data name="Adres">
            <value>Arpaçbahşiş Mahallesi 215/1 Sokağı No:5/A Erdemli / MERSİN</value>
          </Data>
          <Data name="Açıklama">
            <value>Marka: EN YAKIT
İlçe: Erdemli
Şarj tipi: DC
Soketler: 2 × CCS
Maksimum güç: 180.0 kW
Şarj ağı işletmecisi: EN YAKIT ANONİM ŞİRKETİ
İstasyon no: ŞRJ/11334</value>
          </Data>
        </ExtendedData>
      </Placemark>
      <Placemark>
        <name>MERİŞ GIDA</name>
        <address>Çağdaşkent Mahallesi Mimarsinan Sokağı No:59 Toroslar / MERSİN, Mersin, Türkiye</address>
        <description><![CDATA[Konum: Çağdaşkent Mahallesi Mimarsinan Sokağı No:59 Toroslar / MERSİN, Mersin, Türkiye<br>İlçe: Toroslar<br>Marka: VOLTRUN<br>Şarj Tipi: AC<br>AC Soket: 1<br>DC Soket: 0<br>Soket Özeti: 1 × Type 2<br>Maksimum Güç (kW): 220<br>Şarj Ağı İşletmecisi: VOLTRUN ENERJİ ANONİM ŞİRKETİ<br>İstasyon No: ŞRJ/3290<br>Adres: Çağdaşkent Mahallesi Mimarsinan Sokağı No:59 Toroslar / MERSİN<br>Açıklama: Marka: VOLTRUN<br>İlçe: Toroslar<br>Şarj tipi: AC<br>Soketler: 1 × Type 2<br>Maksimum güç: 22.0 kW<br>Şarj ağı işletmecisi: VOLTRUN ENERJİ ANONİM ŞİRKETİ<br>İstasyon no: ŞRJ/3290]]></description>
        <styleUrl>#icon-1899-0288D1</styleUrl>
        <ExtendedData>
          <Data name="Konum">
            <value>Çağdaşkent Mahallesi Mimarsinan Sokağı No:59 Toroslar / MERSİN, Mersin, Türkiye</value>
          </Data>
          <Data name="İlçe">
            <value>Toroslar</value>
          </Data>
          <Data name="Marka">
            <value>VOLTRUN</value>
          </Data>
          <Data name="Şarj Tipi">
            <value>AC</value>
          </Data>
          <Data name="AC Soket">
            <value>1.0</value>
          </Data>
          <Data name="DC Soket">
            <value>0.0</value>
          </Data>
          <Data name="Soket Özeti">
            <value>1 × Type 2</value>
          </Data>
          <Data name="Maksimum Güç (kW)">
            <value>220.0</value>
          </Data>
          <Data name="Şarj Ağı İşletmecisi">
            <value>VOLTRUN ENERJİ ANONİM ŞİRKETİ</value>
          </Data>
          <Data name="İstasyon No">
            <value>ŞRJ/3290</value>
          </Data>
          <Data name="Adres">
            <value>Çağdaşkent Mahallesi Mimarsinan Sokağı No:59 Toroslar / MERSİN</value>
          </Data>
          <Data name="Açıklama">
            <value>Marka: VOLTRUN
İlçe: Toroslar
Şarj tipi: AC
Soketler: 1 × Type 2
Maksimum güç: 22.0 kW
Şarj ağı işletmecisi: VOLTRUN ENERJİ ANONİM ŞİRKETİ
İstasyon no: ŞRJ/3290</value>
          </Data>
        </ExtendedData>
      </Placemark>
      <Placemark>
        <name>SAHİL MARTI HOTEL</name>
        <address>Akdeniz Mahallesi . Caddesi No:825A Mezitli / MERSİN, Mersin, Türkiye</address>
        <description><![CDATA[Konum: Akdeniz Mahallesi . Caddesi No:825A Mezitli / MERSİN, Mersin, Türkiye<br>İlçe: Mezitli<br>Marka: VOLTRUN<br>Şarj Tipi: AC<br>AC Soket: 2<br>DC Soket: 0<br>Soket Özeti: 2 × Type 2<br>Maksimum Güç (kW): 220<br>Şarj Ağı İşletmecisi: VOLTRUN ENERJİ ANONİM ŞİRKETİ<br>İstasyon No: ŞRJ/6442<br>Adres: Akdeniz Mahallesi . Caddesi No:825A Mezitli / MERSİN<br>Açıklama: Marka: VOLTRUN<br>İlçe: Mezitli<br>Şarj tipi: AC<br>Soketler: 2 × Type 2<br>Maksimum güç: 22.0 kW<br>Şarj ağı işletmecisi: VOLTRUN ENERJİ ANONİM ŞİRKETİ<br>İstasyon no: ŞRJ/6442]]></description>
        <styleUrl>#icon-1899-0288D1</styleUrl>
        <ExtendedData>
          <Data name="Konum">
            <value>Akdeniz Mahallesi . Caddesi No:825A Mezitli / MERSİN, Mersin, Türkiye</value>
          </Data>
          <Data name="İlçe">
            <value>Mezitli</value>
          </Data>
          <Data name="Marka">
            <value>VOLTRUN</value>
          </Data>
          <Data name="Şarj Tipi">
            <value>AC</value>
          </Data>
          <Data name="AC Soket">
            <value>2.0</value>
          </Data>
          <Data name="DC Soket">
            <value>0.0</value>
          </Data>
          <Data name="Soket Özeti">
            <value>2 × Type 2</value>
          </Data>
          <Data name="Maksimum Güç (kW)">
            <value>220.0</value>
          </Data>
          <Data name="Şarj Ağı İşletmecisi">
            <value>VOLTRUN ENERJİ ANONİM ŞİRKETİ</value>
          </Data>
          <Data name="İstasyon No">
            <value>ŞRJ/6442</value>
          </Data>
          <Data name="Adres">
            <value>Akdeniz Mahallesi . Caddesi No:825A Mezitli / MERSİN</value>
          </Data>
          <Data name="Açıklama">
            <value>Marka: VOLTRUN
İlçe: Mezitli
Şarj tipi: AC
Soketler: 2 × Type 2
Maksimum güç: 22.0 kW
Şarj ağı işletmecisi: VOLTRUN ENERJİ ANONİM ŞİRKETİ
İstasyon no: ŞRJ/6442</value>
          </Data>
        </ExtendedData>
      </Placemark>
      <Placemark>
        <name><![CDATA[DORAMAR RESORT & AQUA TATİL KÖYÜ]]></name>
        <address>Kargıpınarı Mahallesi . Caddesi 53 Sokağı Erdemli / MERSİN, Mersin, Türkiye</address>
        <description><![CDATA[Konum: Kargıpınarı Mahallesi . Caddesi 53 Sokağı Erdemli / MERSİN, Mersin, Türkiye<br>İlçe: Erdemli<br>Marka: VOLTRUN<br>Şarj Tipi: AC<br>AC Soket: 2<br>DC Soket: 0<br>Soket Özeti: 2 × Type 2<br>Maksimum Güç (kW): 220<br>Şarj Ağı İşletmecisi: VOLTRUN ENERJİ ANONİM ŞİRKETİ<br>İstasyon No: ŞRJ/6477<br>Adres: Kargıpınarı Mahallesi . Caddesi 53 Sokağı Erdemli / MERSİN<br>Açıklama: Marka: VOLTRUN<br>İlçe: Erdemli<br>Şarj tipi: AC<br>Soketler: 2 × Type 2<br>Maksimum güç: 22.0 kW<br>Şarj ağı işletmecisi: VOLTRUN ENERJİ ANONİM ŞİRKETİ<br>İstasyon no: ŞRJ/6477]]></description>
        <styleUrl>#icon-1899-0288D1</styleUrl>
        <ExtendedData>
          <Data name="Konum">
            <value>Kargıpınarı Mahallesi . Caddesi 53 Sokağı Erdemli / MERSİN, Mersin, Türkiye</value>
          </Data>
          <Data name="İlçe">
            <value>Erdemli</value>
          </Data>
          <Data name="Marka">
            <value>VOLTRUN</value>
          </Data>
          <Data name="Şarj Tipi">
            <value>AC</value>
          </Data>
          <Data name="AC Soket">
            <value>2.0</value>
          </Data>
          <Data name="DC Soket">
            <value>0.0</value>
          </Data>
          <Data name="Soket Özeti">
            <value>2 × Type 2</value>
          </Data>
          <Data name="Maksimum Güç (kW)">
            <value>220.0</value>
          </Data>
          <Data name="Şarj Ağı İşletmecisi">
            <value>VOLTRUN ENERJİ ANONİM ŞİRKETİ</value>
          </Data>
          <Data name="İstasyon No">
            <value>ŞRJ/6477</value>
          </Data>
          <Data name="Adres">
            <value>Kargıpınarı Mahallesi . Caddesi 53 Sokağı Erdemli / MERSİN</value>
          </Data>
          <Data name="Açıklama">
            <value>Marka: VOLTRUN
İlçe: Erdemli
Şarj tipi: AC
Soketler: 2 × Type 2
Maksimum güç: 22.0 kW
Şarj ağı işletmecisi: VOLTRUN ENERJİ ANONİM ŞİRKETİ
İstasyon no: ŞRJ/6477</value>
          </Data>
        </ExtendedData>
      </Placemark>
      <Placemark>
        <name>HOTEL LAMOS</name>
        <address>Ayaş Mahallesi Atatürk Caddesi No:75 Erdemli / MERSİN, Mersin, Türkiye</address>
        <description><![CDATA[Konum: Ayaş Mahallesi Atatürk Caddesi No:75 Erdemli / MERSİN, Mersin, Türkiye<br>İlçe: Erdemli<br>Marka: VOLTRUN<br>Şarj Tipi: AC<br>AC Soket: 2<br>DC Soket: 0<br>Soket Özeti: 2 × Type 2<br>Maksimum Güç (kW): 220<br>Şarj Ağı İşletmecisi: VOLTRUN ENERJİ ANONİM ŞİRKETİ<br>İstasyon No: ŞRJ/7056<br>Adres: Ayaş Mahallesi Atatürk Caddesi No:75 Erdemli / MERSİN<br>Açıklama: Marka: VOLTRUN<br>İlçe: Erdemli<br>Şarj tipi: AC<br>Soketler: 2 × Type 2<br>Maksimum güç: 22.0 kW<br>Şarj ağı işletmecisi: VOLTRUN ENERJİ ANONİM ŞİRKETİ<br>İstasyon no: ŞRJ/7056]]></description>
        <styleUrl>#icon-1899-0288D1</styleUrl>
        <ExtendedData>
          <Data name="Konum">
            <value>Ayaş Mahallesi Atatürk Caddesi No:75 Erdemli / MERSİN, Mersin, Türkiye</value>
          </Data>
          <Data name="İlçe">
            <value>Erdemli</value>
          </Data>
          <Data name="Marka">
            <value>VOLTRUN</value>
          </Data>
          <Data name="Şarj Tipi">
            <value>AC</value>
          </Data>
          <Data name="AC Soket">
            <value>2.0</value>
          </Data>
          <Data name="DC Soket">
            <value>0.0</value>
          </Data>
          <Data name="Soket Özeti">
            <value>2 × Type 2</value>
          </Data>
          <Data name="Maksimum Güç (kW)">
            <value>220.0</value>
          </Data>
          <Data name="Şarj Ağı İşletmecisi">
            <value>VOLTRUN ENERJİ ANONİM ŞİRKETİ</value>
          </Data>
          <Data name="İstasyon No">
            <value>ŞRJ/7056</value>
          </Data>
          <Data name="Adres">
            <value>Ayaş Mahallesi Atatürk Caddesi No:75 Erdemli / MERSİN</value>
          </Data>
          <Data name="Açıklama">
            <value>Marka: VOLTRUN
İlçe: Erdemli
Şarj tipi: AC
Soketler: 2 × Type 2
Maksimum güç: 22.0 kW
Şarj ağı işletmecisi: VOLTRUN ENERJİ ANONİM ŞİRKETİ
İstasyon no: ŞRJ/7056</value>
          </Data>
        </ExtendedData>
      </Placemark>
      <Placemark>
        <name>HOTEL ANEMURION</name>
        <address>Merkez Mahallesi Alparslan Türkeş Sokağı No:1 Bozyazı / MERSİN, Mersin, Türkiye</address>
        <description><![CDATA[Konum: Merkez Mahallesi Alparslan Türkeş Sokağı No:1 Bozyazı / MERSİN, Mersin, Türkiye<br>İlçe: Bozyazı<br>Marka: VOLTRUN<br>Şarj Tipi: AC<br>AC Soket: 2<br>DC Soket: 0<br>Soket Özeti: 2 × Type 2<br>Maksimum Güç (kW): 110<br>Şarj Ağı İşletmecisi: VOLTRUN ENERJİ ANONİM ŞİRKETİ<br>İstasyon No: ŞRJ/9987<br>Adres: Merkez Mahallesi Alparslan Türkeş Sokağı No:1 Bozyazı / MERSİN<br>Açıklama: Marka: VOLTRUN<br>İlçe: Bozyazı<br>Şarj tipi: AC<br>Soketler: 2 × Type 2<br>Maksimum güç: 11.0 kW<br>Şarj ağı işletmecisi: VOLTRUN ENERJİ ANONİM ŞİRKETİ<br>İstasyon no: ŞRJ/9987]]></description>
        <styleUrl>#icon-1899-0288D1</styleUrl>
        <ExtendedData>
          <Data name="Konum">
            <value>Merkez Mahallesi Alparslan Türkeş Sokağı No:1 Bozyazı / MERSİN, Mersin, Türkiye</value>
          </Data>
          <Data name="İlçe">
            <value>Bozyazı</value>
          </Data>
          <Data name="Marka">
            <value>VOLTRUN</value>
          </Data>
          <Data name="Şarj Tipi">
            <value>AC</value>
          </Data>
          <Data name="AC Soket">
            <value>2.0</value>
          </Data>
          <Data name="DC Soket">
            <value>0.0</value>
          </Data>
          <Data name="Soket Özeti">
            <value>2 × Type 2</value>
          </Data>
          <Data name="Maksimum Güç (kW)">
            <value>110.0</value>
          </Data>
          <Data name="Şarj Ağı İşletmecisi">
            <value>VOLTRUN ENERJİ ANONİM ŞİRKETİ</value>
          </Data>
          <Data name="İstasyon No">
            <value>ŞRJ/9987</value>
          </Data>
          <Data name="Adres">
            <value>Merkez Mahallesi Alparslan Türkeş Sokağı No:1 Bozyazı / MERSİN</value>
          </Data>
          <Data name="Açıklama">
            <value>Marka: VOLTRUN
İlçe: Bozyazı
Şarj tipi: AC
Soketler: 2 × Type 2
Maksimum güç: 11.0 kW
Şarj ağı işletmecisi: VOLTRUN ENERJİ ANONİM ŞİRKETİ
İstasyon no: ŞRJ/9987</value>
          </Data>
        </ExtendedData>
      </Placemark>
      <Placemark>
        <name>Forum Yaşam Hastanesi</name>
        <address>Güvenevler Mahallesi 20. Caddesi No:48 A Yenişehir / MERSİN, Mersin, Türkiye</address>
        <description><![CDATA[Konum: Güvenevler Mahallesi 20. Caddesi No:48 A Yenişehir / MERSİN, Mersin, Türkiye<br>İlçe: Yenişehir<br>Marka: Trugo<br>Şarj Tipi: DC<br>AC Soket: 0<br>DC Soket: 2<br>Soket Özeti: 2 × CCS<br>Maksimum Güç (kW): 2400<br>Şarj Ağı İşletmecisi: TRUGO AKILLI ŞARJ ÇÖZÜMLERİ SANAYİ VE TİCARET ANONİM ŞİRKETİ<br>İstasyon No: ŞRJ/19300<br>Adres: Güvenevler Mahallesi 20. Caddesi No:48 A Yenişehir / MERSİN<br>Açıklama: Marka: Trugo<br>İlçe: Yenişehir<br>Şarj tipi: DC<br>Soketler: 2 × CCS<br>Maksimum güç: 240.0 kW<br>Şarj ağı işletmecisi: TRUGO AKILLI ŞARJ ÇÖZÜMLERİ SANAYİ VE TİCARET ANONİM ŞİRKETİ<br>İstasyon no: ŞRJ/19300]]></description>
        <styleUrl>#icon-1899-0288D1</styleUrl>
        <ExtendedData>
          <Data name="Konum">
            <value>Güvenevler Mahallesi 20. Caddesi No:48 A Yenişehir / MERSİN, Mersin, Türkiye</value>
          </Data>
          <Data name="İlçe">
            <value>Yenişehir</value>
          </Data>
          <Data name="Marka">
            <value>Trugo</value>
          </Data>
          <Data name="Şarj Tipi">
            <value>DC</value>
          </Data>
          <Data name="AC Soket">
            <value>0.0</value>
          </Data>
          <Data name="DC Soket">
            <value>2.0</value>
          </Data>
          <Data name="Soket Özeti">
            <value>2 × CCS</value>
          </Data>
          <Data name="Maksimum Güç (kW)">
            <value>2400.0</value>
          </Data>
          <Data name="Şarj Ağı İşletmecisi">
            <value>TRUGO AKILLI ŞARJ ÇÖZÜMLERİ SANAYİ VE TİCARET ANONİM ŞİRKETİ</value>
          </Data>
          <Data name="İstasyon No">
            <value>ŞRJ/19300</value>
          </Data>
          <Data name="Adres">
            <value>Güvenevler Mahallesi 20. Caddesi No:48 A Yenişehir / MERSİN</value>
          </Data>
          <Data name="Açıklama">
            <value>Marka: Trugo
İlçe: Yenişehir
Şarj tipi: DC
Soketler: 2 × CCS
Maksimum güç: 240.0 kW
Şarj ağı işletmecisi: TRUGO AKILLI ŞARJ ÇÖZÜMLERİ SANAYİ VE TİCARET ANONİM ŞİRKETİ
İstasyon no: ŞRJ/19300</value>
          </Data>
        </ExtendedData>
      </Placemark>
      <Placemark>
        <name>MARPESSA BLUE BEACH OTEL</name>
        <address>Yeşilovacık Mahallesi Akdeniz Sokağı No:167 Silifke / MERSİN, Mersin, Türkiye</address>
        <description><![CDATA[Konum: Yeşilovacık Mahallesi Akdeniz Sokağı No:167 Silifke / MERSİN, Mersin, Türkiye<br>İlçe: Silifke<br>Marka: VOLTRUN<br>Şarj Tipi: AC<br>AC Soket: 2<br>DC Soket: 0<br>Soket Özeti: 2 × Type 2<br>Maksimum Güç (kW): 110<br>Şarj Ağı İşletmecisi: VOLTRUN ENERJİ ANONİM ŞİRKETİ<br>İstasyon No: ŞRJ/9985<br>Adres: Yeşilovacık Mahallesi Akdeniz Sokağı No:167 Silifke / MERSİN<br>Açıklama: Marka: VOLTRUN<br>İlçe: Silifke<br>Şarj tipi: AC<br>Soketler: 2 × Type 2<br>Maksimum güç: 11.0 kW<br>Şarj ağı işletmecisi: VOLTRUN ENERJİ ANONİM ŞİRKETİ<br>İstasyon no: ŞRJ/9985]]></description>
        <styleUrl>#icon-1899-0288D1</styleUrl>
        <ExtendedData>
          <Data name="Konum">
            <value>Yeşilovacık Mahallesi Akdeniz Sokağı No:167 Silifke / MERSİN, Mersin, Türkiye</value>
          </Data>
          <Data name="İlçe">
            <value>Silifke</value>
          </Data>
          <Data name="Marka">
            <value>VOLTRUN</value>
          </Data>
          <Data name="Şarj Tipi">
            <value>AC</value>
          </Data>
          <Data name="AC Soket">
            <value>2.0</value>
          </Data>
          <Data name="DC Soket">
            <value>0.0</value>
          </Data>
          <Data name="Soket Özeti">
            <value>2 × Type 2</value>
          </Data>
          <Data name="Maksimum Güç (kW)">
            <value>110.0</value>
          </Data>
          <Data name="Şarj Ağı İşletmecisi">
            <value>VOLTRUN ENERJİ ANONİM ŞİRKETİ</value>
          </Data>
          <Data name="İstasyon No">
            <value>ŞRJ/9985</value>
          </Data>
          <Data name="Adres">
            <value>Yeşilovacık Mahallesi Akdeniz Sokağı No:167 Silifke / MERSİN</value>
          </Data>
          <Data name="Açıklama">
            <value>Marka: VOLTRUN
İlçe: Silifke
Şarj tipi: AC
Soketler: 2 × Type 2
Maksimum güç: 11.0 kW
Şarj ağı işletmecisi: VOLTRUN ENERJİ ANONİM ŞİRKETİ
İstasyon no: ŞRJ/9985</value>
          </Data>
        </ExtendedData>
      </Placemark>
      <Placemark>
        <name>ALTIN ORFOZ HOTEL</name>
        <address>Atakent Mahallesi 1 Sokağı Silifke / MERSİN, Mersin, Türkiye</address>
        <description><![CDATA[Konum: Atakent Mahallesi 1 Sokağı Silifke / MERSİN, Mersin, Türkiye<br>İlçe: Silifke<br>Marka: VOLTRUN<br>Şarj Tipi: AC<br>AC Soket: 2<br>DC Soket: 0<br>Soket Özeti: 2 × Type 2<br>Maksimum Güç (kW): 220<br>Şarj Ağı İşletmecisi: VOLTRUN ENERJİ ANONİM ŞİRKETİ<br>İstasyon No: ŞRJ/9748<br>Adres: Atakent Mahallesi 1 Sokağı Silifke / MERSİN<br>Açıklama: Marka: VOLTRUN<br>İlçe: Silifke<br>Şarj tipi: AC<br>Soketler: 2 × Type 2<br>Maksimum güç: 22.0 kW<br>Şarj ağı işletmecisi: VOLTRUN ENERJİ ANONİM ŞİRKETİ<br>İstasyon no: ŞRJ/9748]]></description>
        <styleUrl>#icon-1899-0288D1</styleUrl>
        <ExtendedData>
          <Data name="Konum">
            <value>Atakent Mahallesi 1 Sokağı Silifke / MERSİN, Mersin, Türkiye</value>
          </Data>
          <Data name="İlçe">
            <value>Silifke</value>
          </Data>
          <Data name="Marka">
            <value>VOLTRUN</value>
          </Data>
          <Data name="Şarj Tipi">
            <value>AC</value>
          </Data>
          <Data name="AC Soket">
            <value>2.0</value>
          </Data>
          <Data name="DC Soket">
            <value>0.0</value>
          </Data>
          <Data name="Soket Özeti">
            <value>2 × Type 2</value>
          </Data>
          <Data name="Maksimum Güç (kW)">
            <value>220.0</value>
          </Data>
          <Data name="Şarj Ağı İşletmecisi">
            <value>VOLTRUN ENERJİ ANONİM ŞİRKETİ</value>
          </Data>
          <Data name="İstasyon No">
            <value>ŞRJ/9748</value>
          </Data>
          <Data name="Adres">
            <value>Atakent Mahallesi 1 Sokağı Silifke / MERSİN</value>
          </Data>
          <Data name="Açıklama">
            <value>Marka: VOLTRUN
İlçe: Silifke
Şarj tipi: AC
Soketler: 2 × Type 2
Maksimum güç: 22.0 kW
Şarj ağı işletmecisi: VOLTRUN ENERJİ ANONİM ŞİRKETİ
İstasyon no: ŞRJ/9748</value>
          </Data>
        </ExtendedData>
      </Placemark>
      <Placemark>
        <name>ADMİRAL HOTEL</name>
        <address>Kızkalesi Mahallesi Ali Kiya Sokağı No:24/1 Erdemli / MERSİN, Mersin, Türkiye</address>
        <description><![CDATA[Konum: Kızkalesi Mahallesi Ali Kiya Sokağı No:24/1 Erdemli / MERSİN, Mersin, Türkiye<br>İlçe: Erdemli<br>Marka: VOLTRUN<br>Şarj Tipi: AC<br>AC Soket: 1<br>DC Soket: 0<br>Soket Özeti: 1 × Type 2<br>Maksimum Güç (kW): 220<br>Şarj Ağı İşletmecisi: VOLTRUN ENERJİ ANONİM ŞİRKETİ<br>İstasyon No: ŞRJ/10352<br>Adres: Kızkalesi Mahallesi Ali Kiya Sokağı No:24/1 Erdemli / MERSİN<br>Açıklama: Marka: VOLTRUN<br>İlçe: Erdemli<br>Şarj tipi: AC<br>Soketler: 1 × Type 2<br>Maksimum güç: 22.0 kW<br>Şarj ağı işletmecisi: VOLTRUN ENERJİ ANONİM ŞİRKETİ<br>İstasyon no: ŞRJ/10352]]></description>
        <styleUrl>#icon-1899-0288D1</styleUrl>
        <ExtendedData>
          <Data name="Konum">
            <value>Kızkalesi Mahallesi Ali Kiya Sokağı No:24/1 Erdemli / MERSİN, Mersin, Türkiye</value>
          </Data>
          <Data name="İlçe">
            <value>Erdemli</value>
          </Data>
          <Data name="Marka">
            <value>VOLTRUN</value>
          </Data>
          <Data name="Şarj Tipi">
            <value>AC</value>
          </Data>
          <Data name="AC Soket">
            <value>1.0</value>
          </Data>
          <Data name="DC Soket">
            <value>0.0</value>
          </Data>
          <Data name="Soket Özeti">
            <value>1 × Type 2</value>
          </Data>
          <Data name="Maksimum Güç (kW)">
            <value>220.0</value>
          </Data>
          <Data name="Şarj Ağı İşletmecisi">
            <value>VOLTRUN ENERJİ ANONİM ŞİRKETİ</value>
          </Data>
          <Data name="İstasyon No">
            <value>ŞRJ/10352</value>
          </Data>
          <Data name="Adres">
            <value>Kızkalesi Mahallesi Ali Kiya Sokağı No:24/1 Erdemli / MERSİN</value>
          </Data>
          <Data name="Açıklama">
            <value>Marka: VOLTRUN
İlçe: Erdemli
Şarj tipi: AC
Soketler: 1 × Type 2
Maksimum güç: 22.0 kW
Şarj ağı işletmecisi: VOLTRUN ENERJİ ANONİM ŞİRKETİ
İstasyon no: ŞRJ/10352</value>
          </Data>
        </ExtendedData>
      </Placemark>
      <Placemark>
        <name>Otopratik (Doğangü), Mersin</name>
        <address>Çilek Mahallesi 6397 Sokağı No:3 Akdeniz / MERSİN, Mersin, Türkiye</address>
        <description><![CDATA[Konum: Çilek Mahallesi 6397 Sokağı No:3 Akdeniz / MERSİN, Mersin, Türkiye<br>İlçe: Akdeniz<br>Marka: eşarj<br>Şarj Tipi: AC + DC<br>AC Soket: 1<br>DC Soket: 2<br>Soket Özeti: 2 × CCS, 1 × Type 2<br>Maksimum Güç (kW): 1200<br>Şarj Ağı İşletmecisi: EŞARJ ELEKTRİKLİ ARAÇLAR ŞARJ SİSTEMLERİ ANONİM ŞİRKETİ<br>İstasyon No: ŞRJ/19483<br>Adres: Çilek Mahallesi 6397 Sokağı No:3 Akdeniz / MERSİN<br>Açıklama: Marka: eşarj<br>İlçe: Akdeniz<br>Şarj tipi: AC + DC<br>Soketler: 2 × CCS, 1 × Type 2<br>Maksimum güç: 120.0 kW<br>Şarj ağı işletmecisi: EŞARJ ELEKTRİKLİ ARAÇLAR ŞARJ SİSTEMLERİ ANONİM ŞİRKETİ<br>İstasyon no: ŞRJ/19483]]></description>
        <styleUrl>#icon-1899-0288D1</styleUrl>
        <ExtendedData>
          <Data name="Konum">
            <value>Çilek Mahallesi 6397 Sokağı No:3 Akdeniz / MERSİN, Mersin, Türkiye</value>
          </Data>
          <Data name="İlçe">
            <value>Akdeniz</value>
          </Data>
          <Data name="Marka">
            <value>eşarj</value>
          </Data>
          <Data name="Şarj Tipi">
            <value>AC + DC</value>
          </Data>
          <Data name="AC Soket">
            <value>1.0</value>
          </Data>
          <Data name="DC Soket">
            <value>2.0</value>
          </Data>
          <Data name="Soket Özeti">
            <value>2 × CCS, 1 × Type 2</value>
          </Data>
          <Data name="Maksimum Güç (kW)">
            <value>1200.0</value>
          </Data>
          <Data name="Şarj Ağı İşletmecisi">
            <value>EŞARJ ELEKTRİKLİ ARAÇLAR ŞARJ SİSTEMLERİ ANONİM ŞİRKETİ</value>
          </Data>
          <Data name="İstasyon No">
            <value>ŞRJ/19483</value>
          </Data>
          <Data name="Adres">
            <value>Çilek Mahallesi 6397 Sokağı No:3 Akdeniz / MERSİN</value>
          </Data>
          <Data name="Açıklama">
            <value>Marka: eşarj
İlçe: Akdeniz
Şarj tipi: AC + DC
Soketler: 2 × CCS, 1 × Type 2
Maksimum güç: 120.0 kW
Şarj ağı işletmecisi: EŞARJ ELEKTRİKLİ ARAÇLAR ŞARJ SİSTEMLERİ ANONİM ŞİRKETİ
İstasyon no: ŞRJ/19483</value>
          </Data>
        </ExtendedData>
      </Placemark>
      <Placemark>
        <name>NAVONA OTEL</name>
        <address>Dumlupınar Mahallesi No:437/1 Yenişehir / MERSİN, Mersin, Türkiye</address>
        <description><![CDATA[Konum: Dumlupınar Mahallesi No:437/1 Yenişehir / MERSİN, Mersin, Türkiye<br>İlçe: Yenişehir<br>Marka: VOLTRUN<br>Şarj Tipi: AC<br>AC Soket: 1<br>DC Soket: 0<br>Soket Özeti: 1 × Type 2<br>Maksimum Güç (kW): 220<br>Şarj Ağı İşletmecisi: VOLTRUN ENERJİ ANONİM ŞİRKETİ<br>İstasyon No: ŞRJ/11130<br>Adres: Dumlupınar Mahallesi No:437/1 Yenişehir / MERSİN<br>Açıklama: Marka: VOLTRUN<br>İlçe: Yenişehir<br>Şarj tipi: AC<br>Soketler: 1 × Type 2<br>Maksimum güç: 22.0 kW<br>Şarj ağı işletmecisi: VOLTRUN ENERJİ ANONİM ŞİRKETİ<br>İstasyon no: ŞRJ/11130]]></description>
        <styleUrl>#icon-1899-0288D1</styleUrl>
        <ExtendedData>
          <Data name="Konum">
            <value>Dumlupınar Mahallesi No:437/1 Yenişehir / MERSİN, Mersin, Türkiye</value>
          </Data>
          <Data name="İlçe">
            <value>Yenişehir</value>
          </Data>
          <Data name="Marka">
            <value>VOLTRUN</value>
          </Data>
          <Data name="Şarj Tipi">
            <value>AC</value>
          </Data>
          <Data name="AC Soket">
            <value>1.0</value>
          </Data>
          <Data name="DC Soket">
            <value>0.0</value>
          </Data>
          <Data name="Soket Özeti">
            <value>1 × Type 2</value>
          </Data>
          <Data name="Maksimum Güç (kW)">
            <value>220.0</value>
          </Data>
          <Data name="Şarj Ağı İşletmecisi">
            <value>VOLTRUN ENERJİ ANONİM ŞİRKETİ</value>
          </Data>
          <Data name="İstasyon No">
            <value>ŞRJ/11130</value>
          </Data>
          <Data name="Adres">
            <value>Dumlupınar Mahallesi No:437/1 Yenişehir / MERSİN</value>
          </Data>
          <Data name="Açıklama">
            <value>Marka: VOLTRUN
İlçe: Yenişehir
Şarj tipi: AC
Soketler: 1 × Type 2
Maksimum güç: 22.0 kW
Şarj ağı işletmecisi: VOLTRUN ENERJİ ANONİM ŞİRKETİ
İstasyon no: ŞRJ/11130</value>
          </Data>
        </ExtendedData>
      </Placemark>
      <Placemark>
        <name>Olbamed Hastanesi</name>
        <address>Sarıcalar Mahallesi Desen Sokağı No:13 Silifke / MERSİN, Mersin, Türkiye</address>
        <description><![CDATA[Konum: Sarıcalar Mahallesi Desen Sokağı No:13 Silifke / MERSİN, Mersin, Türkiye<br>İlçe: Silifke<br>Marka: EN YAKIT<br>Şarj Tipi: DC<br>AC Soket: 0<br>DC Soket: 2<br>Soket Özeti: 2 × CCS<br>Maksimum Güç (kW): 1800<br>Şarj Ağı İşletmecisi: EN YAKIT ANONİM ŞİRKETİ<br>İstasyon No: ŞRJ/19813<br>Adres: Sarıcalar Mahallesi Desen Sokağı No:13 Silifke / MERSİN<br>Açıklama: Marka: EN YAKIT<br>İlçe: Silifke<br>Şarj tipi: DC<br>Soketler: 2 × CCS<br>Maksimum güç: 180.0 kW<br>Şarj ağı işletmecisi: EN YAKIT ANONİM ŞİRKETİ<br>İstasyon no: ŞRJ/19813]]></description>
        <styleUrl>#icon-1899-0288D1</styleUrl>
        <ExtendedData>
          <Data name="Konum">
            <value>Sarıcalar Mahallesi Desen Sokağı No:13 Silifke / MERSİN, Mersin, Türkiye</value>
          </Data>
          <Data name="İlçe">
            <value>Silifke</value>
          </Data>
          <Data name="Marka">
            <value>EN YAKIT</value>
          </Data>
          <Data name="Şarj Tipi">
            <value>DC</value>
          </Data>
          <Data name="AC Soket">
            <value>0.0</value>
          </Data>
          <Data name="DC Soket">
            <value>2.0</value>
          </Data>
          <Data name="Soket Özeti">
            <value>2 × CCS</value>
          </Data>
          <Data name="Maksimum Güç (kW)">
            <value>1800.0</value>
          </Data>
          <Data name="Şarj Ağı İşletmecisi">
            <value>EN YAKIT ANONİM ŞİRKETİ</value>
          </Data>
          <Data name="İstasyon No">
            <value>ŞRJ/19813</value>
          </Data>
          <Data name="Adres">
            <value>Sarıcalar Mahallesi Desen Sokağı No:13 Silifke / MERSİN</value>
          </Data>
          <Data name="Açıklama">
            <value>Marka: EN YAKIT
İlçe: Silifke
Şarj tipi: DC
Soketler: 2 × CCS
Maksimum güç: 180.0 kW
Şarj ağı işletmecisi: EN YAKIT ANONİM ŞİRKETİ
İstasyon no: ŞRJ/19813</value>
          </Data>
        </ExtendedData>
      </Placemark>
      <Placemark>
        <name>Opet Thisun</name>
        <address>Yeşilovacık Mahallesi Yeşilovacık Caddesi No:53 Silifke / MERSİN, Mersin, Türkiye</address>
        <description><![CDATA[Konum: Yeşilovacık Mahallesi Yeşilovacık Caddesi No:53 Silifke / MERSİN, Mersin, Türkiye<br>İlçe: Silifke<br>Marka: wat mobilite<br>Şarj Tipi: DC<br>AC Soket: 0<br>DC Soket: 8<br>Soket Özeti: 8 × CCS<br>Maksimum Güç (kW): 1800<br>Şarj Ağı İşletmecisi: WAT MOBİLİTE ÇÖZÜMLERİ TEKNOLOJİ VE TİCARET ANONİM ŞİRKETİ<br>İstasyon No: ŞRJ/19854<br>Adres: Yeşilovacık Mahallesi Yeşilovacık Caddesi No:53 Silifke / MERSİN<br>Açıklama: Marka: wat mobilite<br>İlçe: Silifke<br>Şarj tipi: DC<br>Soketler: 8 × CCS<br>Maksimum güç: 180.0 kW<br>Şarj ağı işletmecisi: WAT MOBİLİTE ÇÖZÜMLERİ TEKNOLOJİ VE TİCARET ANONİM ŞİRKETİ<br>İstasyon no: ŞRJ/19854]]></description>
        <styleUrl>#icon-1899-0288D1</styleUrl>
        <ExtendedData>
          <Data name="Konum">
            <value>Yeşilovacık Mahallesi Yeşilovacık Caddesi No:53 Silifke / MERSİN, Mersin, Türkiye</value>
          </Data>
          <Data name="İlçe">
            <value>Silifke</value>
          </Data>
          <Data name="Marka">
            <value>wat mobilite</value>
          </Data>
          <Data name="Şarj Tipi">
            <value>DC</value>
          </Data>
          <Data name="AC Soket">
            <value>0.0</value>
          </Data>
          <Data name="DC Soket">
            <value>8.0</value>
          </Data>
          <Data name="Soket Özeti">
            <value>8 × CCS</value>
          </Data>
          <Data name="Maksimum Güç (kW)">
            <value>1800.0</value>
          </Data>
          <Data name="Şarj Ağı İşletmecisi">
            <value>WAT MOBİLİTE ÇÖZÜMLERİ TEKNOLOJİ VE TİCARET ANONİM ŞİRKETİ</value>
          </Data>
          <Data name="İstasyon No">
            <value>ŞRJ/19854</value>
          </Data>
          <Data name="Adres">
            <value>Yeşilovacık Mahallesi Yeşilovacık Caddesi No:53 Silifke / MERSİN</value>
          </Data>
          <Data name="Açıklama">
            <value>Marka: wat mobilite
İlçe: Silifke
Şarj tipi: DC
Soketler: 8 × CCS
Maksimum güç: 180.0 kW
Şarj ağı işletmecisi: WAT MOBİLİTE ÇÖZÜMLERİ TEKNOLOJİ VE TİCARET ANONİM ŞİRKETİ
İstasyon no: ŞRJ/19854</value>
          </Data>
        </ExtendedData>
      </Placemark>
      <Placemark>
        <name>Navona Otel</name>
        <address>Dumlupınar Mahallesi Gazi Mustafa Kemal Caddesi No:437 Yenişehir / MERSİN, Mersin, Türkiye</address>
        <description><![CDATA[Konum: Dumlupınar Mahallesi Gazi Mustafa Kemal Caddesi No:437 Yenişehir / MERSİN, Mersin, Türkiye<br>İlçe: Yenişehir<br>Marka: AUTOVOLT<br>Şarj Tipi: DC<br>AC Soket: 0<br>DC Soket: 2<br>Soket Özeti: 2 × CCS<br>Maksimum Güç (kW): 1800<br>Şarj Ağı İşletmecisi: AUTOVOLT ENERJİ TEKNOLOJİ SİSTEMLERİ İTHALAT İHRACAT SANAYİ VE TİCARET LİMİTED ŞİRKETİ<br>İstasyon No: ŞRJ/19848<br>Adres: Dumlupınar Mahallesi Gazi Mustafa Kemal Caddesi No:437 Yenişehir / MERSİN<br>Açıklama: Marka: AUTOVOLT<br>İlçe: Yenişehir<br>Şarj tipi: DC<br>Soketler: 2 × CCS<br>Maksimum güç: 180.0 kW<br>Şarj ağı işletmecisi: AUTOVOLT ENERJİ TEKNOLOJİ SİSTEMLERİ İTHALAT İHRACAT SANAYİ VE TİCARET LİMİTED ŞİRKETİ<br>İstasyon no: ŞRJ/19848]]></description>
        <styleUrl>#icon-1899-0288D1</styleUrl>
        <ExtendedData>
          <Data name="Konum">
            <value>Dumlupınar Mahallesi Gazi Mustafa Kemal Caddesi No:437 Yenişehir / MERSİN, Mersin, Türkiye</value>
          </Data>
          <Data name="İlçe">
            <value>Yenişehir</value>
          </Data>
          <Data name="Marka">
            <value>AUTOVOLT</value>
          </Data>
          <Data name="Şarj Tipi">
            <value>DC</value>
          </Data>
          <Data name="AC Soket">
            <value>0.0</value>
          </Data>
          <Data name="DC Soket">
            <value>2.0</value>
          </Data>
          <Data name="Soket Özeti">
            <value>2 × CCS</value>
          </Data>
          <Data name="Maksimum Güç (kW)">
            <value>1800.0</value>
          </Data>
          <Data name="Şarj Ağı İşletmecisi">
            <value>AUTOVOLT ENERJİ TEKNOLOJİ SİSTEMLERİ İTHALAT İHRACAT SANAYİ VE TİCARET LİMİTED ŞİRKETİ</value>
          </Data>
          <Data name="İstasyon No">
            <value>ŞRJ/19848</value>
          </Data>
          <Data name="Adres">
            <value>Dumlupınar Mahallesi Gazi Mustafa Kemal Caddesi No:437 Yenişehir / MERSİN</value>
          </Data>
          <Data name="Açıklama">
            <value>Marka: AUTOVOLT
İlçe: Yenişehir
Şarj tipi: DC
Soketler: 2 × CCS
Maksimum güç: 180.0 kW
Şarj ağı işletmecisi: AUTOVOLT ENERJİ TEKNOLOJİ SİSTEMLERİ İTHALAT İHRACAT SANAYİ VE TİCARET LİMİTED ŞİRKETİ
İstasyon no: ŞRJ/19848</value>
          </Data>
        </ExtendedData>
      </Placemark>
      <Placemark>
        <name>Borusan Oto Tarsus</name>
        <address>Yenice Mahallesi Cemal Gürsel Sokağı No:160/A Tarsus / MERSİN, Mersin, Türkiye</address>
        <description><![CDATA[Konum: Yenice Mahallesi Cemal Gürsel Sokağı No:160/A Tarsus / MERSİN, Mersin, Türkiye<br>İlçe: Tarsus<br>Marka: 5 şarj<br>Şarj Tipi: AC + DC<br>AC Soket: 1<br>DC Soket: 4<br>Soket Özeti: 3 × CCS, 1 × Type 2, 1 × CHAdeMO<br>Maksimum Güç (kW): 1800<br>Şarj Ağı İşletmecisi: BORENCO ŞARJ TEKNOLOJİ YATIRIMLARI TİCARET ANONİM ŞİRKETİ<br>İstasyon No: ŞRJ/5390<br>Adres: Yenice Mahallesi Cemal Gürsel Sokağı No:160/A Tarsus / MERSİN<br>Açıklama: Marka: 5 şarj<br>İlçe: Tarsus<br>Şarj tipi: AC + DC<br>Soketler: 3 × CCS, 1 × Type 2, 1 × CHAdeMO<br>Maksimum güç: 180.0 kW<br>Şarj ağı işletmecisi: BORENCO ŞARJ TEKNOLOJİ YATIRIMLARI TİCARET ANONİM ŞİRKETİ<br>İstasyon no: ŞRJ/5390]]></description>
        <styleUrl>#icon-1899-0288D1</styleUrl>
        <ExtendedData>
          <Data name="Konum">
            <value>Yenice Mahallesi Cemal Gürsel Sokağı No:160/A Tarsus / MERSİN, Mersin, Türkiye</value>
          </Data>
          <Data name="İlçe">
            <value>Tarsus</value>
          </Data>
          <Data name="Marka">
            <value>5 şarj</value>
          </Data>
          <Data name="Şarj Tipi">
            <value>AC + DC</value>
          </Data>
          <Data name="AC Soket">
            <value>1.0</value>
          </Data>
          <Data name="DC Soket">
            <value>4.0</value>
          </Data>
          <Data name="Soket Özeti">
            <value>3 × CCS, 1 × Type 2, 1 × CHAdeMO</value>
          </Data>
          <Data name="Maksimum Güç (kW)">
            <value>1800.0</value>
          </Data>
          <Data name="Şarj Ağı İşletmecisi">
            <value>BORENCO ŞARJ TEKNOLOJİ YATIRIMLARI TİCARET ANONİM ŞİRKETİ</value>
          </Data>
          <Data name="İstasyon No">
            <value>ŞRJ/5390</value>
          </Data>
          <Data name="Adres">
            <value>Yenice Mahallesi Cemal Gürsel Sokağı No:160/A Tarsus / MERSİN</value>
          </Data>
          <Data name="Açıklama">
            <value>Marka: 5 şarj
İlçe: Tarsus
Şarj tipi: AC + DC
Soketler: 3 × CCS, 1 × Type 2, 1 × CHAdeMO
Maksimum güç: 180.0 kW
Şarj ağı işletmecisi: BORENCO ŞARJ TEKNOLOJİ YATIRIMLARI TİCARET ANONİM ŞİRKETİ
İstasyon no: ŞRJ/5390</value>
          </Data>
        </ExtendedData>
      </Placemark>
      <Placemark>
        <name>MAY LAYF PLAZA</name>
        <address>Ergenekon Mahallesi No:5 / 2 Tarsus / MERSİN, Mersin, Türkiye</address>
        <description><![CDATA[Konum: Ergenekon Mahallesi No:5 / 2 Tarsus / MERSİN, Mersin, Türkiye<br>İlçe: Tarsus<br>Marka: BÖLGEM mobilite<br>Şarj Tipi: DC<br>AC Soket: 0<br>DC Soket: 4<br>Soket Özeti: 4 × CCS<br>Maksimum Güç (kW): 1200<br>Şarj Ağı İşletmecisi: BÖLGEM MÜHENDİSLİK İNŞAAT ELEKTRİK MAKİNE SANAYİ VE TİCARET LİMİTED ŞİRKETİ<br>İstasyon No: ŞRJ/20004<br>Adres: Ergenekon Mahallesi No:5 / 2 Tarsus / MERSİN<br>Açıklama: Marka: BÖLGEM mobilite<br>İlçe: Tarsus<br>Şarj tipi: DC<br>Soketler: 4 × CCS<br>Maksimum güç: 120.0 kW<br>Şarj ağı işletmecisi: BÖLGEM MÜHENDİSLİK İNŞAAT ELEKTRİK MAKİNE SANAYİ VE TİCARET LİMİTED ŞİRKETİ<br>İstasyon no: ŞRJ/20004]]></description>
        <styleUrl>#icon-1899-0288D1</styleUrl>
        <ExtendedData>
          <Data name="Konum">
            <value>Ergenekon Mahallesi No:5 / 2 Tarsus / MERSİN, Mersin, Türkiye</value>
          </Data>
          <Data name="İlçe">
            <value>Tarsus</value>
          </Data>
          <Data name="Marka">
            <value>BÖLGEM mobilite</value>
          </Data>
          <Data name="Şarj Tipi">
            <value>DC</value>
          </Data>
          <Data name="AC Soket">
            <value>0.0</value>
          </Data>
          <Data name="DC Soket">
            <value>4.0</value>
          </Data>
          <Data name="Soket Özeti">
            <value>4 × CCS</value>
          </Data>
          <Data name="Maksimum Güç (kW)">
            <value>1200.0</value>
          </Data>
          <Data name="Şarj Ağı İşletmecisi">
            <value>BÖLGEM MÜHENDİSLİK İNŞAAT ELEKTRİK MAKİNE SANAYİ VE TİCARET LİMİTED ŞİRKETİ</value>
          </Data>
          <Data name="İstasyon No">
            <value>ŞRJ/20004</value>
          </Data>
          <Data name="Adres">
            <value>Ergenekon Mahallesi No:5 / 2 Tarsus / MERSİN</value>
          </Data>
          <Data name="Açıklama">
            <value>Marka: BÖLGEM mobilite
İlçe: Tarsus
Şarj tipi: DC
Soketler: 4 × CCS
Maksimum güç: 120.0 kW
Şarj ağı işletmecisi: BÖLGEM MÜHENDİSLİK İNŞAAT ELEKTRİK MAKİNE SANAYİ VE TİCARET LİMİTED ŞİRKETİ
İstasyon no: ŞRJ/20004</value>
          </Data>
        </ExtendedData>
      </Placemark>
      <Placemark>
        <name>Acem Mobilya, Mezitli - DC</name>
        <address>Yeni Mahallesi No:716 Mezitli / MERSİN, Mersin, Türkiye</address>
        <description><![CDATA[Konum: Yeni Mahallesi No:716 Mezitli / MERSİN, Mersin, Türkiye<br>İlçe: Mezitli<br>Marka: Otopriz<br>Şarj Tipi: DC<br>AC Soket: 0<br>DC Soket: 2<br>Soket Özeti: 2 × CCS<br>Maksimum Güç (kW): 1200<br>Şarj Ağı İşletmecisi: DİCLE KÖK ENERJİ YATIRIM ANONİM ŞİRKETİ<br>İstasyon No: ŞRJ/20006<br>Adres: Yeni Mahallesi No:716 Mezitli / MERSİN<br>Açıklama: Marka: Otopriz<br>İlçe: Mezitli<br>Şarj tipi: DC<br>Soketler: 2 × CCS<br>Maksimum güç: 120.0 kW<br>Şarj ağı işletmecisi: DİCLE KÖK ENERJİ YATIRIM ANONİM ŞİRKETİ<br>İstasyon no: ŞRJ/20006]]></description>
        <styleUrl>#icon-1899-0288D1</styleUrl>
        <ExtendedData>
          <Data name="Konum">
            <value>Yeni Mahallesi No:716 Mezitli / MERSİN, Mersin, Türkiye</value>
          </Data>
          <Data name="İlçe">
            <value>Mezitli</value>
          </Data>
          <Data name="Marka">
            <value>Otopriz</value>
          </Data>
          <Data name="Şarj Tipi">
            <value>DC</value>
          </Data>
          <Data name="AC Soket">
            <value>0.0</value>
          </Data>
          <Data name="DC Soket">
            <value>2.0</value>
          </Data>
          <Data name="Soket Özeti">
            <value>2 × CCS</value>
          </Data>
          <Data name="Maksimum Güç (kW)">
            <value>1200.0</value>
          </Data>
          <Data name="Şarj Ağı İşletmecisi">
            <value>DİCLE KÖK ENERJİ YATIRIM ANONİM ŞİRKETİ</value>
          </Data>
          <Data name="İstasyon No">
            <value>ŞRJ/20006</value>
          </Data>
          <Data name="Adres">
            <value>Yeni Mahallesi No:716 Mezitli / MERSİN</value>
          </Data>
          <Data name="Açıklama">
            <value>Marka: Otopriz
İlçe: Mezitli
Şarj tipi: DC
Soketler: 2 × CCS
Maksimum güç: 120.0 kW
Şarj ağı işletmecisi: DİCLE KÖK ENERJİ YATIRIM ANONİM ŞİRKETİ
İstasyon no: ŞRJ/20006</value>
          </Data>
        </ExtendedData>
      </Placemark>
      <Placemark>
        <name><![CDATA[GÖK YAKA MALL & OFFICE İŞ MERKEZİ]]></name>
        <address>50. Yıl Mahallesi 2756 Sokağı No:2/B Yenişehir / MERSİN, Mersin, Türkiye</address>
        <description><![CDATA[Konum: 50. Yıl Mahallesi 2756 Sokağı No:2/B Yenişehir / MERSİN, Mersin, Türkiye<br>İlçe: Yenişehir<br>Marka: ovolt<br>Şarj Tipi: DC<br>AC Soket: 0<br>DC Soket: 4<br>Soket Özeti: 4 × CCS<br>Maksimum Güç (kW): 1800<br>Şarj Ağı İşletmecisi: OVOLT ŞARJ TEKNOLOJİLERİ SANAYİ VE TİCARET ANONİM ŞİRKETİ<br>İstasyon No: ŞRJ/20008<br>Adres: 50. Yıl Mahallesi 2756 Sokağı No:2/B Yenişehir / MERSİN<br>Açıklama: Marka: ovolt<br>İlçe: Yenişehir<br>Şarj tipi: DC<br>Soketler: 4 × CCS<br>Maksimum güç: 180.0 kW<br>Şarj ağı işletmecisi: OVOLT ŞARJ TEKNOLOJİLERİ SANAYİ VE TİCARET ANONİM ŞİRKETİ<br>İstasyon no: ŞRJ/20008]]></description>
        <styleUrl>#icon-1899-0288D1</styleUrl>
        <ExtendedData>
          <Data name="Konum">
            <value>50. Yıl Mahallesi 2756 Sokağı No:2/B Yenişehir / MERSİN, Mersin, Türkiye</value>
          </Data>
          <Data name="İlçe">
            <value>Yenişehir</value>
          </Data>
          <Data name="Marka">
            <value>ovolt</value>
          </Data>
          <Data name="Şarj Tipi">
            <value>DC</value>
          </Data>
          <Data name="AC Soket">
            <value>0.0</value>
          </Data>
          <Data name="DC Soket">
            <value>4.0</value>
          </Data>
          <Data name="Soket Özeti">
            <value>4 × CCS</value>
          </Data>
          <Data name="Maksimum Güç (kW)">
            <value>1800.0</value>
          </Data>
          <Data name="Şarj Ağı İşletmecisi">
            <value>OVOLT ŞARJ TEKNOLOJİLERİ SANAYİ VE TİCARET ANONİM ŞİRKETİ</value>
          </Data>
          <Data name="İstasyon No">
            <value>ŞRJ/20008</value>
          </Data>
          <Data name="Adres">
            <value>50. Yıl Mahallesi 2756 Sokağı No:2/B Yenişehir / MERSİN</value>
          </Data>
          <Data name="Açıklama">
            <value>Marka: ovolt
İlçe: Yenişehir
Şarj tipi: DC
Soketler: 4 × CCS
Maksimum güç: 180.0 kW
Şarj ağı işletmecisi: OVOLT ŞARJ TEKNOLOJİLERİ SANAYİ VE TİCARET ANONİM ŞİRKETİ
İstasyon no: ŞRJ/20008</value>
          </Data>
        </ExtendedData>
      </Placemark>
      <Placemark>
        <name>MİGROS MERKEZ MAH MEZİTLİ MERSİN MM</name>
        <address>Merkez Mahallesi No:792A Mezitli / MERSİN, Mersin, Türkiye</address>
        <description><![CDATA[Konum: Merkez Mahallesi No:792A Mezitli / MERSİN, Mersin, Türkiye<br>İlçe: Mezitli<br>Marka: MİGGO<br>Şarj Tipi: AC<br>AC Soket: 1<br>DC Soket: 0<br>Soket Özeti: 1 × Type 2<br>Maksimum Güç (kW): 220<br>Şarj Ağı İşletmecisi: MİGEN ENERJİ VE ELEKTRİKLİ ARAÇ ŞARJ HİZMETLERİ ANONİM ŞİRKETİ<br>İstasyon No: ŞRJ/20132<br>Adres: Merkez Mahallesi No:792A Mezitli / MERSİN<br>Açıklama: Marka: MİGGO<br>İlçe: Mezitli<br>Şarj tipi: AC<br>Soketler: 1 × Type 2<br>Maksimum güç: 22.0 kW<br>Şarj ağı işletmecisi: MİGEN ENERJİ VE ELEKTRİKLİ ARAÇ ŞARJ HİZMETLERİ ANONİM ŞİRKETİ<br>İstasyon no: ŞRJ/20132]]></description>
        <styleUrl>#icon-1899-0288D1</styleUrl>
        <ExtendedData>
          <Data name="Konum">
            <value>Merkez Mahallesi No:792A Mezitli / MERSİN, Mersin, Türkiye</value>
          </Data>
          <Data name="İlçe">
            <value>Mezitli</value>
          </Data>
          <Data name="Marka">
            <value>MİGGO</value>
          </Data>
          <Data name="Şarj Tipi">
            <value>AC</value>
          </Data>
          <Data name="AC Soket">
            <value>1.0</value>
          </Data>
          <Data name="DC Soket">
            <value>0.0</value>
          </Data>
          <Data name="Soket Özeti">
            <value>1 × Type 2</value>
          </Data>
          <Data name="Maksimum Güç (kW)">
            <value>220.0</value>
          </Data>
          <Data name="Şarj Ağı İşletmecisi">
            <value>MİGEN ENERJİ VE ELEKTRİKLİ ARAÇ ŞARJ HİZMETLERİ ANONİM ŞİRKETİ</value>
          </Data>
          <Data name="İstasyon No">
            <value>ŞRJ/20132</value>
          </Data>
          <Data name="Adres">
            <value>Merkez Mahallesi No:792A Mezitli / MERSİN</value>
          </Data>
          <Data name="Açıklama">
            <value>Marka: MİGGO
İlçe: Mezitli
Şarj tipi: AC
Soketler: 1 × Type 2
Maksimum güç: 22.0 kW
Şarj ağı işletmecisi: MİGEN ENERJİ VE ELEKTRİKLİ ARAÇ ŞARJ HİZMETLERİ ANONİM ŞİRKETİ
İstasyon no: ŞRJ/20132</value>
          </Data>
        </ExtendedData>
      </Placemark>
      <Placemark>
        <name>TIRMIL (ÇOKGÜN OTOMOTİV)#BLUE ENERJİ#</name>
        <address>Çilek Mahallesi 63117 Sokağı No:2/3 Tırmıl Sanayi Sitesi Akdeniz / MERSİN, Mersin, Türkiye</address>
        <description><![CDATA[Konum: Çilek Mahallesi 63117 Sokağı No:2/3 Tırmıl Sanayi Sitesi Akdeniz / MERSİN, Mersin, Türkiye<br>İlçe: Akdeniz<br>Marka: ŞarjMatik<br>Şarj Tipi: AC<br>AC Soket: 1<br>DC Soket: 0<br>Soket Özeti: 1 × Type 2<br>Maksimum Güç (kW): 75<br>Şarj Ağı İşletmecisi: ŞARJMATİK ENERJİ BİLİŞİM LİMİTED ŞİRKETİ<br>İstasyon No: ŞRJ/4936<br>Adres: Çilek Mahallesi 63117 Sokağı No:2/3 Tırmıl Sanayi Sitesi Akdeniz / MERSİN<br>Açıklama: Marka: ŞarjMatik<br>İlçe: Akdeniz<br>Şarj tipi: AC<br>Soketler: 1 × Type 2<br>Maksimum güç: 7.5 kW<br>Şarj ağı işletmecisi: ŞARJMATİK ENERJİ BİLİŞİM LİMİTED ŞİRKETİ<br>İstasyon no: ŞRJ/4936]]></description>
        <styleUrl>#icon-1899-0288D1</styleUrl>
        <ExtendedData>
          <Data name="Konum">
            <value>Çilek Mahallesi 63117 Sokağı No:2/3 Tırmıl Sanayi Sitesi Akdeniz / MERSİN, Mersin, Türkiye</value>
          </Data>
          <Data name="İlçe">
            <value>Akdeniz</value>
          </Data>
          <Data name="Marka">
            <value>ŞarjMatik</value>
          </Data>
          <Data name="Şarj Tipi">
            <value>AC</value>
          </Data>
          <Data name="AC Soket">
            <value>1.0</value>
          </Data>
          <Data name="DC Soket">
            <value>0.0</value>
          </Data>
          <Data name="Soket Özeti">
            <value>1 × Type 2</value>
          </Data>
          <Data name="Maksimum Güç (kW)">
            <value>75.0</value>
          </Data>
          <Data name="Şarj Ağı İşletmecisi">
            <value>ŞARJMATİK ENERJİ BİLİŞİM LİMİTED ŞİRKETİ</value>
          </Data>
          <Data name="İstasyon No">
            <value>ŞRJ/4936</value>
          </Data>
          <Data name="Adres">
            <value>Çilek Mahallesi 63117 Sokağı No:2/3 Tırmıl Sanayi Sitesi Akdeniz / MERSİN</value>
          </Data>
          <Data name="Açıklama">
            <value>Marka: ŞarjMatik
İlçe: Akdeniz
Şarj tipi: AC
Soketler: 1 × Type 2
Maksimum güç: 7.5 kW
Şarj ağı işletmecisi: ŞARJMATİK ENERJİ BİLİŞİM LİMİTED ŞİRKETİ
İstasyon no: ŞRJ/4936</value>
          </Data>
        </ExtendedData>
      </Placemark>
      <Placemark>
        <name>Erçağ Dinlenme Tesisi, Mersin</name>
        <address>Tekmen Mahallesi Mersin Antalya Yolu Bozyazı / MERSİN, Mersin, Türkiye</address>
        <description><![CDATA[Konum: Tekmen Mahallesi Mersin Antalya Yolu Bozyazı / MERSİN, Mersin, Türkiye<br>İlçe: Bozyazı<br>Marka: eşarj<br>Şarj Tipi: DC<br>AC Soket: 0<br>DC Soket: 2<br>Soket Özeti: 2 × CCS<br>Maksimum Güç (kW): 1200<br>Şarj Ağı İşletmecisi: EŞARJ ELEKTRİKLİ ARAÇLAR ŞARJ SİSTEMLERİ ANONİM ŞİRKETİ<br>İstasyon No: ŞRJ/17589<br>Adres: Tekmen Mahallesi Mersin Antalya Yolu Bozyazı / MERSİN<br>Açıklama: Marka: eşarj<br>İlçe: Bozyazı<br>Şarj tipi: DC<br>Soketler: 2 × CCS<br>Maksimum güç: 120.0 kW<br>Şarj ağı işletmecisi: EŞARJ ELEKTRİKLİ ARAÇLAR ŞARJ SİSTEMLERİ ANONİM ŞİRKETİ<br>İstasyon no: ŞRJ/17589]]></description>
        <styleUrl>#icon-1899-0288D1</styleUrl>
        <ExtendedData>
          <Data name="Konum">
            <value>Tekmen Mahallesi Mersin Antalya Yolu Bozyazı / MERSİN, Mersin, Türkiye</value>
          </Data>
          <Data name="İlçe">
            <value>Bozyazı</value>
          </Data>
          <Data name="Marka">
            <value>eşarj</value>
          </Data>
          <Data name="Şarj Tipi">
            <value>DC</value>
          </Data>
          <Data name="AC Soket">
            <value>0.0</value>
          </Data>
          <Data name="DC Soket">
            <value>2.0</value>
          </Data>
          <Data name="Soket Özeti">
            <value>2 × CCS</value>
          </Data>
          <Data name="Maksimum Güç (kW)">
            <value>1200.0</value>
          </Data>
          <Data name="Şarj Ağı İşletmecisi">
            <value>EŞARJ ELEKTRİKLİ ARAÇLAR ŞARJ SİSTEMLERİ ANONİM ŞİRKETİ</value>
          </Data>
          <Data name="İstasyon No">
            <value>ŞRJ/17589</value>
          </Data>
          <Data name="Adres">
            <value>Tekmen Mahallesi Mersin Antalya Yolu Bozyazı / MERSİN</value>
          </Data>
          <Data name="Açıklama">
            <value>Marka: eşarj
İlçe: Bozyazı
Şarj tipi: DC
Soketler: 2 × CCS
Maksimum güç: 120.0 kW
Şarj ağı işletmecisi: EŞARJ ELEKTRİKLİ ARAÇLAR ŞARJ SİSTEMLERİ ANONİM ŞİRKETİ
İstasyon no: ŞRJ/17589</value>
          </Data>
        </ExtendedData>
      </Placemark>
      <Placemark>
        <name>La Bella Taşucu Kapalı Otopark</name>
        <address>Taşucu Mahallesi No:51/A Silifke / MERSİN, Mersin, Türkiye</address>
        <description><![CDATA[Konum: Taşucu Mahallesi No:51/A Silifke / MERSİN, Mersin, Türkiye<br>İlçe: Silifke<br>Marka: POWERŞARJ<br>Şarj Tipi: AC<br>AC Soket: 2<br>DC Soket: 0<br>Soket Özeti: 2 × Type 2<br>Maksimum Güç (kW): 110<br>Şarj Ağı İşletmecisi: WHITE ROSE MOTOR SANAYİ VE OTOMASYON TİCARET LİMİTED ŞİRKETİ<br>İstasyon No: ŞRJ/20422<br>Adres: Taşucu Mahallesi No:51/A Silifke / MERSİN<br>Açıklama: Marka: POWERŞARJ<br>İlçe: Silifke<br>Şarj tipi: AC<br>Soketler: 2 × Type 2<br>Maksimum güç: 11.0 kW<br>Şarj ağı işletmecisi: WHITE ROSE MOTOR SANAYİ VE OTOMASYON TİCARET LİMİTED ŞİRKETİ<br>İstasyon no: ŞRJ/20422]]></description>
        <styleUrl>#icon-1899-0288D1</styleUrl>
        <ExtendedData>
          <Data name="Konum">
            <value>Taşucu Mahallesi No:51/A Silifke / MERSİN, Mersin, Türkiye</value>
          </Data>
          <Data name="İlçe">
            <value>Silifke</value>
          </Data>
          <Data name="Marka">
            <value>POWERŞARJ</value>
          </Data>
          <Data name="Şarj Tipi">
            <value>AC</value>
          </Data>
          <Data name="AC Soket">
            <value>2.0</value>
          </Data>
          <Data name="DC Soket">
            <value>0.0</value>
          </Data>
          <Data name="Soket Özeti">
            <value>2 × Type 2</value>
          </Data>
          <Data name="Maksimum Güç (kW)">
            <value>110.0</value>
          </Data>
          <Data name="Şarj Ağı İşletmecisi">
            <value>WHITE ROSE MOTOR SANAYİ VE OTOMASYON TİCARET LİMİTED ŞİRKETİ</value>
          </Data>
          <Data name="İstasyon No">
            <value>ŞRJ/20422</value>
          </Data>
          <Data name="Adres">
            <value>Taşucu Mahallesi No:51/A Silifke / MERSİN</value>
          </Data>
          <Data name="Açıklama">
            <value>Marka: POWERŞARJ
İlçe: Silifke
Şarj tipi: AC
Soketler: 2 × Type 2
Maksimum güç: 11.0 kW
Şarj ağı işletmecisi: WHITE ROSE MOTOR SANAYİ VE OTOMASYON TİCARET LİMİTED ŞİRKETİ
İstasyon no: ŞRJ/20422</value>
          </Data>
        </ExtendedData>
      </Placemark>
      <Placemark>
        <name>GRAND BULUT HOTEL</name>
        <address>Mithatpaşa Mahallesi Gazi Mustafa Kemal Sokağı No:73 Akdeniz / MERSİN, Mersin, Türkiye</address>
        <description><![CDATA[Konum: Mithatpaşa Mahallesi Gazi Mustafa Kemal Sokağı No:73 Akdeniz / MERSİN, Mersin, Türkiye<br>İlçe: Akdeniz<br>Marka: ŞarjMatik<br>Şarj Tipi: AC<br>AC Soket: 2<br>DC Soket: 0<br>Soket Özeti: 2 × Type 2<br>Maksimum Güç (kW): 110<br>Şarj Ağı İşletmecisi: ŞARJMATİK ENERJİ BİLİŞİM LİMİTED ŞİRKETİ<br>İstasyon No: ŞRJ/12082<br>Adres: Mithatpaşa Mahallesi Gazi Mustafa Kemal Sokağı No:73 Akdeniz / MERSİN<br>Açıklama: Marka: ŞarjMatik<br>İlçe: Akdeniz<br>Şarj tipi: AC<br>Soketler: 2 × Type 2<br>Maksimum güç: 11.0 kW<br>Şarj ağı işletmecisi: ŞARJMATİK ENERJİ BİLİŞİM LİMİTED ŞİRKETİ<br>İstasyon no: ŞRJ/12082]]></description>
        <styleUrl>#icon-1899-0288D1</styleUrl>
        <ExtendedData>
          <Data name="Konum">
            <value>Mithatpaşa Mahallesi Gazi Mustafa Kemal Sokağı No:73 Akdeniz / MERSİN, Mersin, Türkiye</value>
          </Data>
          <Data name="İlçe">
            <value>Akdeniz</value>
          </Data>
          <Data name="Marka">
            <value>ŞarjMatik</value>
          </Data>
          <Data name="Şarj Tipi">
            <value>AC</value>
          </Data>
          <Data name="AC Soket">
            <value>2.0</value>
          </Data>
          <Data name="DC Soket">
            <value>0.0</value>
          </Data>
          <Data name="Soket Özeti">
            <value>2 × Type 2</value>
          </Data>
          <Data name="Maksimum Güç (kW)">
            <value>110.0</value>
          </Data>
          <Data name="Şarj Ağı İşletmecisi">
            <value>ŞARJMATİK ENERJİ BİLİŞİM LİMİTED ŞİRKETİ</value>
          </Data>
          <Data name="İstasyon No">
            <value>ŞRJ/12082</value>
          </Data>
          <Data name="Adres">
            <value>Mithatpaşa Mahallesi Gazi Mustafa Kemal Sokağı No:73 Akdeniz / MERSİN</value>
          </Data>
          <Data name="Açıklama">
            <value>Marka: ŞarjMatik
İlçe: Akdeniz
Şarj tipi: AC
Soketler: 2 × Type 2
Maksimum güç: 11.0 kW
Şarj ağı işletmecisi: ŞARJMATİK ENERJİ BİLİŞİM LİMİTED ŞİRKETİ
İstasyon no: ŞRJ/12082</value>
          </Data>
        </ExtendedData>
      </Placemark>
      <Placemark>
        <name>CUMHURİYET EVLER#BLUE ENERJİ#</name>
        <description><![CDATA[Konum: Korukent Mahallesi 96108 Sokağı No:4 /6 Toroslar / MERSİN, Mersin, Türkiye<br>İlçe: Toroslar<br>Marka: ŞarjMatik<br>Şarj Tipi: AC<br>AC Soket: 2<br>DC Soket: 0<br>Soket Özeti: 2 × Type 2<br>Maksimum Güç (kW): 50<br>Şarj Ağı İşletmecisi: ŞARJMATİK ENERJİ BİLİŞİM LİMİTED ŞİRKETİ<br>İstasyon No: ŞRJ/6582<br>Adres: Korukent Mahallesi 96108 Sokağı No:4 /6 Toroslar / MERSİN<br>Açıklama: Marka: ŞarjMatik<br>İlçe: Toroslar<br>Şarj tipi: AC<br>Soketler: 2 × Type 2<br>Maksimum güç: 5.0 kW<br>Şarj ağı işletmecisi: ŞARJMATİK ENERJİ BİLİŞİM LİMİTED ŞİRKETİ<br>İstasyon no: ŞRJ/6582]]></description>
        <ExtendedData>
          <Data name="Konum">
            <value>Korukent Mahallesi 96108 Sokağı No:4 /6 Toroslar / MERSİN, Mersin, Türkiye</value>
          </Data>
          <Data name="İlçe">
            <value>Toroslar</value>
          </Data>
          <Data name="Marka">
            <value>ŞarjMatik</value>
          </Data>
          <Data name="Şarj Tipi">
            <value>AC</value>
          </Data>
          <Data name="AC Soket">
            <value>2.0</value>
          </Data>
          <Data name="DC Soket">
            <value>0.0</value>
          </Data>
          <Data name="Soket Özeti">
            <value>2 × Type 2</value>
          </Data>
          <Data name="Maksimum Güç (kW)">
            <value>50.0</value>
          </Data>
          <Data name="Şarj Ağı İşletmecisi">
            <value>ŞARJMATİK ENERJİ BİLİŞİM LİMİTED ŞİRKETİ</value>
          </Data>
          <Data name="İstasyon No">
            <value>ŞRJ/6582</value>
          </Data>
          <Data name="Adres">
            <value>Korukent Mahallesi 96108 Sokağı No:4 /6 Toroslar / MERSİN</value>
          </Data>
          <Data name="Açıklama">
            <value>Marka: ŞarjMatik
İlçe: Toroslar
Şarj tipi: AC
Soketler: 2 × Type 2
Maksimum güç: 5.0 kW
Şarj ağı işletmecisi: ŞARJMATİK ENERJİ BİLİŞİM LİMİTED ŞİRKETİ
İstasyon no: ŞRJ/6582</value>
          </Data>
        </ExtendedData>
      </Placemark>
      <Placemark>
        <name>GENÇ FIRIN #BLEU ENERJİ#</name>
        <address>Bekirde Mahallesi Atatürk-6 Caddesi No:4 Akdeniz / MERSİN, Mersin, Türkiye</address>
        <description><![CDATA[Konum: Bekirde Mahallesi Atatürk-6 Caddesi No:4 Akdeniz / MERSİN, Mersin, Türkiye<br>İlçe: Akdeniz<br>Marka: ŞarjMatik<br>Şarj Tipi: AC<br>AC Soket: 2<br>DC Soket: 0<br>Soket Özeti: 2 × Type 2<br>Maksimum Güç (kW): 74<br>Şarj Ağı İşletmecisi: ŞARJMATİK ENERJİ BİLİŞİM LİMİTED ŞİRKETİ<br>İstasyon No: ŞRJ/4734<br>Adres: Bekirde Mahallesi Atatürk-6 Caddesi No:4 Akdeniz / MERSİN<br>Açıklama: Marka: ŞarjMatik<br>İlçe: Akdeniz<br>Şarj tipi: AC<br>Soketler: 2 × Type 2<br>Maksimum güç: 7.4 kW<br>Şarj ağı işletmecisi: ŞARJMATİK ENERJİ BİLİŞİM LİMİTED ŞİRKETİ<br>İstasyon no: ŞRJ/4734]]></description>
        <styleUrl>#icon-1899-0288D1</styleUrl>
        <ExtendedData>
          <Data name="Konum">
            <value>Bekirde Mahallesi Atatürk-6 Caddesi No:4 Akdeniz / MERSİN, Mersin, Türkiye</value>
          </Data>
          <Data name="İlçe">
            <value>Akdeniz</value>
          </Data>
          <Data name="Marka">
            <value>ŞarjMatik</value>
          </Data>
          <Data name="Şarj Tipi">
            <value>AC</value>
          </Data>
          <Data name="AC Soket">
            <value>2.0</value>
          </Data>
          <Data name="DC Soket">
            <value>0.0</value>
          </Data>
          <Data name="Soket Özeti">
            <value>2 × Type 2</value>
          </Data>
          <Data name="Maksimum Güç (kW)">
            <value>74.0</value>
          </Data>
          <Data name="Şarj Ağı İşletmecisi">
            <value>ŞARJMATİK ENERJİ BİLİŞİM LİMİTED ŞİRKETİ</value>
          </Data>
          <Data name="İstasyon No">
            <value>ŞRJ/4734</value>
          </Data>
          <Data name="Adres">
            <value>Bekirde Mahallesi Atatürk-6 Caddesi No:4 Akdeniz / MERSİN</value>
          </Data>
          <Data name="Açıklama">
            <value>Marka: ŞarjMatik
İlçe: Akdeniz
Şarj tipi: AC
Soketler: 2 × Type 2
Maksimum güç: 7.4 kW
Şarj ağı işletmecisi: ŞARJMATİK ENERJİ BİLİŞİM LİMİTED ŞİRKETİ
İstasyon no: ŞRJ/4734</value>
          </Data>
        </ExtendedData>
      </Placemark>
      <Placemark>
        <name>SEA TOWER #BLUE ENERJİ#</name>
        <address>Yeni Mahallesi Atatürk-6 Caddesi 5344 Sokağı No:4 Akdeniz / MERSİN, Mersin, Türkiye</address>
        <description><![CDATA[Konum: Yeni Mahallesi Atatürk-6 Caddesi 5344 Sokağı No:4 Akdeniz / MERSİN, Mersin, Türkiye<br>İlçe: Akdeniz<br>Marka: ŞarjMatik<br>Şarj Tipi: AC + DC<br>AC Soket: 1<br>DC Soket: 2<br>Soket Özeti: 2 × CCS, 1 × Type 2<br>Maksimum Güç (kW): 600<br>Şarj Ağı İşletmecisi: ŞARJMATİK ENERJİ BİLİŞİM LİMİTED ŞİRKETİ<br>İstasyon No: ŞRJ/5182<br>Adres: Yeni Mahallesi Atatürk-6 Caddesi 5344 Sokağı No:4 Akdeniz / MERSİN<br>Açıklama: Marka: ŞarjMatik<br>İlçe: Akdeniz<br>Şarj tipi: AC + DC<br>Soketler: 2 × CCS, 1 × Type 2<br>Maksimum güç: 60.0 kW<br>Şarj ağı işletmecisi: ŞARJMATİK ENERJİ BİLİŞİM LİMİTED ŞİRKETİ<br>İstasyon no: ŞRJ/5182]]></description>
        <styleUrl>#icon-1899-0288D1</styleUrl>
        <ExtendedData>
          <Data name="Konum">
            <value>Yeni Mahallesi Atatürk-6 Caddesi 5344 Sokağı No:4 Akdeniz / MERSİN, Mersin, Türkiye</value>
          </Data>
          <Data name="İlçe">
            <value>Akdeniz</value>
          </Data>
          <Data name="Marka">
            <value>ŞarjMatik</value>
          </Data>
          <Data name="Şarj Tipi">
            <value>AC + DC</value>
          </Data>
          <Data name="AC Soket">
            <value>1.0</value>
          </Data>
          <Data name="DC Soket">
            <value>2.0</value>
          </Data>
          <Data name="Soket Özeti">
            <value>2 × CCS, 1 × Type 2</value>
          </Data>
          <Data name="Maksimum Güç (kW)">
            <value>600.0</value>
          </Data>
          <Data name="Şarj Ağı İşletmecisi">
            <value>ŞARJMATİK ENERJİ BİLİŞİM LİMİTED ŞİRKETİ</value>
          </Data>
          <Data name="İstasyon No">
            <value>ŞRJ/5182</value>
          </Data>
          <Data name="Adres">
            <value>Yeni Mahallesi Atatürk-6 Caddesi 5344 Sokağı No:4 Akdeniz / MERSİN</value>
          </Data>
          <Data name="Açıklama">
            <value>Marka: ŞarjMatik
İlçe: Akdeniz
Şarj tipi: AC + DC
Soketler: 2 × CCS, 1 × Type 2
Maksimum güç: 60.0 kW
Şarj ağı işletmecisi: ŞARJMATİK ENERJİ BİLİŞİM LİMİTED ŞİRKETİ
İstasyon no: ŞRJ/5182</value>
          </Data>
        </ExtendedData>
      </Placemark>
      <Placemark>
        <name>MEMOİL(DAVULTEPE EVOPET)#BLUE ENERJİ#</name>
        <address>Akdeniz Mahallesi No:988 Mezitli / MERSİN, Mersin, Türkiye</address>
        <description><![CDATA[Konum: Akdeniz Mahallesi No:988 Mezitli / MERSİN, Mersin, Türkiye<br>İlçe: Mezitli<br>Marka: ŞarjMatik<br>Şarj Tipi: AC<br>AC Soket: 2<br>DC Soket: 0<br>Soket Özeti: 2 × Type 2<br>Maksimum Güç (kW): 74<br>Şarj Ağı İşletmecisi: ŞARJMATİK ENERJİ BİLİŞİM LİMİTED ŞİRKETİ<br>İstasyon No: ŞRJ/4524<br>Adres: Akdeniz Mahallesi No:988 Mezitli / MERSİN<br>Açıklama: Marka: ŞarjMatik<br>İlçe: Mezitli<br>Şarj tipi: AC<br>Soketler: 2 × Type 2<br>Maksimum güç: 7.4 kW<br>Şarj ağı işletmecisi: ŞARJMATİK ENERJİ BİLİŞİM LİMİTED ŞİRKETİ<br>İstasyon no: ŞRJ/4524]]></description>
        <styleUrl>#icon-1899-0288D1</styleUrl>
        <ExtendedData>
          <Data name="Konum">
            <value>Akdeniz Mahallesi No:988 Mezitli / MERSİN, Mersin, Türkiye</value>
          </Data>
          <Data name="İlçe">
            <value>Mezitli</value>
          </Data>
          <Data name="Marka">
            <value>ŞarjMatik</value>
          </Data>
          <Data name="Şarj Tipi">
            <value>AC</value>
          </Data>
          <Data name="AC Soket">
            <value>2.0</value>
          </Data>
          <Data name="DC Soket">
            <value>0.0</value>
          </Data>
          <Data name="Soket Özeti">
            <value>2 × Type 2</value>
          </Data>
          <Data name="Maksimum Güç (kW)">
            <value>74.0</value>
          </Data>
          <Data name="Şarj Ağı İşletmecisi">
            <value>ŞARJMATİK ENERJİ BİLİŞİM LİMİTED ŞİRKETİ</value>
          </Data>
          <Data name="İstasyon No">
            <value>ŞRJ/4524</value>
          </Data>
          <Data name="Adres">
            <value>Akdeniz Mahallesi No:988 Mezitli / MERSİN</value>
          </Data>
          <Data name="Açıklama">
            <value>Marka: ŞarjMatik
İlçe: Mezitli
Şarj tipi: AC
Soketler: 2 × Type 2
Maksimum güç: 7.4 kW
Şarj ağı işletmecisi: ŞARJMATİK ENERJİ BİLİŞİM LİMİTED ŞİRKETİ
İstasyon no: ŞRJ/4524</value>
          </Data>
        </ExtendedData>
      </Placemark>
      <Placemark>
        <name>KAYIKÇIOĞLU MAVİDA TERRACE</name>
        <address>Arpaçbahşiş Mahallesi 203 Sokağı No:15 Erdemli / MERSİN, Mersin, Türkiye</address>
        <description><![CDATA[Konum: Arpaçbahşiş Mahallesi 203 Sokağı No:15 Erdemli / MERSİN, Mersin, Türkiye<br>İlçe: Erdemli<br>Marka: EN YAKIT<br>Şarj Tipi: DC<br>AC Soket: 0<br>DC Soket: 2<br>Soket Özeti: 2 × CCS<br>Maksimum Güç (kW): 1800<br>Şarj Ağı İşletmecisi: EN YAKIT ANONİM ŞİRKETİ<br>İstasyon No: ŞRJ/14689<br>Adres: Arpaçbahşiş Mahallesi 203 Sokağı No:15 Erdemli / MERSİN<br>Açıklama: Marka: EN YAKIT<br>İlçe: Erdemli<br>Şarj tipi: DC<br>Soketler: 2 × CCS<br>Maksimum güç: 180.0 kW<br>Şarj ağı işletmecisi: EN YAKIT ANONİM ŞİRKETİ<br>İstasyon no: ŞRJ/14689]]></description>
        <styleUrl>#icon-1899-0288D1</styleUrl>
        <ExtendedData>
          <Data name="Konum">
            <value>Arpaçbahşiş Mahallesi 203 Sokağı No:15 Erdemli / MERSİN, Mersin, Türkiye</value>
          </Data>
          <Data name="İlçe">
            <value>Erdemli</value>
          </Data>
          <Data name="Marka">
            <value>EN YAKIT</value>
          </Data>
          <Data name="Şarj Tipi">
            <value>DC</value>
          </Data>
          <Data name="AC Soket">
            <value>0.0</value>
          </Data>
          <Data name="DC Soket">
            <value>2.0</value>
          </Data>
          <Data name="Soket Özeti">
            <value>2 × CCS</value>
          </Data>
          <Data name="Maksimum Güç (kW)">
            <value>1800.0</value>
          </Data>
          <Data name="Şarj Ağı İşletmecisi">
            <value>EN YAKIT ANONİM ŞİRKETİ</value>
          </Data>
          <Data name="İstasyon No">
            <value>ŞRJ/14689</value>
          </Data>
          <Data name="Adres">
            <value>Arpaçbahşiş Mahallesi 203 Sokağı No:15 Erdemli / MERSİN</value>
          </Data>
          <Data name="Açıklama">
            <value>Marka: EN YAKIT
İlçe: Erdemli
Şarj tipi: DC
Soketler: 2 × CCS
Maksimum güç: 180.0 kW
Şarj ağı işletmecisi: EN YAKIT ANONİM ŞİRKETİ
İstasyon no: ŞRJ/14689</value>
          </Data>
        </ExtendedData>
      </Placemark>
      <Placemark>
        <name>Mersin- Yenişehir- Akdeniz İhracatçı Birlikleri Genel Sekreterliği Otoparkı</name>
        <address>Limonluk Mahallesi 39 Sokağı No:12 Merkez Bucak Yenişehir / MERSİN, Mersin, Türkiye</address>
        <description><![CDATA[Konum: Limonluk Mahallesi 39 Sokağı No:12 Merkez Bucak Yenişehir / MERSİN, Mersin, Türkiye<br>İlçe: Yenişehir<br>Marka: VOLTGO<br>Şarj Tipi: DC<br>AC Soket: 0<br>DC Soket: 2<br>Soket Özeti: 2 × CCS<br>Maksimum Güç (kW): 1600<br>Şarj Ağı İşletmecisi: VOLTGO ŞARJ HİZMETLERİ ANONİM ŞİRKETİ<br>İstasyon No: ŞRJ/20491<br>Adres: Limonluk Mahallesi 39 Sokağı No:12 Merkez Bucak Yenişehir / MERSİN<br>Açıklama: Marka: VOLTGO<br>İlçe: Yenişehir<br>Şarj tipi: DC<br>Soketler: 2 × CCS<br>Maksimum güç: 160.0 kW<br>Şarj ağı işletmecisi: VOLTGO ŞARJ HİZMETLERİ ANONİM ŞİRKETİ<br>İstasyon no: ŞRJ/20491]]></description>
        <styleUrl>#icon-1899-0288D1</styleUrl>
        <ExtendedData>
          <Data name="Konum">
            <value>Limonluk Mahallesi 39 Sokağı No:12 Merkez Bucak Yenişehir / MERSİN, Mersin, Türkiye</value>
          </Data>
          <Data name="İlçe">
            <value>Yenişehir</value>
          </Data>
          <Data name="Marka">
            <value>VOLTGO</value>
          </Data>
          <Data name="Şarj Tipi">
            <value>DC</value>
          </Data>
          <Data name="AC Soket">
            <value>0.0</value>
          </Data>
          <Data name="DC Soket">
            <value>2.0</value>
          </Data>
          <Data name="Soket Özeti">
            <value>2 × CCS</value>
          </Data>
          <Data name="Maksimum Güç (kW)">
            <value>1600.0</value>
          </Data>
          <Data name="Şarj Ağı İşletmecisi">
            <value>VOLTGO ŞARJ HİZMETLERİ ANONİM ŞİRKETİ</value>
          </Data>
          <Data name="İstasyon No">
            <value>ŞRJ/20491</value>
          </Data>
          <Data name="Adres">
            <value>Limonluk Mahallesi 39 Sokağı No:12 Merkez Bucak Yenişehir / MERSİN</value>
          </Data>
          <Data name="Açıklama">
            <value>Marka: VOLTGO
İlçe: Yenişehir
Şarj tipi: DC
Soketler: 2 × CCS
Maksimum güç: 160.0 kW
Şarj ağı işletmecisi: VOLTGO ŞARJ HİZMETLERİ ANONİM ŞİRKETİ
İstasyon no: ŞRJ/20491</value>
          </Data>
        </ExtendedData>
      </Placemark>
      <Placemark>
        <name>Algül Petrol, Mezitli - DC</name>
        <address>75. Yıl Mahallesi No:1060 Mezitli / MERSİN, Mersin, Türkiye</address>
        <description><![CDATA[Konum: 75. Yıl Mahallesi No:1060 Mezitli / MERSİN, Mersin, Türkiye<br>İlçe: Mezitli<br>Marka: Otopriz<br>Şarj Tipi: DC<br>AC Soket: 0<br>DC Soket: 2<br>Soket Özeti: 2 × CCS<br>Maksimum Güç (kW): 1200<br>Şarj Ağı İşletmecisi: DİCLE KÖK ENERJİ YATIRIM ANONİM ŞİRKETİ<br>İstasyon No: ŞRJ/17136<br>Adres: 75. Yıl Mahallesi No:1060 Mezitli / MERSİN<br>Açıklama: Marka: Otopriz<br>İlçe: Mezitli<br>Şarj tipi: DC<br>Soketler: 2 × CCS<br>Maksimum güç: 120.0 kW<br>Şarj ağı işletmecisi: DİCLE KÖK ENERJİ YATIRIM ANONİM ŞİRKETİ<br>İstasyon no: ŞRJ/17136]]></description>
        <styleUrl>#icon-1899-0288D1</styleUrl>
        <ExtendedData>
          <Data name="Konum">
            <value>75. Yıl Mahallesi No:1060 Mezitli / MERSİN, Mersin, Türkiye</value>
          </Data>
          <Data name="İlçe">
            <value>Mezitli</value>
          </Data>
          <Data name="Marka">
            <value>Otopriz</value>
          </Data>
          <Data name="Şarj Tipi">
            <value>DC</value>
          </Data>
          <Data name="AC Soket">
            <value>0.0</value>
          </Data>
          <Data name="DC Soket">
            <value>2.0</value>
          </Data>
          <Data name="Soket Özeti">
            <value>2 × CCS</value>
          </Data>
          <Data name="Maksimum Güç (kW)">
            <value>1200.0</value>
          </Data>
          <Data name="Şarj Ağı İşletmecisi">
            <value>DİCLE KÖK ENERJİ YATIRIM ANONİM ŞİRKETİ</value>
          </Data>
          <Data name="İstasyon No">
            <value>ŞRJ/17136</value>
          </Data>
          <Data name="Adres">
            <value>75. Yıl Mahallesi No:1060 Mezitli / MERSİN</value>
          </Data>
          <Data name="Açıklama">
            <value>Marka: Otopriz
İlçe: Mezitli
Şarj tipi: DC
Soketler: 2 × CCS
Maksimum güç: 120.0 kW
Şarj ağı işletmecisi: DİCLE KÖK ENERJİ YATIRIM ANONİM ŞİRKETİ
İstasyon no: ŞRJ/17136</value>
          </Data>
        </ExtendedData>
      </Placemark>
      <Placemark>
        <name>Akdemirler Petrol, Tarsus - DC</name>
        <address>Yarbay Şemsettin Mahallesi Aksaray Yolu Sokağı Tarsus / MERSİN, Mersin, Türkiye</address>
        <description><![CDATA[Konum: Yarbay Şemsettin Mahallesi Aksaray Yolu Sokağı Tarsus / MERSİN, Mersin, Türkiye<br>İlçe: Tarsus<br>Marka: Otopriz<br>Şarj Tipi: DC<br>AC Soket: 0<br>DC Soket: 2<br>Soket Özeti: 2 × CCS<br>Maksimum Güç (kW): 1200<br>Şarj Ağı İşletmecisi: DİCLE KÖK ENERJİ YATIRIM ANONİM ŞİRKETİ<br>İstasyon No: ŞRJ/13476<br>Adres: Yarbay Şemsettin Mahallesi Aksaray Yolu Sokağı Tarsus / MERSİN<br>Açıklama: Marka: Otopriz<br>İlçe: Tarsus<br>Şarj tipi: DC<br>Soketler: 2 × CCS<br>Maksimum güç: 120.0 kW<br>Şarj ağı işletmecisi: DİCLE KÖK ENERJİ YATIRIM ANONİM ŞİRKETİ<br>İstasyon no: ŞRJ/13476]]></description>
        <styleUrl>#icon-1899-0288D1</styleUrl>
        <ExtendedData>
          <Data name="Konum">
            <value>Yarbay Şemsettin Mahallesi Aksaray Yolu Sokağı Tarsus / MERSİN, Mersin, Türkiye</value>
          </Data>
          <Data name="İlçe">
            <value>Tarsus</value>
          </Data>
          <Data name="Marka">
            <value>Otopriz</value>
          </Data>
          <Data name="Şarj Tipi">
            <value>DC</value>
          </Data>
          <Data name="AC Soket">
            <value>0.0</value>
          </Data>
          <Data name="DC Soket">
            <value>2.0</value>
          </Data>
          <Data name="Soket Özeti">
            <value>2 × CCS</value>
          </Data>
          <Data name="Maksimum Güç (kW)">
            <value>1200.0</value>
          </Data>
          <Data name="Şarj Ağı İşletmecisi">
            <value>DİCLE KÖK ENERJİ YATIRIM ANONİM ŞİRKETİ</value>
          </Data>
          <Data name="İstasyon No">
            <value>ŞRJ/13476</value>
          </Data>
          <Data name="Adres">
            <value>Yarbay Şemsettin Mahallesi Aksaray Yolu Sokağı Tarsus / MERSİN</value>
          </Data>
          <Data name="Açıklama">
            <value>Marka: Otopriz
İlçe: Tarsus
Şarj tipi: DC
Soketler: 2 × CCS
Maksimum güç: 120.0 kW
Şarj ağı işletmecisi: DİCLE KÖK ENERJİ YATIRIM ANONİM ŞİRKETİ
İstasyon no: ŞRJ/13476</value>
          </Data>
        </ExtendedData>
      </Placemark>
      <Placemark>
        <name>Oasis Güney Sitesi</name>
        <address>50. Yıl Mahallesi 76 Sokağı No:4 Yenişehir / MERSİN, Mersin, Türkiye</address>
        <description><![CDATA[Konum: 50. Yıl Mahallesi 76 Sokağı No:4 Yenişehir / MERSİN, Mersin, Türkiye<br>İlçe: Yenişehir<br>Marka: zes<br>Şarj Tipi: AC<br>AC Soket: 2<br>DC Soket: 0<br>Soket Özeti: 2 × Type 2<br>Maksimum Güç (kW): 220<br>Şarj Ağı İşletmecisi: ZES DİJİTAL TİCARET ANONİM ŞİRKETİ<br>İstasyon No: ŞRJ/20536<br>Adres: 50. Yıl Mahallesi 76 Sokağı No:4 Yenişehir / MERSİN<br>Açıklama: Marka: zes<br>İlçe: Yenişehir<br>Şarj tipi: AC<br>Soketler: 2 × Type 2<br>Maksimum güç: 22.0 kW<br>Şarj ağı işletmecisi: ZES DİJİTAL TİCARET ANONİM ŞİRKETİ<br>İstasyon no: ŞRJ/20536]]></description>
        <styleUrl>#icon-1899-0288D1</styleUrl>
        <ExtendedData>
          <Data name="Konum">
            <value>50. Yıl Mahallesi 76 Sokağı No:4 Yenişehir / MERSİN, Mersin, Türkiye</value>
          </Data>
          <Data name="İlçe">
            <value>Yenişehir</value>
          </Data>
          <Data name="Marka">
            <value>zes</value>
          </Data>
          <Data name="Şarj Tipi">
            <value>AC</value>
          </Data>
          <Data name="AC Soket">
            <value>2.0</value>
          </Data>
          <Data name="DC Soket">
            <value>0.0</value>
          </Data>
          <Data name="Soket Özeti">
            <value>2 × Type 2</value>
          </Data>
          <Data name="Maksimum Güç (kW)">
            <value>220.0</value>
          </Data>
          <Data name="Şarj Ağı İşletmecisi">
            <value>ZES DİJİTAL TİCARET ANONİM ŞİRKETİ</value>
          </Data>
          <Data name="İstasyon No">
            <value>ŞRJ/20536</value>
          </Data>
          <Data name="Adres">
            <value>50. Yıl Mahallesi 76 Sokağı No:4 Yenişehir / MERSİN</value>
          </Data>
          <Data name="Açıklama">
            <value>Marka: zes
İlçe: Yenişehir
Şarj tipi: AC
Soketler: 2 × Type 2
Maksimum güç: 22.0 kW
Şarj ağı işletmecisi: ZES DİJİTAL TİCARET ANONİM ŞİRKETİ
İstasyon no: ŞRJ/20536</value>
          </Data>
        </ExtendedData>
      </Placemark>
      <Placemark>
        <name>Oasis Kuzey Sitesi</name>
        <address>50. Yıl Mahallesi 2754 Sokağı No:7A Yenişehir / MERSİN, Mersin, Türkiye</address>
        <description><![CDATA[Konum: 50. Yıl Mahallesi 2754 Sokağı No:7A Yenişehir / MERSİN, Mersin, Türkiye<br>İlçe: Yenişehir<br>Marka: zes<br>Şarj Tipi: AC<br>AC Soket: 2<br>DC Soket: 0<br>Soket Özeti: 2 × Type 2<br>Maksimum Güç (kW): 220<br>Şarj Ağı İşletmecisi: ZES DİJİTAL TİCARET ANONİM ŞİRKETİ<br>İstasyon No: ŞRJ/20537<br>Adres: 50. Yıl Mahallesi 2754 Sokağı No:7A Yenişehir / MERSİN<br>Açıklama: Marka: zes<br>İlçe: Yenişehir<br>Şarj tipi: AC<br>Soketler: 2 × Type 2<br>Maksimum güç: 22.0 kW<br>Şarj ağı işletmecisi: ZES DİJİTAL TİCARET ANONİM ŞİRKETİ<br>İstasyon no: ŞRJ/20537]]></description>
        <styleUrl>#icon-1899-0288D1</styleUrl>
        <ExtendedData>
          <Data name="Konum">
            <value>50. Yıl Mahallesi 2754 Sokağı No:7A Yenişehir / MERSİN, Mersin, Türkiye</value>
          </Data>
          <Data name="İlçe">
            <value>Yenişehir</value>
          </Data>
          <Data name="Marka">
            <value>zes</value>
          </Data>
          <Data name="Şarj Tipi">
            <value>AC</value>
          </Data>
          <Data name="AC Soket">
            <value>2.0</value>
          </Data>
          <Data name="DC Soket">
            <value>0.0</value>
          </Data>
          <Data name="Soket Özeti">
            <value>2 × Type 2</value>
          </Data>
          <Data name="Maksimum Güç (kW)">
            <value>220.0</value>
          </Data>
          <Data name="Şarj Ağı İşletmecisi">
            <value>ZES DİJİTAL TİCARET ANONİM ŞİRKETİ</value>
          </Data>
          <Data name="İstasyon No">
            <value>ŞRJ/20537</value>
          </Data>
          <Data name="Adres">
            <value>50. Yıl Mahallesi 2754 Sokağı No:7A Yenişehir / MERSİN</value>
          </Data>
          <Data name="Açıklama">
            <value>Marka: zes
İlçe: Yenişehir
Şarj tipi: AC
Soketler: 2 × Type 2
Maksimum güç: 22.0 kW
Şarj ağı işletmecisi: ZES DİJİTAL TİCARET ANONİM ŞİRKETİ
İstasyon no: ŞRJ/20537</value>
          </Data>
        </ExtendedData>
      </Placemark>
      <Placemark>
        <name>GIOev - Mersin - ERC Petrol</name>
        <address>Yenice Mahallesi Stadyum Caddesi No:57 Köyiçi Tarsus / MERSİN, Mersin, Türkiye</address>
        <description><![CDATA[Konum: Yenice Mahallesi Stadyum Caddesi No:57 Köyiçi Tarsus / MERSİN, Mersin, Türkiye<br>İlçe: Tarsus<br>Marka: GIOEV<br>Şarj Tipi: DC<br>AC Soket: 0<br>DC Soket: 2<br>Soket Özeti: 2 × CCS<br>Maksimum Güç (kW): 3000<br>Şarj Ağı İşletmecisi: GİOEV ŞARJ İSTASYONLARI İŞLETMELERİ ANONİM ŞİRKETİ<br>İstasyon No: ŞRJ/3233<br>Adres: Yenice Mahallesi Stadyum Caddesi No:57 Köyiçi Tarsus / MERSİN<br>Açıklama: Marka: GIOEV<br>İlçe: Tarsus<br>Şarj tipi: DC<br>Soketler: 2 × CCS<br>Maksimum güç: 300.0 kW<br>Şarj ağı işletmecisi: GİOEV ŞARJ İSTASYONLARI İŞLETMELERİ ANONİM ŞİRKETİ<br>İstasyon no: ŞRJ/3233]]></description>
        <styleUrl>#icon-1899-0288D1</styleUrl>
        <ExtendedData>
          <Data name="Konum">
            <value>Yenice Mahallesi Stadyum Caddesi No:57 Köyiçi Tarsus / MERSİN, Mersin, Türkiye</value>
          </Data>
          <Data name="İlçe">
            <value>Tarsus</value>
          </Data>
          <Data name="Marka">
            <value>GIOEV</value>
          </Data>
          <Data name="Şarj Tipi">
            <value>DC</value>
          </Data>
          <Data name="AC Soket">
            <value>0.0</value>
          </Data>
          <Data name="DC Soket">
            <value>2.0</value>
          </Data>
          <Data name="Soket Özeti">
            <value>2 × CCS</value>
          </Data>
          <Data name="Maksimum Güç (kW)">
            <value>3000.0</value>
          </Data>
          <Data name="Şarj Ağı İşletmecisi">
            <value>GİOEV ŞARJ İSTASYONLARI İŞLETMELERİ ANONİM ŞİRKETİ</value>
          </Data>
          <Data name="İstasyon No">
            <value>ŞRJ/3233</value>
          </Data>
          <Data name="Adres">
            <value>Yenice Mahallesi Stadyum Caddesi No:57 Köyiçi Tarsus / MERSİN</value>
          </Data>
          <Data name="Açıklama">
            <value>Marka: GIOEV
İlçe: Tarsus
Şarj tipi: DC
Soketler: 2 × CCS
Maksimum güç: 300.0 kW
Şarj ağı işletmecisi: GİOEV ŞARJ İSTASYONLARI İŞLETMELERİ ANONİM ŞİRKETİ
İstasyon no: ŞRJ/3233</value>
          </Data>
        </ExtendedData>
      </Placemark>
      <Placemark>
        <name>GIOev - Mersin - Silifke - Taşucu Park</name>
        <address>Taşucu Mahallesi Atatürk Bulv. Caddesi No:19 Silifke / MERSİN, Mersin, Türkiye</address>
        <description><![CDATA[Konum: Taşucu Mahallesi Atatürk Bulv. Caddesi No:19 Silifke / MERSİN, Mersin, Türkiye<br>İlçe: Silifke<br>Marka: GIOEV<br>Şarj Tipi: DC<br>AC Soket: 0<br>DC Soket: 2<br>Soket Özeti: 2 × CCS<br>Maksimum Güç (kW): 3000<br>Şarj Ağı İşletmecisi: GİOEV ŞARJ İSTASYONLARI İŞLETMELERİ ANONİM ŞİRKETİ<br>İstasyon No: ŞRJ/3237<br>Adres: Taşucu Mahallesi Atatürk Bulv. Caddesi No:19 Silifke / MERSİN<br>Açıklama: Marka: GIOEV<br>İlçe: Silifke<br>Şarj tipi: DC<br>Soketler: 2 × CCS<br>Maksimum güç: 300.0 kW<br>Şarj ağı işletmecisi: GİOEV ŞARJ İSTASYONLARI İŞLETMELERİ ANONİM ŞİRKETİ<br>İstasyon no: ŞRJ/3237]]></description>
        <styleUrl>#icon-1899-0288D1</styleUrl>
        <ExtendedData>
          <Data name="Konum">
            <value>Taşucu Mahallesi Atatürk Bulv. Caddesi No:19 Silifke / MERSİN, Mersin, Türkiye</value>
          </Data>
          <Data name="İlçe">
            <value>Silifke</value>
          </Data>
          <Data name="Marka">
            <value>GIOEV</value>
          </Data>
          <Data name="Şarj Tipi">
            <value>DC</value>
          </Data>
          <Data name="AC Soket">
            <value>0.0</value>
          </Data>
          <Data name="DC Soket">
            <value>2.0</value>
          </Data>
          <Data name="Soket Özeti">
            <value>2 × CCS</value>
          </Data>
          <Data name="Maksimum Güç (kW)">
            <value>3000.0</value>
          </Data>
          <Data name="Şarj Ağı İşletmecisi">
            <value>GİOEV ŞARJ İSTASYONLARI İŞLETMELERİ ANONİM ŞİRKETİ</value>
          </Data>
          <Data name="İstasyon No">
            <value>ŞRJ/3237</value>
          </Data>
          <Data name="Adres">
            <value>Taşucu Mahallesi Atatürk Bulv. Caddesi No:19 Silifke / MERSİN</value>
          </Data>
          <Data name="Açıklama">
            <value>Marka: GIOEV
İlçe: Silifke
Şarj tipi: DC
Soketler: 2 × CCS
Maksimum güç: 300.0 kW
Şarj ağı işletmecisi: GİOEV ŞARJ İSTASYONLARI İŞLETMELERİ ANONİM ŞİRKETİ
İstasyon no: ŞRJ/3237</value>
          </Data>
        </ExtendedData>
      </Placemark>
      <Placemark>
        <name>GIOev - Mersin - ERC Petrol AC</name>
        <address>Yenice Mahallesi Cemal Gürsel Sokağı No:57/A Tarsus / MERSİN, Mersin, Türkiye</address>
        <description><![CDATA[Konum: Yenice Mahallesi Cemal Gürsel Sokağı No:57/A Tarsus / MERSİN, Mersin, Türkiye<br>İlçe: Tarsus<br>Marka: GIOEV<br>Şarj Tipi: AC<br>AC Soket: 2<br>DC Soket: 0<br>Soket Özeti: 2 × Type 2<br>Maksimum Güç (kW): 220<br>Şarj Ağı İşletmecisi: GİOEV ŞARJ İSTASYONLARI İŞLETMELERİ ANONİM ŞİRKETİ<br>İstasyon No: ŞRJ/19744<br>Adres: Yenice Mahallesi Cemal Gürsel Sokağı No:57/A Tarsus / MERSİN<br>Açıklama: Marka: GIOEV<br>İlçe: Tarsus<br>Şarj tipi: AC<br>Soketler: 2 × Type 2<br>Maksimum güç: 22.0 kW<br>Şarj ağı işletmecisi: GİOEV ŞARJ İSTASYONLARI İŞLETMELERİ ANONİM ŞİRKETİ<br>İstasyon no: ŞRJ/19744]]></description>
        <styleUrl>#icon-1899-0288D1</styleUrl>
        <ExtendedData>
          <Data name="Konum">
            <value>Yenice Mahallesi Cemal Gürsel Sokağı No:57/A Tarsus / MERSİN, Mersin, Türkiye</value>
          </Data>
          <Data name="İlçe">
            <value>Tarsus</value>
          </Data>
          <Data name="Marka">
            <value>GIOEV</value>
          </Data>
          <Data name="Şarj Tipi">
            <value>AC</value>
          </Data>
          <Data name="AC Soket">
            <value>2.0</value>
          </Data>
          <Data name="DC Soket">
            <value>0.0</value>
          </Data>
          <Data name="Soket Özeti">
            <value>2 × Type 2</value>
          </Data>
          <Data name="Maksimum Güç (kW)">
            <value>220.0</value>
          </Data>
          <Data name="Şarj Ağı İşletmecisi">
            <value>GİOEV ŞARJ İSTASYONLARI İŞLETMELERİ ANONİM ŞİRKETİ</value>
          </Data>
          <Data name="İstasyon No">
            <value>ŞRJ/19744</value>
          </Data>
          <Data name="Adres">
            <value>Yenice Mahallesi Cemal Gürsel Sokağı No:57/A Tarsus / MERSİN</value>
          </Data>
          <Data name="Açıklama">
            <value>Marka: GIOEV
İlçe: Tarsus
Şarj tipi: AC
Soketler: 2 × Type 2
Maksimum güç: 22.0 kW
Şarj ağı işletmecisi: GİOEV ŞARJ İSTASYONLARI İŞLETMELERİ ANONİM ŞİRKETİ
İstasyon no: ŞRJ/19744</value>
          </Data>
        </ExtendedData>
      </Placemark>
      <Placemark>
        <name><![CDATA[BN Hotel Thermal & Wellness]]></name>
        <address>Iğdır Mahallesi Iğdır Sokağı No:585 / A Akdeniz / MERSİN, Mersin, Türkiye</address>
        <description><![CDATA[Konum: Iğdır Mahallesi Iğdır Sokağı No:585 / A Akdeniz / MERSİN, Mersin, Türkiye<br>İlçe: Akdeniz<br>Marka: EN YAKIT<br>Şarj Tipi: DC<br>AC Soket: 0<br>DC Soket: 2<br>Soket Özeti: 2 × CCS<br>Maksimum Güç (kW): 1800<br>Şarj Ağı İşletmecisi: EN YAKIT ANONİM ŞİRKETİ<br>İstasyon No: ŞRJ/20587<br>Adres: Iğdır Mahallesi Iğdır Sokağı No:585 / A Akdeniz / MERSİN<br>Açıklama: Marka: EN YAKIT<br>İlçe: Akdeniz<br>Şarj tipi: DC<br>Soketler: 2 × CCS<br>Maksimum güç: 180.0 kW<br>Şarj ağı işletmecisi: EN YAKIT ANONİM ŞİRKETİ<br>İstasyon no: ŞRJ/20587]]></description>
        <styleUrl>#icon-1899-0288D1</styleUrl>
        <ExtendedData>
          <Data name="Konum">
            <value>Iğdır Mahallesi Iğdır Sokağı No:585 / A Akdeniz / MERSİN, Mersin, Türkiye</value>
          </Data>
          <Data name="İlçe">
            <value>Akdeniz</value>
          </Data>
          <Data name="Marka">
            <value>EN YAKIT</value>
          </Data>
          <Data name="Şarj Tipi">
            <value>DC</value>
          </Data>
          <Data name="AC Soket">
            <value>0.0</value>
          </Data>
          <Data name="DC Soket">
            <value>2.0</value>
          </Data>
          <Data name="Soket Özeti">
            <value>2 × CCS</value>
          </Data>
          <Data name="Maksimum Güç (kW)">
            <value>1800.0</value>
          </Data>
          <Data name="Şarj Ağı İşletmecisi">
            <value>EN YAKIT ANONİM ŞİRKETİ</value>
          </Data>
          <Data name="İstasyon No">
            <value>ŞRJ/20587</value>
          </Data>
          <Data name="Adres">
            <value>Iğdır Mahallesi Iğdır Sokağı No:585 / A Akdeniz / MERSİN</value>
          </Data>
          <Data name="Açıklama">
            <value>Marka: EN YAKIT
İlçe: Akdeniz
Şarj tipi: DC
Soketler: 2 × CCS
Maksimum güç: 180.0 kW
Şarj ağı işletmecisi: EN YAKIT ANONİM ŞİRKETİ
İstasyon no: ŞRJ/20587</value>
          </Data>
        </ExtendedData>
      </Placemark>
      <Placemark>
        <name>Sunpet Erdemli Şarj İstasyonu</name>
        <address>Arpaçbahşiş Mahallesi No:95-A Erdemli / MERSİN, Mersin, Türkiye</address>
        <description><![CDATA[Konum: Arpaçbahşiş Mahallesi No:95-A Erdemli / MERSİN, Mersin, Türkiye<br>İlçe: Erdemli<br>Marka: AUTOVOLT<br>Şarj Tipi: DC<br>AC Soket: 0<br>DC Soket: 2<br>Soket Özeti: 2 × CCS<br>Maksimum Güç (kW): 1200<br>Şarj Ağı İşletmecisi: AUTOVOLT ENERJİ TEKNOLOJİ SİSTEMLERİ İTHALAT İHRACAT SANAYİ VE TİCARET LİMİTED ŞİRKETİ<br>İstasyon No: ŞRJ/20669<br>Adres: Arpaçbahşiş Mahallesi No:95-A Erdemli / MERSİN<br>Açıklama: Marka: AUTOVOLT<br>İlçe: Erdemli<br>Şarj tipi: DC<br>Soketler: 2 × CCS<br>Maksimum güç: 120.0 kW<br>Şarj ağı işletmecisi: AUTOVOLT ENERJİ TEKNOLOJİ SİSTEMLERİ İTHALAT İHRACAT SANAYİ VE TİCARET LİMİTED ŞİRKETİ<br>İstasyon no: ŞRJ/20669]]></description>
        <styleUrl>#icon-1899-0288D1</styleUrl>
        <ExtendedData>
          <Data name="Konum">
            <value>Arpaçbahşiş Mahallesi No:95-A Erdemli / MERSİN, Mersin, Türkiye</value>
          </Data>
          <Data name="İlçe">
            <value>Erdemli</value>
          </Data>
          <Data name="Marka">
            <value>AUTOVOLT</value>
          </Data>
          <Data name="Şarj Tipi">
            <value>DC</value>
          </Data>
          <Data name="AC Soket">
            <value>0.0</value>
          </Data>
          <Data name="DC Soket">
            <value>2.0</value>
          </Data>
          <Data name="Soket Özeti">
            <value>2 × CCS</value>
          </Data>
          <Data name="Maksimum Güç (kW)">
            <value>1200.0</value>
          </Data>
          <Data name="Şarj Ağı İşletmecisi">
            <value>AUTOVOLT ENERJİ TEKNOLOJİ SİSTEMLERİ İTHALAT İHRACAT SANAYİ VE TİCARET LİMİTED ŞİRKETİ</value>
          </Data>
          <Data name="İstasyon No">
            <value>ŞRJ/20669</value>
          </Data>
          <Data name="Adres">
            <value>Arpaçbahşiş Mahallesi No:95-A Erdemli / MERSİN</value>
          </Data>
          <Data name="Açıklama">
            <value>Marka: AUTOVOLT
İlçe: Erdemli
Şarj tipi: DC
Soketler: 2 × CCS
Maksimum güç: 120.0 kW
Şarj ağı işletmecisi: AUTOVOLT ENERJİ TEKNOLOJİ SİSTEMLERİ İTHALAT İHRACAT SANAYİ VE TİCARET LİMİTED ŞİRKETİ
İstasyon no: ŞRJ/20669</value>
          </Data>
        </ExtendedData>
      </Placemark>
      <Placemark>
        <name>Mersin Arkeoloji Müzesi</name>
        <address>Gazi Mahallesi Adnan Menderes Sokağı Yenişehir / MERSİN, Mersin, Türkiye</address>
        <description><![CDATA[Konum: Gazi Mahallesi Adnan Menderes Sokağı Yenişehir / MERSİN, Mersin, Türkiye<br>İlçe: Yenişehir<br>Marka: Trugo<br>Şarj Tipi: DC<br>AC Soket: 0<br>DC Soket: 2<br>Soket Özeti: 2 × CCS<br>Maksimum Güç (kW): 1200<br>Şarj Ağı İşletmecisi: TRUGO AKILLI ŞARJ ÇÖZÜMLERİ SANAYİ VE TİCARET ANONİM ŞİRKETİ<br>İstasyon No: ŞRJ/20682<br>Adres: Gazi Mahallesi Adnan Menderes Sokağı Yenişehir / MERSİN<br>Açıklama: Marka: Trugo<br>İlçe: Yenişehir<br>Şarj tipi: DC<br>Soketler: 2 × CCS<br>Maksimum güç: 120.0 kW<br>Şarj ağı işletmecisi: TRUGO AKILLI ŞARJ ÇÖZÜMLERİ SANAYİ VE TİCARET ANONİM ŞİRKETİ<br>İstasyon no: ŞRJ/20682]]></description>
        <styleUrl>#icon-1899-0288D1</styleUrl>
        <ExtendedData>
          <Data name="Konum">
            <value>Gazi Mahallesi Adnan Menderes Sokağı Yenişehir / MERSİN, Mersin, Türkiye</value>
          </Data>
          <Data name="İlçe">
            <value>Yenişehir</value>
          </Data>
          <Data name="Marka">
            <value>Trugo</value>
          </Data>
          <Data name="Şarj Tipi">
            <value>DC</value>
          </Data>
          <Data name="AC Soket">
            <value>0.0</value>
          </Data>
          <Data name="DC Soket">
            <value>2.0</value>
          </Data>
          <Data name="Soket Özeti">
            <value>2 × CCS</value>
          </Data>
          <Data name="Maksimum Güç (kW)">
            <value>1200.0</value>
          </Data>
          <Data name="Şarj Ağı İşletmecisi">
            <value>TRUGO AKILLI ŞARJ ÇÖZÜMLERİ SANAYİ VE TİCARET ANONİM ŞİRKETİ</value>
          </Data>
          <Data name="İstasyon No">
            <value>ŞRJ/20682</value>
          </Data>
          <Data name="Adres">
            <value>Gazi Mahallesi Adnan Menderes Sokağı Yenişehir / MERSİN</value>
          </Data>
          <Data name="Açıklama">
            <value>Marka: Trugo
İlçe: Yenişehir
Şarj tipi: DC
Soketler: 2 × CCS
Maksimum güç: 120.0 kW
Şarj ağı işletmecisi: TRUGO AKILLI ŞARJ ÇÖZÜMLERİ SANAYİ VE TİCARET ANONİM ŞİRKETİ
İstasyon no: ŞRJ/20682</value>
          </Data>
        </ExtendedData>
      </Placemark>
      <Placemark>
        <name>Shell Akdeniz</name>
        <address>Nusratiye Mahallesi Kuvayi Milliye Caddesi No:130A Akdeniz / MERSİN, Mersin, Türkiye</address>
        <description><![CDATA[Konum: Nusratiye Mahallesi Kuvayi Milliye Caddesi No:130A Akdeniz / MERSİN, Mersin, Türkiye<br>İlçe: Akdeniz<br>Marka: Trugo<br>Şarj Tipi: DC<br>AC Soket: 0<br>DC Soket: 2<br>Soket Özeti: 2 × CCS<br>Maksimum Güç (kW): 1500<br>Şarj Ağı İşletmecisi: TRUGO AKILLI ŞARJ ÇÖZÜMLERİ SANAYİ VE TİCARET ANONİM ŞİRKETİ<br>İstasyon No: ŞRJ/20834<br>Adres: Nusratiye Mahallesi Kuvayi Milliye Caddesi No:130A Akdeniz / MERSİN<br>Açıklama: Marka: Trugo<br>İlçe: Akdeniz<br>Şarj tipi: DC<br>Soketler: 2 × CCS<br>Maksimum güç: 150.0 kW<br>Şarj ağı işletmecisi: TRUGO AKILLI ŞARJ ÇÖZÜMLERİ SANAYİ VE TİCARET ANONİM ŞİRKETİ<br>İstasyon no: ŞRJ/20834]]></description>
        <styleUrl>#icon-1899-0288D1</styleUrl>
        <ExtendedData>
          <Data name="Konum">
            <value>Nusratiye Mahallesi Kuvayi Milliye Caddesi No:130A Akdeniz / MERSİN, Mersin, Türkiye</value>
          </Data>
          <Data name="İlçe">
            <value>Akdeniz</value>
          </Data>
          <Data name="Marka">
            <value>Trugo</value>
          </Data>
          <Data name="Şarj Tipi">
            <value>DC</value>
          </Data>
          <Data name="AC Soket">
            <value>0.0</value>
          </Data>
          <Data name="DC Soket">
            <value>2.0</value>
          </Data>
          <Data name="Soket Özeti">
            <value>2 × CCS</value>
          </Data>
          <Data name="Maksimum Güç (kW)">
            <value>1500.0</value>
          </Data>
          <Data name="Şarj Ağı İşletmecisi">
            <value>TRUGO AKILLI ŞARJ ÇÖZÜMLERİ SANAYİ VE TİCARET ANONİM ŞİRKETİ</value>
          </Data>
          <Data name="İstasyon No">
            <value>ŞRJ/20834</value>
          </Data>
          <Data name="Adres">
            <value>Nusratiye Mahallesi Kuvayi Milliye Caddesi No:130A Akdeniz / MERSİN</value>
          </Data>
          <Data name="Açıklama">
            <value>Marka: Trugo
İlçe: Akdeniz
Şarj tipi: DC
Soketler: 2 × CCS
Maksimum güç: 150.0 kW
Şarj ağı işletmecisi: TRUGO AKILLI ŞARJ ÇÖZÜMLERİ SANAYİ VE TİCARET ANONİM ŞİRKETİ
İstasyon no: ŞRJ/20834</value>
          </Data>
        </ExtendedData>
      </Placemark>
      <Placemark>
        <name>MERSİN AYDIN PETROL DC-1</name>
        <address>Yapıntı Mahallesi Mersin Karaman Yolu Üzeri Sokağı No:11 Mut / MERSİN, Mersin, Türkiye</address>
        <description><![CDATA[Konum: Yapıntı Mahallesi Mersin Karaman Yolu Üzeri Sokağı No:11 Mut / MERSİN, Mersin, Türkiye<br>İlçe: Mut<br>Marka: beefull<br>Şarj Tipi: DC<br>AC Soket: 0<br>DC Soket: 2<br>Soket Özeti: 2 × CCS<br>Maksimum Güç (kW): 1600<br>Şarj Ağı İşletmecisi: BEEFULL ENERJİ TEKNOLOJİLERİ ANONİM ŞİRKETİ<br>İstasyon No: ŞRJ/20841<br>Adres: Yapıntı Mahallesi Mersin Karaman Yolu Üzeri Sokağı No:11 Mut / MERSİN<br>Açıklama: Marka: beefull<br>İlçe: Mut<br>Şarj tipi: DC<br>Soketler: 2 × CCS<br>Maksimum güç: 160.0 kW<br>Şarj ağı işletmecisi: BEEFULL ENERJİ TEKNOLOJİLERİ ANONİM ŞİRKETİ<br>İstasyon no: ŞRJ/20841]]></description>
        <styleUrl>#icon-1899-0288D1</styleUrl>
        <ExtendedData>
          <Data name="Konum">
            <value>Yapıntı Mahallesi Mersin Karaman Yolu Üzeri Sokağı No:11 Mut / MERSİN, Mersin, Türkiye</value>
          </Data>
          <Data name="İlçe">
            <value>Mut</value>
          </Data>
          <Data name="Marka">
            <value>beefull</value>
          </Data>
          <Data name="Şarj Tipi">
            <value>DC</value>
          </Data>
          <Data name="AC Soket">
            <value>0.0</value>
          </Data>
          <Data name="DC Soket">
            <value>2.0</value>
          </Data>
          <Data name="Soket Özeti">
            <value>2 × CCS</value>
          </Data>
          <Data name="Maksimum Güç (kW)">
            <value>1600.0</value>
          </Data>
          <Data name="Şarj Ağı İşletmecisi">
            <value>BEEFULL ENERJİ TEKNOLOJİLERİ ANONİM ŞİRKETİ</value>
          </Data>
          <Data name="İstasyon No">
            <value>ŞRJ/20841</value>
          </Data>
          <Data name="Adres">
            <value>Yapıntı Mahallesi Mersin Karaman Yolu Üzeri Sokağı No:11 Mut / MERSİN</value>
          </Data>
          <Data name="Açıklama">
            <value>Marka: beefull
İlçe: Mut
Şarj tipi: DC
Soketler: 2 × CCS
Maksimum güç: 160.0 kW
Şarj ağı işletmecisi: BEEFULL ENERJİ TEKNOLOJİLERİ ANONİM ŞİRKETİ
İstasyon no: ŞRJ/20841</value>
          </Data>
        </ExtendedData>
      </Placemark>
      <Placemark>
        <name>Mira Blue OTel</name>
        <address>Yeni Mahallesi Gazi Mustafa Kemal Bulvarı Caddesi No:663 Mezitli / MERSİN, Mersin, Türkiye</address>
        <description><![CDATA[Konum: Yeni Mahallesi Gazi Mustafa Kemal Bulvarı Caddesi No:663 Mezitli / MERSİN, Mersin, Türkiye<br>İlçe: Mezitli<br>Marka: AUTOVOLT<br>Şarj Tipi: DC<br>AC Soket: 0<br>DC Soket: 2<br>Soket Özeti: 2 × CCS<br>Maksimum Güç (kW): 1200<br>Şarj Ağı İşletmecisi: AUTOVOLT ENERJİ TEKNOLOJİ SİSTEMLERİ İTHALAT İHRACAT SANAYİ VE TİCARET LİMİTED ŞİRKETİ<br>İstasyon No: ŞRJ/21063<br>Adres: Yeni Mahallesi Gazi Mustafa Kemal Bulvarı Caddesi No:663 Mezitli / MERSİN<br>Açıklama: Marka: AUTOVOLT<br>İlçe: Mezitli<br>Şarj tipi: DC<br>Soketler: 2 × CCS<br>Maksimum güç: 120.0 kW<br>Şarj ağı işletmecisi: AUTOVOLT ENERJİ TEKNOLOJİ SİSTEMLERİ İTHALAT İHRACAT SANAYİ VE TİCARET LİMİTED ŞİRKETİ<br>İstasyon no: ŞRJ/21063]]></description>
        <styleUrl>#icon-1899-0288D1</styleUrl>
        <ExtendedData>
          <Data name="Konum">
            <value>Yeni Mahallesi Gazi Mustafa Kemal Bulvarı Caddesi No:663 Mezitli / MERSİN, Mersin, Türkiye</value>
          </Data>
          <Data name="İlçe">
            <value>Mezitli</value>
          </Data>
          <Data name="Marka">
            <value>AUTOVOLT</value>
          </Data>
          <Data name="Şarj Tipi">
            <value>DC</value>
          </Data>
          <Data name="AC Soket">
            <value>0.0</value>
          </Data>
          <Data name="DC Soket">
            <value>2.0</value>
          </Data>
          <Data name="Soket Özeti">
            <value>2 × CCS</value>
          </Data>
          <Data name="Maksimum Güç (kW)">
            <value>1200.0</value>
          </Data>
          <Data name="Şarj Ağı İşletmecisi">
            <value>AUTOVOLT ENERJİ TEKNOLOJİ SİSTEMLERİ İTHALAT İHRACAT SANAYİ VE TİCARET LİMİTED ŞİRKETİ</value>
          </Data>
          <Data name="İstasyon No">
            <value>ŞRJ/21063</value>
          </Data>
          <Data name="Adres">
            <value>Yeni Mahallesi Gazi Mustafa Kemal Bulvarı Caddesi No:663 Mezitli / MERSİN</value>
          </Data>
          <Data name="Açıklama">
            <value>Marka: AUTOVOLT
İlçe: Mezitli
Şarj tipi: DC
Soketler: 2 × CCS
Maksimum güç: 120.0 kW
Şarj ağı işletmecisi: AUTOVOLT ENERJİ TEKNOLOJİ SİSTEMLERİ İTHALAT İHRACAT SANAYİ VE TİCARET LİMİTED ŞİRKETİ
İstasyon no: ŞRJ/21063</value>
          </Data>
        </ExtendedData>
      </Placemark>
      <Placemark>
        <name>ASTORŞARJ ERDEMLİ NOVACİTY AVM</name>
        <address>Merkez Mahallesi Alparslan Türkeş Sokağı No:78 Erdemli / MERSİN, Mersin, Türkiye</address>
        <description><![CDATA[Konum: Merkez Mahallesi Alparslan Türkeş Sokağı No:78 Erdemli / MERSİN, Mersin, Türkiye<br>İlçe: Erdemli<br>Marka: ASTOR<br>Şarj Tipi: DC<br>AC Soket: 0<br>DC Soket: 2<br>Soket Özeti: 2 × CCS<br>Maksimum Güç (kW): 3000<br>Şarj Ağı İşletmecisi: ASTOR ENERJİ ANONİM ŞİRKETİ<br>İstasyon No: ŞRJ/21169<br>Adres: Merkez Mahallesi Alparslan Türkeş Sokağı No:78 Erdemli / MERSİN<br>Açıklama: Marka: ASTOR<br>İlçe: Erdemli<br>Şarj tipi: DC<br>Soketler: 2 × CCS<br>Maksimum güç: 300.0 kW<br>Şarj ağı işletmecisi: ASTOR ENERJİ ANONİM ŞİRKETİ<br>İstasyon no: ŞRJ/21169]]></description>
        <styleUrl>#icon-1899-0288D1</styleUrl>
        <ExtendedData>
          <Data name="Konum">
            <value>Merkez Mahallesi Alparslan Türkeş Sokağı No:78 Erdemli / MERSİN, Mersin, Türkiye</value>
          </Data>
          <Data name="İlçe">
            <value>Erdemli</value>
          </Data>
          <Data name="Marka">
            <value>ASTOR</value>
          </Data>
          <Data name="Şarj Tipi">
            <value>DC</value>
          </Data>
          <Data name="AC Soket">
            <value>0.0</value>
          </Data>
          <Data name="DC Soket">
            <value>2.0</value>
          </Data>
          <Data name="Soket Özeti">
            <value>2 × CCS</value>
          </Data>
          <Data name="Maksimum Güç (kW)">
            <value>3000.0</value>
          </Data>
          <Data name="Şarj Ağı İşletmecisi">
            <value>ASTOR ENERJİ ANONİM ŞİRKETİ</value>
          </Data>
          <Data name="İstasyon No">
            <value>ŞRJ/21169</value>
          </Data>
          <Data name="Adres">
            <value>Merkez Mahallesi Alparslan Türkeş Sokağı No:78 Erdemli / MERSİN</value>
          </Data>
          <Data name="Açıklama">
            <value>Marka: ASTOR
İlçe: Erdemli
Şarj tipi: DC
Soketler: 2 × CCS
Maksimum güç: 300.0 kW
Şarj ağı işletmecisi: ASTOR ENERJİ ANONİM ŞİRKETİ
İstasyon no: ŞRJ/21169</value>
          </Data>
        </ExtendedData>
      </Placemark>
      <Placemark>
        <name>MERSİN NOBEL OTEL</name>
        <address>Çankaya Mahallesi İstiklal Caddesi İstiklal Sokağı No:73 Akdeniz / MERSİN, Mersin, Türkiye</address>
        <description><![CDATA[Konum: Çankaya Mahallesi İstiklal Caddesi İstiklal Sokağı No:73 Akdeniz / MERSİN, Mersin, Türkiye<br>İlçe: Akdeniz<br>Marka: KES<br>Şarj Tipi: AC<br>AC Soket: 2<br>DC Soket: 0<br>Soket Özeti: 2 × Type 2<br>Maksimum Güç (kW): 220<br>Şarj Ağı İşletmecisi: KLR ENERJİ SİSTEMLERİ SANAYİ VE TİCARET ANONİM ŞİRKETİ<br>İstasyon No: ŞRJ/21374<br>Adres: Çankaya Mahallesi İstiklal Caddesi İstiklal Sokağı No:73 Akdeniz / MERSİN<br>Açıklama: Marka: KES<br>İlçe: Akdeniz<br>Şarj tipi: AC<br>Soketler: 2 × Type 2<br>Maksimum güç: 22.0 kW<br>Şarj ağı işletmecisi: KLR ENERJİ SİSTEMLERİ SANAYİ VE TİCARET ANONİM ŞİRKETİ<br>İstasyon no: ŞRJ/21374]]></description>
        <styleUrl>#icon-1899-0288D1</styleUrl>
        <ExtendedData>
          <Data name="Konum">
            <value>Çankaya Mahallesi İstiklal Caddesi İstiklal Sokağı No:73 Akdeniz / MERSİN, Mersin, Türkiye</value>
          </Data>
          <Data name="İlçe">
            <value>Akdeniz</value>
          </Data>
          <Data name="Marka">
            <value>KES</value>
          </Data>
          <Data name="Şarj Tipi">
            <value>AC</value>
          </Data>
          <Data name="AC Soket">
            <value>2.0</value>
          </Data>
          <Data name="DC Soket">
            <value>0.0</value>
          </Data>
          <Data name="Soket Özeti">
            <value>2 × Type 2</value>
          </Data>
          <Data name="Maksimum Güç (kW)">
            <value>220.0</value>
          </Data>
          <Data name="Şarj Ağı İşletmecisi">
            <value>KLR ENERJİ SİSTEMLERİ SANAYİ VE TİCARET ANONİM ŞİRKETİ</value>
          </Data>
          <Data name="İstasyon No">
            <value>ŞRJ/21374</value>
          </Data>
          <Data name="Adres">
            <value>Çankaya Mahallesi İstiklal Caddesi İstiklal Sokağı No:73 Akdeniz / MERSİN</value>
          </Data>
          <Data name="Açıklama">
            <value>Marka: KES
İlçe: Akdeniz
Şarj tipi: AC
Soketler: 2 × Type 2
Maksimum güç: 22.0 kW
Şarj ağı işletmecisi: KLR ENERJİ SİSTEMLERİ SANAYİ VE TİCARET ANONİM ŞİRKETİ
İstasyon no: ŞRJ/21374</value>
          </Data>
        </ExtendedData>
      </Placemark>
      <Placemark>
        <name>Forum Suite Otel Şarj İstasyonu</name>
        <address>Güvenevler Mahallesi 1912 Sokağı No:10 Merkez Yenişehir / MERSİN, Mersin, Türkiye</address>
        <description><![CDATA[Konum: Güvenevler Mahallesi 1912 Sokağı No:10 Merkez Yenişehir / MERSİN, Mersin, Türkiye<br>İlçe: Yenişehir<br>Marka: ORBİT ENERJİ HAB. TEK. SAN. VE TİC. A.Ş.<br>Şarj Tipi: AC<br>AC Soket: 2<br>DC Soket: 0<br>Soket Özeti: 2 × Type 2<br>Maksimum Güç (kW): 220<br>Şarj Ağı İşletmecisi: ORBİT ENERJİ HABERLEŞME TEKNOLOJİ SANAYİ VE TİCARET ANONİM ŞİRKETİ<br>İstasyon No: ŞRJ/21397<br>Adres: Güvenevler Mahallesi 1912 Sokağı No:10 Merkez Yenişehir / MERSİN<br>Açıklama: Marka: ORBİT ENERJİ HAB. TEK. SAN. VE TİC. A.Ş.<br>İlçe: Yenişehir<br>Şarj tipi: AC<br>Soketler: 2 × Type 2<br>Maksimum güç: 22.0 kW<br>Şarj ağı işletmecisi: ORBİT ENERJİ HABERLEŞME TEKNOLOJİ SANAYİ VE TİCARET ANONİM ŞİRKETİ<br>İstasyon no: ŞRJ/21397]]></description>
        <styleUrl>#icon-1899-0288D1</styleUrl>
        <ExtendedData>
          <Data name="Konum">
            <value>Güvenevler Mahallesi 1912 Sokağı No:10 Merkez Yenişehir / MERSİN, Mersin, Türkiye</value>
          </Data>
          <Data name="İlçe">
            <value>Yenişehir</value>
          </Data>
          <Data name="Marka">
            <value>ORBİT ENERJİ HAB. TEK. SAN. VE TİC. A.Ş.</value>
          </Data>
          <Data name="Şarj Tipi">
            <value>AC</value>
          </Data>
          <Data name="AC Soket">
            <value>2.0</value>
          </Data>
          <Data name="DC Soket">
            <value>0.0</value>
          </Data>
          <Data name="Soket Özeti">
            <value>2 × Type 2</value>
          </Data>
          <Data name="Maksimum Güç (kW)">
            <value>220.0</value>
          </Data>
          <Data name="Şarj Ağı İşletmecisi">
            <value>ORBİT ENERJİ HABERLEŞME TEKNOLOJİ SANAYİ VE TİCARET ANONİM ŞİRKETİ</value>
          </Data>
          <Data name="İstasyon No">
            <value>ŞRJ/21397</value>
          </Data>
          <Data name="Adres">
            <value>Güvenevler Mahallesi 1912 Sokağı No:10 Merkez Yenişehir / MERSİN</value>
          </Data>
          <Data name="Açıklama">
            <value>Marka: ORBİT ENERJİ HAB. TEK. SAN. VE TİC. A.Ş.
İlçe: Yenişehir
Şarj tipi: AC
Soketler: 2 × Type 2
Maksimum güç: 22.0 kW
Şarj ağı işletmecisi: ORBİT ENERJİ HABERLEŞME TEKNOLOJİ SANAYİ VE TİCARET ANONİM ŞİRKETİ
İstasyon no: ŞRJ/21397</value>
          </Data>
        </ExtendedData>
      </Placemark>
      <Placemark>
        <name>MERSİN KAR OTEL</name>
        <address>Üç Ocak Mahallesi 5425 Sokağı No:4 Akdeniz / MERSİN, Mersin, Türkiye</address>
        <description><![CDATA[Konum: Üç Ocak Mahallesi 5425 Sokağı No:4 Akdeniz / MERSİN, Mersin, Türkiye<br>İlçe: Akdeniz<br>Marka: KES<br>Şarj Tipi: AC<br>AC Soket: 2<br>DC Soket: 0<br>Soket Özeti: 2 × Type 2<br>Maksimum Güç (kW): 220<br>Şarj Ağı İşletmecisi: KLR ENERJİ SİSTEMLERİ SANAYİ VE TİCARET ANONİM ŞİRKETİ<br>İstasyon No: ŞRJ/21607<br>Adres: Üç Ocak Mahallesi 5425 Sokağı No:4 Akdeniz / MERSİN<br>Açıklama: Marka: KES<br>İlçe: Akdeniz<br>Şarj tipi: AC<br>Soketler: 2 × Type 2<br>Maksimum güç: 22.0 kW<br>Şarj ağı işletmecisi: KLR ENERJİ SİSTEMLERİ SANAYİ VE TİCARET ANONİM ŞİRKETİ<br>İstasyon no: ŞRJ/21607]]></description>
        <styleUrl>#icon-1899-0288D1</styleUrl>
        <ExtendedData>
          <Data name="Konum">
            <value>Üç Ocak Mahallesi 5425 Sokağı No:4 Akdeniz / MERSİN, Mersin, Türkiye</value>
          </Data>
          <Data name="İlçe">
            <value>Akdeniz</value>
          </Data>
          <Data name="Marka">
            <value>KES</value>
          </Data>
          <Data name="Şarj Tipi">
            <value>AC</value>
          </Data>
          <Data name="AC Soket">
            <value>2.0</value>
          </Data>
          <Data name="DC Soket">
            <value>0.0</value>
          </Data>
          <Data name="Soket Özeti">
            <value>2 × Type 2</value>
          </Data>
          <Data name="Maksimum Güç (kW)">
            <value>220.0</value>
          </Data>
          <Data name="Şarj Ağı İşletmecisi">
            <value>KLR ENERJİ SİSTEMLERİ SANAYİ VE TİCARET ANONİM ŞİRKETİ</value>
          </Data>
          <Data name="İstasyon No">
            <value>ŞRJ/21607</value>
          </Data>
          <Data name="Adres">
            <value>Üç Ocak Mahallesi 5425 Sokağı No:4 Akdeniz / MERSİN</value>
          </Data>
          <Data name="Açıklama">
            <value>Marka: KES
İlçe: Akdeniz
Şarj tipi: AC
Soketler: 2 × Type 2
Maksimum güç: 22.0 kW
Şarj ağı işletmecisi: KLR ENERJİ SİSTEMLERİ SANAYİ VE TİCARET ANONİM ŞİRKETİ
İstasyon no: ŞRJ/21607</value>
          </Data>
        </ExtendedData>
      </Placemark>
      <Placemark>
        <name>Mersin - Çamlıyayla - Çamlıyayla Belediyesi Otoparkı</name>
        <address>Cumayakası Mahallesi Pazar Sokağı No:15 Çamlıyayla / MERSİN, Mersin, Türkiye</address>
        <description><![CDATA[Konum: Cumayakası Mahallesi Pazar Sokağı No:15 Çamlıyayla / MERSİN, Mersin, Türkiye<br>İlçe: Çamlıyayla<br>Marka: VOLTGO<br>Şarj Tipi: DC<br>AC Soket: 0<br>DC Soket: 1<br>Soket Özeti: 1 × CCS<br>Maksimum Güç (kW): 600<br>Şarj Ağı İşletmecisi: VOLTGO ŞARJ HİZMETLERİ ANONİM ŞİRKETİ<br>İstasyon No: ŞRJ/21936<br>Adres: Cumayakası Mahallesi Pazar Sokağı No:15 Çamlıyayla / MERSİN<br>Açıklama: Marka: VOLTGO<br>İlçe: Çamlıyayla<br>Şarj tipi: DC<br>Soketler: 1 × CCS<br>Maksimum güç: 60.0 kW<br>Şarj ağı işletmecisi: VOLTGO ŞARJ HİZMETLERİ ANONİM ŞİRKETİ<br>İstasyon no: ŞRJ/21936]]></description>
        <styleUrl>#icon-1899-0288D1</styleUrl>
        <ExtendedData>
          <Data name="Konum">
            <value>Cumayakası Mahallesi Pazar Sokağı No:15 Çamlıyayla / MERSİN, Mersin, Türkiye</value>
          </Data>
          <Data name="İlçe">
            <value>Çamlıyayla</value>
          </Data>
          <Data name="Marka">
            <value>VOLTGO</value>
          </Data>
          <Data name="Şarj Tipi">
            <value>DC</value>
          </Data>
          <Data name="AC Soket">
            <value>0.0</value>
          </Data>
          <Data name="DC Soket">
            <value>1.0</value>
          </Data>
          <Data name="Soket Özeti">
            <value>1 × CCS</value>
          </Data>
          <Data name="Maksimum Güç (kW)">
            <value>600.0</value>
          </Data>
          <Data name="Şarj Ağı İşletmecisi">
            <value>VOLTGO ŞARJ HİZMETLERİ ANONİM ŞİRKETİ</value>
          </Data>
          <Data name="İstasyon No">
            <value>ŞRJ/21936</value>
          </Data>
          <Data name="Adres">
            <value>Cumayakası Mahallesi Pazar Sokağı No:15 Çamlıyayla / MERSİN</value>
          </Data>
          <Data name="Açıklama">
            <value>Marka: VOLTGO
İlçe: Çamlıyayla
Şarj tipi: DC
Soketler: 1 × CCS
Maksimum güç: 60.0 kW
Şarj ağı işletmecisi: VOLTGO ŞARJ HİZMETLERİ ANONİM ŞİRKETİ
İstasyon no: ŞRJ/21936</value>
          </Data>
        </ExtendedData>
      </Placemark>
      <Placemark>
        <name>Sultaşa Otel</name>
        <address>Eğriçam Mahallesi 22107 Sokağı No:17 Yenişehir / MERSİN, Mersin, Türkiye</address>
        <description><![CDATA[Konum: Eğriçam Mahallesi 22107 Sokağı No:17 Yenişehir / MERSİN, Mersin, Türkiye<br>İlçe: Yenişehir<br>Marka: POWERŞARJ<br>Şarj Tipi: AC + DC<br>AC Soket: 2<br>DC Soket: 2<br>Soket Özeti: 2 × CCS, 2 × Type 2<br>Maksimum Güç (kW): 1000<br>Şarj Ağı İşletmecisi: WHITE ROSE MOTOR SANAYİ VE OTOMASYON TİCARET LİMİTED ŞİRKETİ<br>İstasyon No: ŞRJ/8939<br>Adres: Eğriçam Mahallesi 22107 Sokağı No:17 Yenişehir / MERSİN<br>Açıklama: Marka: POWERŞARJ<br>İlçe: Yenişehir<br>Şarj tipi: AC + DC<br>Soketler: 2 × CCS, 2 × Type 2<br>Maksimum güç: 100.0 kW<br>Şarj ağı işletmecisi: WHITE ROSE MOTOR SANAYİ VE OTOMASYON TİCARET LİMİTED ŞİRKETİ<br>İstasyon no: ŞRJ/8939]]></description>
        <styleUrl>#icon-1899-0288D1</styleUrl>
        <ExtendedData>
          <Data name="Konum">
            <value>Eğriçam Mahallesi 22107 Sokağı No:17 Yenişehir / MERSİN, Mersin, Türkiye</value>
          </Data>
          <Data name="İlçe">
            <value>Yenişehir</value>
          </Data>
          <Data name="Marka">
            <value>POWERŞARJ</value>
          </Data>
          <Data name="Şarj Tipi">
            <value>AC + DC</value>
          </Data>
          <Data name="AC Soket">
            <value>2.0</value>
          </Data>
          <Data name="DC Soket">
            <value>2.0</value>
          </Data>
          <Data name="Soket Özeti">
            <value>2 × CCS, 2 × Type 2</value>
          </Data>
          <Data name="Maksimum Güç (kW)">
            <value>1000.0</value>
          </Data>
          <Data name="Şarj Ağı İşletmecisi">
            <value>WHITE ROSE MOTOR SANAYİ VE OTOMASYON TİCARET LİMİTED ŞİRKETİ</value>
          </Data>
          <Data name="İstasyon No">
            <value>ŞRJ/8939</value>
          </Data>
          <Data name="Adres">
            <value>Eğriçam Mahallesi 22107 Sokağı No:17 Yenişehir / MERSİN</value>
          </Data>
          <Data name="Açıklama">
            <value>Marka: POWERŞARJ
İlçe: Yenişehir
Şarj tipi: AC + DC
Soketler: 2 × CCS, 2 × Type 2
Maksimum güç: 100.0 kW
Şarj ağı işletmecisi: WHITE ROSE MOTOR SANAYİ VE OTOMASYON TİCARET LİMİTED ŞİRKETİ
İstasyon no: ŞRJ/8939</value>
          </Data>
        </ExtendedData>
      </Placemark>
      <Placemark>
        <name>Forum Yaşam Hastanesi</name>
        <address>Güvenevler Mahallesi 20. Caddesi No:48 Yenişehir / MERSİN, Mersin, Türkiye</address>
        <description><![CDATA[Konum: Güvenevler Mahallesi 20. Caddesi No:48 Yenişehir / MERSİN, Mersin, Türkiye<br>İlçe: Yenişehir<br>Marka: POWERŞARJ<br>Şarj Tipi: DC<br>AC Soket: 0<br>DC Soket: 2<br>Soket Özeti: 2 × CCS<br>Maksimum Güç (kW): 2400<br>Şarj Ağı İşletmecisi: WHITE ROSE MOTOR SANAYİ VE OTOMASYON TİCARET LİMİTED ŞİRKETİ<br>İstasyon No: ŞRJ/13489<br>Adres: Güvenevler Mahallesi 20. Caddesi No:48 Yenişehir / MERSİN<br>Açıklama: Marka: POWERŞARJ<br>İlçe: Yenişehir<br>Şarj tipi: DC<br>Soketler: 2 × CCS<br>Maksimum güç: 240.0 kW<br>Şarj ağı işletmecisi: WHITE ROSE MOTOR SANAYİ VE OTOMASYON TİCARET LİMİTED ŞİRKETİ<br>İstasyon no: ŞRJ/13489]]></description>
        <styleUrl>#icon-1899-0288D1</styleUrl>
        <ExtendedData>
          <Data name="Konum">
            <value>Güvenevler Mahallesi 20. Caddesi No:48 Yenişehir / MERSİN, Mersin, Türkiye</value>
          </Data>
          <Data name="İlçe">
            <value>Yenişehir</value>
          </Data>
          <Data name="Marka">
            <value>POWERŞARJ</value>
          </Data>
          <Data name="Şarj Tipi">
            <value>DC</value>
          </Data>
          <Data name="AC Soket">
            <value>0.0</value>
          </Data>
          <Data name="DC Soket">
            <value>2.0</value>
          </Data>
          <Data name="Soket Özeti">
            <value>2 × CCS</value>
          </Data>
          <Data name="Maksimum Güç (kW)">
            <value>2400.0</value>
          </Data>
          <Data name="Şarj Ağı İşletmecisi">
            <value>WHITE ROSE MOTOR SANAYİ VE OTOMASYON TİCARET LİMİTED ŞİRKETİ</value>
          </Data>
          <Data name="İstasyon No">
            <value>ŞRJ/13489</value>
          </Data>
          <Data name="Adres">
            <value>Güvenevler Mahallesi 20. Caddesi No:48 Yenişehir / MERSİN</value>
          </Data>
          <Data name="Açıklama">
            <value>Marka: POWERŞARJ
İlçe: Yenişehir
Şarj tipi: DC
Soketler: 2 × CCS
Maksimum güç: 240.0 kW
Şarj ağı işletmecisi: WHITE ROSE MOTOR SANAYİ VE OTOMASYON TİCARET LİMİTED ŞİRKETİ
İstasyon no: ŞRJ/13489</value>
          </Data>
        </ExtendedData>
      </Placemark>
      <Placemark>
        <name>Forya Otel</name>
        <address>Kuzeykent Mahallesi 31168 Sokağı No:7 Yenişehir / MERSİN, Mersin, Türkiye</address>
        <description><![CDATA[Konum: Kuzeykent Mahallesi 31168 Sokağı No:7 Yenişehir / MERSİN, Mersin, Türkiye<br>İlçe: Yenişehir<br>Marka: POWERŞARJ<br>Şarj Tipi: DC<br>AC Soket: 0<br>DC Soket: 2<br>Soket Özeti: 2 × CCS<br>Maksimum Güç (kW): 1600<br>Şarj Ağı İşletmecisi: WHITE ROSE MOTOR SANAYİ VE OTOMASYON TİCARET LİMİTED ŞİRKETİ<br>İstasyon No: ŞRJ/18821<br>Adres: Kuzeykent Mahallesi 31168 Sokağı No:7 Yenişehir / MERSİN<br>Açıklama: Marka: POWERŞARJ<br>İlçe: Yenişehir<br>Şarj tipi: DC<br>Soketler: 2 × CCS<br>Maksimum güç: 160.0 kW<br>Şarj ağı işletmecisi: WHITE ROSE MOTOR SANAYİ VE OTOMASYON TİCARET LİMİTED ŞİRKETİ<br>İstasyon no: ŞRJ/18821]]></description>
        <styleUrl>#icon-1899-0288D1</styleUrl>
        <ExtendedData>
          <Data name="Konum">
            <value>Kuzeykent Mahallesi 31168 Sokağı No:7 Yenişehir / MERSİN, Mersin, Türkiye</value>
          </Data>
          <Data name="İlçe">
            <value>Yenişehir</value>
          </Data>
          <Data name="Marka">
            <value>POWERŞARJ</value>
          </Data>
          <Data name="Şarj Tipi">
            <value>DC</value>
          </Data>
          <Data name="AC Soket">
            <value>0.0</value>
          </Data>
          <Data name="DC Soket">
            <value>2.0</value>
          </Data>
          <Data name="Soket Özeti">
            <value>2 × CCS</value>
          </Data>
          <Data name="Maksimum Güç (kW)">
            <value>1600.0</value>
          </Data>
          <Data name="Şarj Ağı İşletmecisi">
            <value>WHITE ROSE MOTOR SANAYİ VE OTOMASYON TİCARET LİMİTED ŞİRKETİ</value>
          </Data>
          <Data name="İstasyon No">
            <value>ŞRJ/18821</value>
          </Data>
          <Data name="Adres">
            <value>Kuzeykent Mahallesi 31168 Sokağı No:7 Yenişehir / MERSİN</value>
          </Data>
          <Data name="Açıklama">
            <value>Marka: POWERŞARJ
İlçe: Yenişehir
Şarj tipi: DC
Soketler: 2 × CCS
Maksimum güç: 160.0 kW
Şarj ağı işletmecisi: WHITE ROSE MOTOR SANAYİ VE OTOMASYON TİCARET LİMİTED ŞİRKETİ
İstasyon no: ŞRJ/18821</value>
          </Data>
        </ExtendedData>
      </Placemark>
      <Placemark>
        <name>Pelit Taşpınar Çamalan Dinlenme Tesisleri Adana Yönü</name>
        <address>Yeniköy Mahallesi Yeniköy Merkez Sokağı No:65/1A E-90 Tck Üzeri Tarsus / MERSİN, Mersin, Türkiye</address>
        <description><![CDATA[Konum: Yeniköy Mahallesi Yeniköy Merkez Sokağı No:65/1A E-90 Tck Üzeri Tarsus / MERSİN, Mersin, Türkiye<br>İlçe: Tarsus<br>Marka: Trugo<br>Şarj Tipi: DC<br>AC Soket: 0<br>DC Soket: 2<br>Soket Özeti: 2 × CCS<br>Maksimum Güç (kW): 1800<br>Şarj Ağı İşletmecisi: TRUGO AKILLI ŞARJ ÇÖZÜMLERİ SANAYİ VE TİCARET ANONİM ŞİRKETİ<br>İstasyon No: ŞRJ/16004<br>Adres: Yeniköy Mahallesi Yeniköy Merkez Sokağı No:65/1A E-90 Tck Üzeri Tarsus / MERSİN<br>Açıklama: Marka: Trugo<br>İlçe: Tarsus<br>Şarj tipi: DC<br>Soketler: 2 × CCS<br>Maksimum güç: 180.0 kW<br>Şarj ağı işletmecisi: TRUGO AKILLI ŞARJ ÇÖZÜMLERİ SANAYİ VE TİCARET ANONİM ŞİRKETİ<br>İstasyon no: ŞRJ/16004]]></description>
        <styleUrl>#icon-1899-0288D1</styleUrl>
        <ExtendedData>
          <Data name="Konum">
            <value>Yeniköy Mahallesi Yeniköy Merkez Sokağı No:65/1A E-90 Tck Üzeri Tarsus / MERSİN, Mersin, Türkiye</value>
          </Data>
          <Data name="İlçe">
            <value>Tarsus</value>
          </Data>
          <Data name="Marka">
            <value>Trugo</value>
          </Data>
          <Data name="Şarj Tipi">
            <value>DC</value>
          </Data>
          <Data name="AC Soket">
            <value>0.0</value>
          </Data>
          <Data name="DC Soket">
            <value>2.0</value>
          </Data>
          <Data name="Soket Özeti">
            <value>2 × CCS</value>
          </Data>
          <Data name="Maksimum Güç (kW)">
            <value>1800.0</value>
          </Data>
          <Data name="Şarj Ağı İşletmecisi">
            <value>TRUGO AKILLI ŞARJ ÇÖZÜMLERİ SANAYİ VE TİCARET ANONİM ŞİRKETİ</value>
          </Data>
          <Data name="İstasyon No">
            <value>ŞRJ/16004</value>
          </Data>
          <Data name="Adres">
            <value>Yeniköy Mahallesi Yeniköy Merkez Sokağı No:65/1A E-90 Tck Üzeri Tarsus / MERSİN</value>
          </Data>
          <Data name="Açıklama">
            <value>Marka: Trugo
İlçe: Tarsus
Şarj tipi: DC
Soketler: 2 × CCS
Maksimum güç: 180.0 kW
Şarj ağı işletmecisi: TRUGO AKILLI ŞARJ ÇÖZÜMLERİ SANAYİ VE TİCARET ANONİM ŞİRKETİ
İstasyon no: ŞRJ/16004</value>
          </Data>
        </ExtendedData>
      </Placemark>
      <Placemark>
        <name>DC DENİZHAN 2 1/2 AC DENİZHAN 2 1/2/3</name>
        <address>Menderes Mahallesi Barbaros Hayrettin Paşa Caddesi No:13 Mezitli / MERSİN, Mersin, Türkiye</address>
        <description><![CDATA[Konum: Menderes Mahallesi Barbaros Hayrettin Paşa Caddesi No:13 Mezitli / MERSİN, Mersin, Türkiye<br>İlçe: Mezitli<br>Marka: MYCHARGE<br>Şarj Tipi: AC + DC<br>AC Soket: 3<br>DC Soket: 2<br>Soket Özeti: 2 × CCS, 3 × Type 2<br>Maksimum Güç (kW): 1200<br>Şarj Ağı İşletmecisi: MANAS İPLİK SANAYİ VE TİCARET ANONİM ŞİRKETİ<br>İstasyon No: ŞRJ/22145<br>Adres: Menderes Mahallesi Barbaros Hayrettin Paşa Caddesi No:13 Mezitli / MERSİN<br>Açıklama: Marka: MYCHARGE<br>İlçe: Mezitli<br>Şarj tipi: AC + DC<br>Soketler: 2 × CCS, 3 × Type 2<br>Maksimum güç: 120.0 kW<br>Şarj ağı işletmecisi: MANAS İPLİK SANAYİ VE TİCARET ANONİM ŞİRKETİ<br>İstasyon no: ŞRJ/22145]]></description>
        <styleUrl>#icon-1899-0288D1</styleUrl>
        <ExtendedData>
          <Data name="Konum">
            <value>Menderes Mahallesi Barbaros Hayrettin Paşa Caddesi No:13 Mezitli / MERSİN, Mersin, Türkiye</value>
          </Data>
          <Data name="İlçe">
            <value>Mezitli</value>
          </Data>
          <Data name="Marka">
            <value>MYCHARGE</value>
          </Data>
          <Data name="Şarj Tipi">
            <value>AC + DC</value>
          </Data>
          <Data name="AC Soket">
            <value>3.0</value>
          </Data>
          <Data name="DC Soket">
            <value>2.0</value>
          </Data>
          <Data name="Soket Özeti">
            <value>2 × CCS, 3 × Type 2</value>
          </Data>
          <Data name="Maksimum Güç (kW)">
            <value>1200.0</value>
          </Data>
          <Data name="Şarj Ağı İşletmecisi">
            <value>MANAS İPLİK SANAYİ VE TİCARET ANONİM ŞİRKETİ</value>
          </Data>
          <Data name="İstasyon No">
            <value>ŞRJ/22145</value>
          </Data>
          <Data name="Adres">
            <value>Menderes Mahallesi Barbaros Hayrettin Paşa Caddesi No:13 Mezitli / MERSİN</value>
          </Data>
          <Data name="Açıklama">
            <value>Marka: MYCHARGE
İlçe: Mezitli
Şarj tipi: AC + DC
Soketler: 2 × CCS, 3 × Type 2
Maksimum güç: 120.0 kW
Şarj ağı işletmecisi: MANAS İPLİK SANAYİ VE TİCARET ANONİM ŞİRKETİ
İstasyon no: ŞRJ/22145</value>
          </Data>
        </ExtendedData>
      </Placemark>
      <Placemark>
        <name>Mega Petrol</name>
        <description><![CDATA[Konum: Öğretmenler Mahallesi Sait Polat Sokağı No:55 Tarsus / MERSİN, Mersin, Türkiye<br>İlçe: Tarsus<br>Marka: zes<br>Şarj Tipi: DC<br>AC Soket: 0<br>DC Soket: 4<br>Soket Özeti: 4 × CCS<br>Maksimum Güç (kW): 4000<br>Şarj Ağı İşletmecisi: ZES DİJİTAL TİCARET ANONİM ŞİRKETİ<br>İstasyon No: ŞRJ/22247<br>Adres: Öğretmenler Mahallesi Sait Polat Sokağı No:55 Tarsus / MERSİN<br>Açıklama: Marka: zes<br>İlçe: Tarsus<br>Şarj tipi: DC<br>Soketler: 4 × CCS<br>Maksimum güç: 400.0 kW<br>Şarj ağı işletmecisi: ZES DİJİTAL TİCARET ANONİM ŞİRKETİ<br>İstasyon no: ŞRJ/22247]]></description>
        <ExtendedData>
          <Data name="Konum">
            <value>Öğretmenler Mahallesi Sait Polat Sokağı No:55 Tarsus / MERSİN, Mersin, Türkiye</value>
          </Data>
          <Data name="İlçe">
            <value>Tarsus</value>
          </Data>
          <Data name="Marka">
            <value>zes</value>
          </Data>
          <Data name="Şarj Tipi">
            <value>DC</value>
          </Data>
          <Data name="AC Soket">
            <value>0.0</value>
          </Data>
          <Data name="DC Soket">
            <value>4.0</value>
          </Data>
          <Data name="Soket Özeti">
            <value>4 × CCS</value>
          </Data>
          <Data name="Maksimum Güç (kW)">
            <value>4000.0</value>
          </Data>
          <Data name="Şarj Ağı İşletmecisi">
            <value>ZES DİJİTAL TİCARET ANONİM ŞİRKETİ</value>
          </Data>
          <Data name="İstasyon No">
            <value>ŞRJ/22247</value>
          </Data>
          <Data name="Adres">
            <value>Öğretmenler Mahallesi Sait Polat Sokağı No:55 Tarsus / MERSİN</value>
          </Data>
          <Data name="Açıklama">
            <value>Marka: zes
İlçe: Tarsus
Şarj tipi: DC
Soketler: 4 × CCS
Maksimum güç: 400.0 kW
Şarj ağı işletmecisi: ZES DİJİTAL TİCARET ANONİM ŞİRKETİ
İstasyon no: ŞRJ/22247</value>
          </Data>
        </ExtendedData>
      </Placemark>
      <Placemark>
        <name>Elite World Resort, Silifke - DC</name>
        <address>Yeşilovacık Mahallesi Akdeniz Sokağı Silifke / MERSİN, Mersin, Türkiye</address>
        <description><![CDATA[Konum: Yeşilovacık Mahallesi Akdeniz Sokağı Silifke / MERSİN, Mersin, Türkiye<br>İlçe: Silifke<br>Marka: Otopriz<br>Şarj Tipi: DC<br>AC Soket: 0<br>DC Soket: 2<br>Soket Özeti: 2 × CCS<br>Maksimum Güç (kW): 1600<br>Şarj Ağı İşletmecisi: DİCLE KÖK ENERJİ YATIRIM ANONİM ŞİRKETİ<br>İstasyon No: ŞRJ/22307<br>Adres: Yeşilovacık Mahallesi Akdeniz Sokağı Silifke / MERSİN<br>Açıklama: Marka: Otopriz<br>İlçe: Silifke<br>Şarj tipi: DC<br>Soketler: 2 × CCS<br>Maksimum güç: 160.0 kW<br>Şarj ağı işletmecisi: DİCLE KÖK ENERJİ YATIRIM ANONİM ŞİRKETİ<br>İstasyon no: ŞRJ/22307]]></description>
        <styleUrl>#icon-1899-0288D1</styleUrl>
        <ExtendedData>
          <Data name="Konum">
            <value>Yeşilovacık Mahallesi Akdeniz Sokağı Silifke / MERSİN, Mersin, Türkiye</value>
          </Data>
          <Data name="İlçe">
            <value>Silifke</value>
          </Data>
          <Data name="Marka">
            <value>Otopriz</value>
          </Data>
          <Data name="Şarj Tipi">
            <value>DC</value>
          </Data>
          <Data name="AC Soket">
            <value>0.0</value>
          </Data>
          <Data name="DC Soket">
            <value>2.0</value>
          </Data>
          <Data name="Soket Özeti">
            <value>2 × CCS</value>
          </Data>
          <Data name="Maksimum Güç (kW)">
            <value>1600.0</value>
          </Data>
          <Data name="Şarj Ağı İşletmecisi">
            <value>DİCLE KÖK ENERJİ YATIRIM ANONİM ŞİRKETİ</value>
          </Data>
          <Data name="İstasyon No">
            <value>ŞRJ/22307</value>
          </Data>
          <Data name="Adres">
            <value>Yeşilovacık Mahallesi Akdeniz Sokağı Silifke / MERSİN</value>
          </Data>
          <Data name="Açıklama">
            <value>Marka: Otopriz
İlçe: Silifke
Şarj tipi: DC
Soketler: 2 × CCS
Maksimum güç: 160.0 kW
Şarj ağı işletmecisi: DİCLE KÖK ENERJİ YATIRIM ANONİM ŞİRKETİ
İstasyon no: ŞRJ/22307</value>
          </Data>
        </ExtendedData>
      </Placemark>
      <Placemark>
        <name>Novacity AVM</name>
        <address>Merkez Mahallesi Alparslan Türkeş Sokağı No:78 Erdemli / MERSİN, Mersin, Türkiye</address>
        <description><![CDATA[Konum: Merkez Mahallesi Alparslan Türkeş Sokağı No:78 Erdemli / MERSİN, Mersin, Türkiye<br>İlçe: Erdemli<br>Marka: wat mobilite<br>Şarj Tipi: DC<br>AC Soket: 0<br>DC Soket: 2<br>Soket Özeti: 2 × CCS<br>Maksimum Güç (kW): 1800<br>Şarj Ağı İşletmecisi: WAT MOBİLİTE ÇÖZÜMLERİ TEKNOLOJİ VE TİCARET ANONİM ŞİRKETİ<br>İstasyon No: ŞRJ/15142<br>Adres: Merkez Mahallesi Alparslan Türkeş Sokağı No:78 Erdemli / MERSİN<br>Açıklama: Marka: wat mobilite<br>İlçe: Erdemli<br>Şarj tipi: DC<br>Soketler: 2 × CCS<br>Maksimum güç: 180.0 kW<br>Şarj ağı işletmecisi: WAT MOBİLİTE ÇÖZÜMLERİ TEKNOLOJİ VE TİCARET ANONİM ŞİRKETİ<br>İstasyon no: ŞRJ/15142]]></description>
        <styleUrl>#icon-1899-0288D1</styleUrl>
        <ExtendedData>
          <Data name="Konum">
            <value>Merkez Mahallesi Alparslan Türkeş Sokağı No:78 Erdemli / MERSİN, Mersin, Türkiye</value>
          </Data>
          <Data name="İlçe">
            <value>Erdemli</value>
          </Data>
          <Data name="Marka">
            <value>wat mobilite</value>
          </Data>
          <Data name="Şarj Tipi">
            <value>DC</value>
          </Data>
          <Data name="AC Soket">
            <value>0.0</value>
          </Data>
          <Data name="DC Soket">
            <value>2.0</value>
          </Data>
          <Data name="Soket Özeti">
            <value>2 × CCS</value>
          </Data>
          <Data name="Maksimum Güç (kW)">
            <value>1800.0</value>
          </Data>
          <Data name="Şarj Ağı İşletmecisi">
            <value>WAT MOBİLİTE ÇÖZÜMLERİ TEKNOLOJİ VE TİCARET ANONİM ŞİRKETİ</value>
          </Data>
          <Data name="İstasyon No">
            <value>ŞRJ/15142</value>
          </Data>
          <Data name="Adres">
            <value>Merkez Mahallesi Alparslan Türkeş Sokağı No:78 Erdemli / MERSİN</value>
          </Data>
          <Data name="Açıklama">
            <value>Marka: wat mobilite
İlçe: Erdemli
Şarj tipi: DC
Soketler: 2 × CCS
Maksimum güç: 180.0 kW
Şarj ağı işletmecisi: WAT MOBİLİTE ÇÖZÜMLERİ TEKNOLOJİ VE TİCARET ANONİM ŞİRKETİ
İstasyon no: ŞRJ/15142</value>
          </Data>
        </ExtendedData>
      </Placemark>
      <Placemark>
        <name>Durmuş Ali Sindel Şarj İstasyonu</name>
        <description><![CDATA[Konum: Mara Mahallesi Tıkılıtaş Sokağı No:268/A Silifke / MERSİN, Mersin, Türkiye<br>İlçe: Silifke<br>Marka: ORBİT ENERJİ HAB. TEK. SAN. VE TİC. A.Ş.<br>Şarj Tipi: DC<br>AC Soket: 0<br>DC Soket: 2<br>Soket Özeti: 2 × CCS<br>Maksimum Güç (kW): 2400<br>Şarj Ağı İşletmecisi: ORBİT ENERJİ HABERLEŞME TEKNOLOJİ SANAYİ VE TİCARET ANONİM ŞİRKETİ<br>İstasyon No: ŞRJ/22419<br>Adres: Mara Mahallesi Tıkılıtaş Sokağı No:268/A Silifke / MERSİN<br>Açıklama: Marka: ORBİT ENERJİ HAB. TEK. SAN. VE TİC. A.Ş.<br>İlçe: Silifke<br>Şarj tipi: DC<br>Soketler: 2 × CCS<br>Maksimum güç: 240.0 kW<br>Şarj ağı işletmecisi: ORBİT ENERJİ HABERLEŞME TEKNOLOJİ SANAYİ VE TİCARET ANONİM ŞİRKETİ<br>İstasyon no: ŞRJ/22419]]></description>
        <ExtendedData>
          <Data name="Konum">
            <value>Mara Mahallesi Tıkılıtaş Sokağı No:268/A Silifke / MERSİN, Mersin, Türkiye</value>
          </Data>
          <Data name="İlçe">
            <value>Silifke</value>
          </Data>
          <Data name="Marka">
            <value>ORBİT ENERJİ HAB. TEK. SAN. VE TİC. A.Ş.</value>
          </Data>
          <Data name="Şarj Tipi">
            <value>DC</value>
          </Data>
          <Data name="AC Soket">
            <value>0.0</value>
          </Data>
          <Data name="DC Soket">
            <value>2.0</value>
          </Data>
          <Data name="Soket Özeti">
            <value>2 × CCS</value>
          </Data>
          <Data name="Maksimum Güç (kW)">
            <value>2400.0</value>
          </Data>
          <Data name="Şarj Ağı İşletmecisi">
            <value>ORBİT ENERJİ HABERLEŞME TEKNOLOJİ SANAYİ VE TİCARET ANONİM ŞİRKETİ</value>
          </Data>
          <Data name="İstasyon No">
            <value>ŞRJ/22419</value>
          </Data>
          <Data name="Adres">
            <value>Mara Mahallesi Tıkılıtaş Sokağı No:268/A Silifke / MERSİN</value>
          </Data>
          <Data name="Açıklama">
            <value>Marka: ORBİT ENERJİ HAB. TEK. SAN. VE TİC. A.Ş.
İlçe: Silifke
Şarj tipi: DC
Soketler: 2 × CCS
Maksimum güç: 240.0 kW
Şarj ağı işletmecisi: ORBİT ENERJİ HABERLEŞME TEKNOLOJİ SANAYİ VE TİCARET ANONİM ŞİRKETİ
İstasyon no: ŞRJ/22419</value>
          </Data>
        </ExtendedData>
      </Placemark>
      <Placemark>
        <name>Özel Tarsus MMT Amerikan Hastanesi</name>
        <address>Öğretmenler Mahallesi Dumlupınar Caddesi No:3 Tarsus / MERSİN, Mersin, Türkiye</address>
        <description><![CDATA[Konum: Öğretmenler Mahallesi Dumlupınar Caddesi No:3 Tarsus / MERSİN, Mersin, Türkiye<br>İlçe: Tarsus<br>Marka: eşarj<br>Şarj Tipi: DC<br>AC Soket: 0<br>DC Soket: 2<br>Soket Özeti: 2 × CCS<br>Maksimum Güç (kW): 1200<br>Şarj Ağı İşletmecisi: EŞARJ ELEKTRİKLİ ARAÇLAR ŞARJ SİSTEMLERİ ANONİM ŞİRKETİ<br>İstasyon No: ŞRJ/10589<br>Adres: Öğretmenler Mahallesi Dumlupınar Caddesi No:3 Tarsus / MERSİN<br>Açıklama: Marka: eşarj<br>İlçe: Tarsus<br>Şarj tipi: DC<br>Soketler: 2 × CCS<br>Maksimum güç: 120.0 kW<br>Şarj ağı işletmecisi: EŞARJ ELEKTRİKLİ ARAÇLAR ŞARJ SİSTEMLERİ ANONİM ŞİRKETİ<br>İstasyon no: ŞRJ/10589]]></description>
        <styleUrl>#icon-1899-0288D1</styleUrl>
        <ExtendedData>
          <Data name="Konum">
            <value>Öğretmenler Mahallesi Dumlupınar Caddesi No:3 Tarsus / MERSİN, Mersin, Türkiye</value>
          </Data>
          <Data name="İlçe">
            <value>Tarsus</value>
          </Data>
          <Data name="Marka">
            <value>eşarj</value>
          </Data>
          <Data name="Şarj Tipi">
            <value>DC</value>
          </Data>
          <Data name="AC Soket">
            <value>0.0</value>
          </Data>
          <Data name="DC Soket">
            <value>2.0</value>
          </Data>
          <Data name="Soket Özeti">
            <value>2 × CCS</value>
          </Data>
          <Data name="Maksimum Güç (kW)">
            <value>1200.0</value>
          </Data>
          <Data name="Şarj Ağı İşletmecisi">
            <value>EŞARJ ELEKTRİKLİ ARAÇLAR ŞARJ SİSTEMLERİ ANONİM ŞİRKETİ</value>
          </Data>
          <Data name="İstasyon No">
            <value>ŞRJ/10589</value>
          </Data>
          <Data name="Adres">
            <value>Öğretmenler Mahallesi Dumlupınar Caddesi No:3 Tarsus / MERSİN</value>
          </Data>
          <Data name="Açıklama">
            <value>Marka: eşarj
İlçe: Tarsus
Şarj tipi: DC
Soketler: 2 × CCS
Maksimum güç: 120.0 kW
Şarj ağı işletmecisi: EŞARJ ELEKTRİKLİ ARAÇLAR ŞARJ SİSTEMLERİ ANONİM ŞİRKETİ
İstasyon no: ŞRJ/10589</value>
          </Data>
        </ExtendedData>
      </Placemark>
      <Placemark>
        <name>AC QUEENEBA 6/7/8/9/10/11</name>
        <address>Kargıpınar Mahallesi Atsız Sokağı Erdemli / MERSİN, Mersin, Türkiye</address>
        <description><![CDATA[Konum: Kargıpınar Mahallesi Atsız Sokağı Erdemli / MERSİN, Mersin, Türkiye<br>İlçe: Erdemli<br>Marka: MYCHARGE<br>Şarj Tipi: AC<br>AC Soket: 6<br>DC Soket: 0<br>Soket Özeti: 6 × Type 2<br>Maksimum Güç (kW): 220<br>Şarj Ağı İşletmecisi: MANAS İPLİK SANAYİ VE TİCARET ANONİM ŞİRKETİ<br>İstasyon No: ŞRJ/12156<br>Adres: Kargıpınar Mahallesi Atsız Sokağı Erdemli / MERSİN<br>Açıklama: Marka: MYCHARGE<br>İlçe: Erdemli<br>Şarj tipi: AC<br>Soketler: 6 × Type 2<br>Maksimum güç: 22.0 kW<br>Şarj ağı işletmecisi: MANAS İPLİK SANAYİ VE TİCARET ANONİM ŞİRKETİ<br>İstasyon no: ŞRJ/12156]]></description>
        <styleUrl>#icon-1899-0288D1</styleUrl>
        <ExtendedData>
          <Data name="Konum">
            <value>Kargıpınar Mahallesi Atsız Sokağı Erdemli / MERSİN, Mersin, Türkiye</value>
          </Data>
          <Data name="İlçe">
            <value>Erdemli</value>
          </Data>
          <Data name="Marka">
            <value>MYCHARGE</value>
          </Data>
          <Data name="Şarj Tipi">
            <value>AC</value>
          </Data>
          <Data name="AC Soket">
            <value>6.0</value>
          </Data>
          <Data name="DC Soket">
            <value>0.0</value>
          </Data>
          <Data name="Soket Özeti">
            <value>6 × Type 2</value>
          </Data>
          <Data name="Maksimum Güç (kW)">
            <value>220.0</value>
          </Data>
          <Data name="Şarj Ağı İşletmecisi">
            <value>MANAS İPLİK SANAYİ VE TİCARET ANONİM ŞİRKETİ</value>
          </Data>
          <Data name="İstasyon No">
            <value>ŞRJ/12156</value>
          </Data>
          <Data name="Adres">
            <value>Kargıpınar Mahallesi Atsız Sokağı Erdemli / MERSİN</value>
          </Data>
          <Data name="Açıklama">
            <value>Marka: MYCHARGE
İlçe: Erdemli
Şarj tipi: AC
Soketler: 6 × Type 2
Maksimum güç: 22.0 kW
Şarj ağı işletmecisi: MANAS İPLİK SANAYİ VE TİCARET ANONİM ŞİRKETİ
İstasyon no: ŞRJ/12156</value>
          </Data>
        </ExtendedData>
      </Placemark>
    </Folder>
    <Folder>
      <name>Mersin Şarj İstasyonları - 14 Ek Kayıt</name>
      <Placemark>
        <name>Mersin Tenis Kulübü</name>
        <description><![CDATA[İlçe: Yenişehir<br>Marka: Volti<br>Adres: Pirireis Mahallesi 1139 Sokağı No:1 Bucak Merkez Köyü, Yenişehir / Mersin]]></description>
        <styleUrl>#icon-1899-0288D1</styleUrl>
        <Point>
          <coordinates>
            34.614428,36.786464,0
          </coordinates>
        </Point>
      </Placemark>
      <Placemark>
        <name>ASTORŞARJ Mersin Bumer Dinlenme Tesisi</name>
        <description><![CDATA[İlçe: Silifke<br>Marka: ASTOR<br>Adres: Hırmanlı Mahallesi Kemer Sokağı No:12, Silifke / Mersin]]></description>
        <styleUrl>#icon-1899-0288D1</styleUrl>
        <Point>
          <coordinates>
            33.622201,36.215689,0
          </coordinates>
        </Point>
      </Placemark>
      <Placemark>
        <name>Karacaoğlan Parkı Mut Belediye Başkanlığı</name>
        <description><![CDATA[İlçe: Mut<br>Marka: ŞarjMatik<br>Adres: Kale Mahallesi Cumhuriyet M. Sokağı No:8, Mut / Mersin]]></description>
        <styleUrl>#icon-1899-0288D1</styleUrl>
        <Point>
          <coordinates>
            33.430829,36.636477,0
          </coordinates>
        </Point>
      </Placemark>
      <Placemark>
        <name>PO Akdeniz (Duman)</name>
        <description><![CDATA[İlçe: Akdeniz<br>Marka: 5 Şarj<br>Adres: Gazi Mahallesi İnönü Sokağı No:189, Akdeniz / Mersin]]></description>
        <styleUrl>#icon-1899-0288D1</styleUrl>
        <Point>
          <coordinates>
            34.846259,36.893405,0
          </coordinates>
        </Point>
      </Placemark>
      <Placemark>
        <name>Şahin Otomotiv, Tarsus DC</name>
        <description><![CDATA[İlçe: Tarsus<br>Marka: Otopriz<br>Adres: Beydeğirmen Mahallesi No:311/B, Tarsus / Mersin]]></description>
        <styleUrl>#icon-1899-0288D1</styleUrl>
        <Point>
          <coordinates>
            34.924474,36.923174,0
          </coordinates>
        </Point>
      </Placemark>
      <Placemark>
        <name>Öztürkler Petrol Mersin Yönü</name>
        <description><![CDATA[İlçe: Tarsus<br>Marka: ZES<br>Adres: Sayköy Mahallesi Sayköy Sokağı No:202, Tarsus / Mersin]]></description>
        <styleUrl>#icon-1899-0288D1</styleUrl>
        <Point>
          <coordinates>
            34.787558,36.940863,0
          </coordinates>
        </Point>
      </Placemark>
      <Placemark>
        <name>ASTORŞARJ Mut Özşahinler</name>
        <description><![CDATA[İlçe: Mut<br>Marka: ASTOR<br>Adres: Ortaköy Mahallesi 123 Sokağı, Mut / Mersin]]></description>
        <styleUrl>#icon-1899-0288D1</styleUrl>
        <Point>
          <coordinates>
            33.421932,36.673091,0
          </coordinates>
        </Point>
      </Placemark>
      <Placemark>
        <name>Öztürkler Petrol Adana Yönü</name>
        <description><![CDATA[İlçe: Tarsus<br>Marka: ZES<br>Adres: Sayköy Mahallesi Sayköy Sokağı No:202, Tarsus / Mersin]]></description>
        <styleUrl>#icon-1899-0288D1</styleUrl>
        <Point>
          <coordinates>
            34.794196,36.945851,0
          </coordinates>
        </Point>
      </Placemark>
      <Placemark>
        <name>Aydoğdu Opet Mezitli</name>
        <description><![CDATA[İlçe: Mezitli<br>Marka: ZES<br>Adres: Yeni Mahallesi No:730/A, Mezitli / Mersin]]></description>
        <styleUrl>#icon-1899-0288D1</styleUrl>
        <Point>
          <coordinates>
            34.535058,36.752818,0
          </coordinates>
        </Point>
      </Placemark>
      <Placemark>
        <name>Aldo Mersin - Audi</name>
        <description><![CDATA[İlçe: Mezitli<br>Marka: D-Charge<br>Adres: 75. Yıl Mahallesi No:899B, Mezitli / Mersin]]></description>
        <styleUrl>#icon-1899-0288D1</styleUrl>
        <Point>
          <coordinates>
            34.489128,36.725006,0
          </coordinates>
        </Point>
      </Placemark>
      <Placemark>
        <name>Sunpet Ufuk Petrol</name>
        <description><![CDATA[İlçe: Mut<br>Marka: WAT Mobilite<br>Adres: Ortaköy Mahallesi Mersin Karaman Yolu Sokağı No:0, Mut / Mersin]]></description>
        <styleUrl>#icon-1899-0288D1</styleUrl>
        <Point>
          <coordinates>
            33.422335,36.67424,0
          </coordinates>
        </Point>
      </Placemark>
      <Placemark>
        <name>Cumhuriyet Evler Blue Enerji</name>
        <description><![CDATA[İlçe: Toroslar<br>Marka: ŞarjMatik<br>Adres: Korukent Mahallesi 96108 Sokağı No:4/6, Toroslar / Mersin]]></description>
        <styleUrl>#icon-1899-0288D1</styleUrl>
        <Point>
          <coordinates>
            34.609116,36.852585,0
          </coordinates>
        </Point>
      </Placemark>
      <Placemark>
        <name>Mega Petrol</name>
        <description><![CDATA[İlçe: Tarsus<br>Marka: ZES<br>Adres: Öğretmenler Mahallesi Sait Polat Sokağı No:55, Tarsus / Mersin]]></description>
        <styleUrl>#icon-1899-0288D1</styleUrl>
        <Point>
          <coordinates>
            34.869165,36.902874,0
          </coordinates>
        </Point>
      </Placemark>
      <Placemark>
        <name>Durmuş Ali Sindel Şarj İstasyonu</name>
        <description><![CDATA[İlçe: Silifke<br>Marka: Orbit Enerji<br>Adres: Mara Mahallesi Tıkıltaş Sokağı No:268/A, Silifke / Mersin]]></description>
        <styleUrl>#icon-1899-0288D1</styleUrl>
        <Point>
          <coordinates>
            33.876317,36.713246,0
          </coordinates>
        </Point>
      </Placemark>
    </Folder>
  </Document>
</kml>
